Date,Day of Week,Lecture Number,Start Time,End Time,Subject,Subject Code,Faculty ID,Semester,Branch,Section,Classroom,Total Enrolled Students,Students Present,Attendance Percentage,Previous Lecture Attendance,Gap Since Previous Lecture,Practical/Theory,Internal Test Week,Assignment Due,Holiday Before/After,Weather,Special Event,Faculty Experience,Time Category,Timetable Status,Data Source,Lecture Duration (Minutes),Day of Semester,Week Number,Month,Previous Attendance Rolling Average,Consecutive Lecture Count,Days Since Last Holiday,Exam Week Flag,Assignment Due Flag,Holiday Flag,Special Event Flag,Attendance Category
08-09-2025,Monday,1,9:15,10:15,Mini Project,ITP11,JSP_Visiting,1,MCA,A,403,103,78,75.73,0.0,0.0,Project,No,No,No,Rainy,No,9.2,Morning,Provided,Synthetic development data,60.0,1,37,9,,1,21.0,0,0,0,0,High
08-09-2025,Monday,2,10:15,11:15,Advanced DBMS,IT13,MST_DPY,1,MCA,A,403,103,74,71.84,75.73,1.0,Theory,No,No,No,Sunny,No,12.0,Morning,Provided,Synthetic development data,60.0,1,37,9,75.73,2,21.0,0,0,0,0,Medium
08-09-2025,Monday,3,11:15,12:15,Python Programming,IT11,AAB_SP,1,MCA,A,403,103,84,81.55,71.84,1.0,Theory,No,No,No,Sunny,Yes,5.8,Morning,Provided,Synthetic development data,60.0,1,37,9,73.785,3,21.0,0,0,0,1,High
08-09-2025,Monday,4,13:30,14:30,"Practical based on Python Programming, Data Structure and Algorithms and Advanced DBMS",ITL11,AAB_SP_ASP_RSZ_MST_DPY,1,MCA,A,401/402,103,90,87.38,81.55,2.25,Practical,No,No,No,Rainy,No,12.3,Afternoon,Provided,Synthetic development data,60.0,1,37,9,76.37333333333333,4,21.0,0,0,0,0,High
08-09-2025,Monday,5,14:30,15:30,Organizational Behavior,IT15,MPS_KSD,1,MCA,A,403,103,76,73.79,87.38,1.0,Theory,No,No,No,Cloudy,No,5.4,Afternoon,Provided,Synthetic development data,60.0,1,37,9,80.25666666666666,5,21.0,0,0,0,0,Medium
09-09-2025,Tuesday,1,9:15,10:15,Mini Project,ITP11,JSP_Visiting,1,MCA,A,403,103,73,70.87,73.79,18.75,Project,No,No,No,Rainy,No,2.3,Morning,Provided,Synthetic development data,60.0,2,37,9,80.90666666666668,1,21.0,0,0,0,0,Medium
09-09-2025,Tuesday,2,10:15,11:15,Organizational Behavior,IT15,MPS_KSD,1,MCA,A,403,103,80,77.67,70.87,1.0,Theory,No,Yes,No,Rainy,No,4.1,Morning,Provided,Synthetic development data,60.0,2,37,9,77.34666666666668,2,21.0,0,1,0,0,High
09-09-2025,Tuesday,3,11:15,12:15,Advanced DBMS,IT13,MST_DPY,1,MCA,A,403,103,76,73.79,77.67,1.0,Theory,No,No,No,Rainy,No,2.3,Morning,Provided,Synthetic development data,60.0,2,37,9,74.11,3,21.0,0,0,0,0,Medium
09-09-2025,Tuesday,4,13:30,14:30,"Practical based on Python Programming, Data Structure and Algorithms and Advanced DBMS",ITL11,AAB_SP_ASP_RSZ_MST_DPY,1,MCA,A,401/402,103,73,70.87,73.79,2.25,Practical,No,No,No,Sunny,No,14.3,Afternoon,Provided,Synthetic development data,60.0,2,37,9,74.11000000000001,4,21.0,0,0,0,0,Medium
09-09-2025,Tuesday,5,14:30,15:30,Advanced DBMS,IT13,MST_DPY,1,MCA,A,403,103,61,59.22,70.87,1.0,Theory,No,No,No,Rainy,No,15.0,Afternoon,Provided,Synthetic development data,60.0,2,37,9,74.11000000000001,5,21.0,0,0,0,0,Medium
10-09-2025,Wednesday,1,9:15,10:15,Mini Project,ITP11,JSP_Visiting,1,MCA,A,403,103,83,80.58,59.22,18.75,Project,No,No,No,Sunny,No,11.9,Morning,Provided,Synthetic development data,60.0,3,37,9,67.96,1,21.0,0,0,0,0,High
10-09-2025,Wednesday,2,10:15,11:15,Network Technologies and Infrastructure Management,IT14,MLK,1,MCA,A,403,103,72,69.9,80.58,1.0,Theory,No,Yes,No,Rainy,No,3.4,Morning,Provided,Synthetic development data,60.0,3,37,9,70.22333333333333,2,21.0,0,1,0,0,Medium
10-09-2025,Wednesday,3,11:15,12:15,Data Structure and Algorithms,IT12,ASP_RSZ,1,MCA,A,403,103,79,76.7,69.9,1.0,Theory,No,No,No,Rainy,No,13.7,Morning,Provided,Synthetic development data,60.0,3,37,9,69.9,3,21.0,0,0,0,0,High
10-09-2025,Wednesday,4,13:30,14:30,Python Programming,IT11,AAB_SP,1,MCA,A,403,103,68,66.02,76.7,2.25,Theory,No,No,No,Sunny,No,11.7,Afternoon,Provided,Synthetic development data,60.0,3,37,9,75.72666666666667,4,21.0,0,0,0,0,Medium
10-09-2025,Wednesday,5,14:30,15:30,Network Technologies and Infrastructure Management,IT14,MLK,1,MCA,A,403,103,65,63.11,66.02,1.0,Theory,No,No,No,Rainy,No,6.3,Afternoon,Provided,Synthetic development data,60.0,3,37,9,70.87333333333333,5,21.0,0,0,0,0,Medium
11-09-2025,Thursday,1,9:15,10:15,Network Technologies and Infrastructure Management,IT14,MLK,1,MCA,A,403,103,70,67.96,63.11,18.75,Theory,No,No,No,Cloudy,No,8.5,Morning,Provided,Synthetic development data,60.0,4,37,9,68.61,1,21.0,0,0,0,0,Medium
11-09-2025,Thursday,2,10:15,11:15,Data Structure and Algorithms,IT12,ASP_RSZ,1,MCA,A,403,103,88,85.44,67.96,1.0,Theory,No,No,No,Sunny,No,10.6,Morning,Provided,Synthetic development data,60.0,4,37,9,65.69666666666667,2,21.0,0,0,0,0,High
11-09-2025,Thursday,3,11:15,12:15,Organizational Behavior,IT15,MPS_KSD,1,MCA,A,403,103,82,79.61,85.44,1.0,Theory,Yes,No,No,Cloudy,No,2.3,Morning,Provided,Synthetic development data,60.0,4,37,9,72.17,3,21.0,1,0,0,0,High
11-09-2025,Thursday,4,13:30,14:30,Advanced DBMS,IT13,MST_DPY,1,MCA,A,403,103,65,63.11,79.61,2.25,Theory,No,Yes,No,Rainy,No,8.5,Afternoon,Provided,Synthetic development data,60.0,4,37,9,77.67,4,21.0,0,1,0,0,Medium
11-09-2025,Thursday,5,14:30,15:30,Data Structure and Algorithms,IT12,ASP_RSZ,1,MCA,A,403,103,77,74.76,63.11,1.0,Theory,No,Yes,No,Cloudy,No,11.5,Afternoon,Provided,Synthetic development data,60.0,4,37,9,76.05333333333333,5,21.0,0,1,0,0,Medium
12-09-2025,Friday,1,9:15,10:15,Organizational Behavior,IT15,MPS_KSD,1,MCA,A,403,103,86,83.5,74.76,18.75,Theory,No,No,No,Cloudy,No,4.4,Morning,Provided,Synthetic development data,60.0,5,37,9,72.49333333333334,1,21.0,0,0,0,0,High
12-09-2025,Friday,2,10:15,11:15,Python Programming,IT11,AAB_SP,1,MCA,A,403,103,81,78.64,83.5,1.0,Theory,No,No,No,Sunny,No,7.8,Morning,Provided,Synthetic development data,60.0,5,37,9,73.79,2,21.0,0,0,0,0,High
12-09-2025,Friday,3,11:15,12:15,Advanced DBMS,IT13,MST_DPY,1,MCA,A,403,103,75,72.82,78.64,1.0,Theory,No,No,No,Sunny,No,8.9,Morning,Provided,Synthetic development data,60.0,5,37,9,78.96666666666667,3,21.0,0,0,0,0,Medium
12-09-2025,Friday,4,13:30,14:30,Data Structure and Algorithms,IT12,ASP_RSZ,1,MCA,A,403,103,72,69.9,72.82,2.25,Theory,No,No,No,Cloudy,No,11.6,Afternoon,Provided,Synthetic development data,60.0,5,37,9,78.32,4,21.0,0,0,0,0,Medium
12-09-2025,Friday,5,14:30,15:30,Python Programming,IT11,AAB_SP,1,MCA,A,403,103,68,66.02,69.9,1.0,Theory,No,No,No,Sunny,No,14.5,Afternoon,Provided,Synthetic development data,60.0,5,37,9,73.78666666666666,5,21.0,0,0,0,0,Medium
13-09-2025,Saturday,1,11:15,12:15,Mini Project,ITP11,JSP_Visiting,1,MCA,A,403,103,72,69.9,66.02,20.75,Project,No,No,No,Rainy,No,13.0,Morning,Provided,Synthetic development data,60.0,6,37,9,69.58,1,21.0,0,0,0,0,Medium
15-09-2025,Monday,1,9:15,10:15,Mini Project,ITP11,JSP_Visiting,1,MCA,A,403,103,72,69.9,69.9,46.0,Project,No,No,No,Sunny,No,10.1,Morning,Provided,Synthetic development data,60.0,8,38,9,68.60666666666667,1,21.0,0,0,0,0,Medium
15-09-2025,Monday,2,10:15,11:15,Advanced DBMS,IT13,MST_DPY,1,MCA,A,403,103,78,75.73,69.9,1.0,Theory,Yes,No,No,Rainy,No,9.6,Morning,Provided,Synthetic development data,60.0,8,38,9,68.60666666666667,2,21.0,1,0,0,0,High
15-09-2025,Monday,3,11:15,12:15,Python Programming,IT11,AAB_SP,1,MCA,A,403,103,86,83.5,75.73,1.0,Theory,No,No,No,Cloudy,No,9.8,Morning,Provided,Synthetic development data,60.0,8,38,9,71.84333333333335,3,21.0,0,0,0,0,High
15-09-2025,Monday,4,13:30,14:30,"Practical based on Python Programming, Data Structure and Algorithms and Advanced DBMS",ITL11,AAB_SP_ASP_RSZ_MST_DPY,1,MCA,A,401/402,103,87,84.47,83.5,2.25,Practical,No,No,No,Rainy,No,9.1,Afternoon,Provided,Synthetic development data,60.0,8,38,9,76.37666666666667,4,21.0,0,0,0,0,High
15-09-2025,Monday,5,14:30,15:30,Organizational Behavior,IT15,MPS_KSD,1,MCA,A,403,103,73,70.87,84.47,1.0,Theory,No,No,No,Sunny,No,2.8,Afternoon,Provided,Synthetic development data,60.0,8,38,9,81.23333333333333,5,21.0,0,0,0,0,Medium
16-09-2025,Tuesday,1,9:15,10:15,Mini Project,ITP11,JSP_Visiting,1,MCA,A,403,103,69,66.99,70.87,18.75,Project,No,No,No,Rainy,No,11.1,Morning,Provided,Synthetic development data,60.0,9,38,9,79.61333333333333,1,21.0,0,0,0,0,Medium
16-09-2025,Tuesday,2,10:15,11:15,Organizational Behavior,IT15,MPS_KSD,1,MCA,A,403,103,76,73.79,66.99,1.0,Theory,No,No,No,Cloudy,No,11.3,Morning,Provided,Synthetic development data,60.0,9,38,9,74.11,2,21.0,0,0,0,0,Medium
16-09-2025,Tuesday,3,11:15,12:15,Advanced DBMS,IT13,MST_DPY,1,MCA,A,403,103,79,76.7,73.79,1.0,Theory,No,No,No,Rainy,No,8.7,Morning,Provided,Synthetic development data,60.0,9,38,9,70.55,3,21.0,0,0,0,0,High
16-09-2025,Tuesday,4,13:30,14:30,"Practical based on Python Programming, Data Structure and Algorithms and Advanced DBMS",ITL11,AAB_SP_ASP_RSZ_MST_DPY,1,MCA,A,401/402,103,89,86.41,76.7,2.25,Practical,No,No,No,Sunny,No,13.3,Afternoon,Provided,Synthetic development data,60.0,9,38,9,72.49333333333334,4,21.0,0,0,0,0,High
16-09-2025,Tuesday,5,14:30,15:30,Advanced DBMS,IT13,MST_DPY,1,MCA,A,403,103,70,67.96,86.41,1.0,Theory,No,No,No,Rainy,No,10.7,Afternoon,Provided,Synthetic development data,60.0,9,38,9,78.96666666666665,5,21.0,0,0,0,0,Medium
17-09-2025,Wednesday,1,9:15,10:15,Mini Project,ITP11,JSP_Visiting,1,MCA,A,403,103,75,72.82,67.96,18.75,Project,No,No,No,Sunny,No,6.7,Morning,Provided,Synthetic development data,60.0,10,38,9,77.02333333333333,1,21.0,0,0,0,0,Medium
17-09-2025,Wednesday,2,10:15,11:15,Network Technologies and Infrastructure Management,IT14,MLK,1,MCA,A,403,103,81,78.64,72.82,1.0,Theory,No,No,No,Sunny,No,2.3,Morning,Provided,Synthetic development data,60.0,10,38,9,75.73,2,21.0,0,0,0,0,High
17-09-2025,Wednesday,3,11:15,12:15,Data Structure and Algorithms,IT12,ASP_RSZ,1,MCA,A,403,103,65,63.11,78.64,1.0,Theory,No,No,No,Sunny,No,2.8,Morning,Provided,Synthetic development data,60.0,10,38,9,73.13999999999999,3,21.0,0,0,0,0,Medium
17-09-2025,Wednesday,4,13:30,14:30,Python Programming,IT11,AAB_SP,1,MCA,A,403,103,79,76.7,63.11,2.25,Theory,No,Yes,No,Cloudy,No,6.6,Afternoon,Provided,Synthetic development data,60.0,10,38,9,71.52333333333333,4,21.0,0,1,0,0,High
17-09-2025,Wednesday,5,14:30,15:30,Network Technologies and Infrastructure Management,IT14,MLK,1,MCA,A,403,103,68,66.02,76.7,1.0,Theory,No,No,No,Cloudy,No,8.0,Afternoon,Provided,Synthetic development data,60.0,10,38,9,72.81666666666666,5,21.0,0,0,0,0,Medium
18-09-2025,Thursday,1,9:15,10:15,Network Technologies and Infrastructure Management,IT14,MLK,1,MCA,A,403,103,81,78.64,66.02,18.75,Theory,No,No,No,Cloudy,Yes,4.2,Morning,Provided,Synthetic development data,60.0,11,38,9,68.61,1,21.0,0,0,0,1,High
18-09-2025,Thursday,2,10:15,11:15,Data Structure and Algorithms,IT12,ASP_RSZ,1,MCA,A,403,103,76,73.79,78.64,1.0,Theory,No,No,No,Sunny,Yes,4.5,Morning,Provided,Synthetic development data,60.0,11,38,9,73.78666666666668,2,21.0,0,0,0,1,Medium
18-09-2025,Thursday,3,11:15,12:15,Organizational Behavior,IT15,MPS_KSD,1,MCA,A,403,103,78,75.73,73.79,1.0,Theory,No,No,No,Rainy,No,5.0,Morning,Provided,Synthetic development data,60.0,11,38,9,72.81666666666668,3,21.0,0,0,0,0,High
18-09-2025,Thursday,4,13:30,14:30,Advanced DBMS,IT13,MST_DPY,1,MCA,A,403,103,67,65.05,75.73,2.25,Theory,No,Yes,No,Cloudy,No,12.1,Afternoon,Provided,Synthetic development data,60.0,11,38,9,76.05333333333334,4,21.0,0,1,0,0,Medium
18-09-2025,Thursday,5,14:30,15:30,Data Structure and Algorithms,IT12,ASP_RSZ,1,MCA,A,403,103,78,75.73,65.05,1.0,Theory,No,No,No,Rainy,No,12.0,Afternoon,Provided,Synthetic development data,60.0,11,38,9,71.52333333333334,5,21.0,0,0,0,0,High
19-09-2025,Friday,1,9:15,10:15,Organizational Behavior,IT15,MPS_KSD,1,MCA,A,403,103,79,76.7,75.73,18.75,Theory,No,No,No,Sunny,No,7.0,Morning,Provided,Synthetic development data,60.0,12,38,9,72.17,1,21.0,0,0,0,0,High
19-09-2025,Friday,2,10:15,11:15,Python Programming,IT11,AAB_SP,1,MCA,A,403,103,79,76.7,76.7,1.0,Theory,No,No,No,Rainy,No,4.2,Morning,Provided,Synthetic development data,60.0,12,38,9,72.49333333333333,2,21.0,0,0,0,0,High
19-09-2025,Friday,3,11:15,12:15,Advanced DBMS,IT13,MST_DPY,1,MCA,A,403,103,73,70.87,76.7,1.0,Theory,No,No,No,Rainy,No,3.4,Morning,Provided,Synthetic development data,60.0,12,38,9,76.37666666666667,3,21.0,0,0,0,0,Medium
19-09-2025,Friday,4,13:30,14:30,Data Structure and Algorithms,IT12,ASP_RSZ,1,MCA,A,403,103,66,64.08,70.87,2.25,Theory,No,No,No,Sunny,No,3.1,Afternoon,Provided,Synthetic development data,60.0,12,38,9,74.75666666666666,4,21.0,0,0,0,0,Medium
19-09-2025,Friday,5,14:30,15:30,Python Programming,IT11,AAB_SP,1,MCA,A,403,103,77,74.76,64.08,1.0,Theory,No,No,No,Sunny,No,7.1,Afternoon,Provided,Synthetic development data,60.0,12,38,9,70.55,5,21.0,0,0,0,0,Medium
20-09-2025,Saturday,1,11:15,12:15,Mini Project,ITP11,JSP_Visiting,1,MCA,A,403,103,68,66.02,74.76,20.75,Project,Yes,No,No,Rainy,No,2.6,Morning,Provided,Synthetic development data,60.0,13,38,9,69.90333333333332,1,21.0,1,0,0,0,Medium
22-09-2025,Monday,1,9:15,10:15,Mini Project,ITP11,JSP_Visiting,1,MCA,A,403,103,74,71.84,66.02,46.0,Project,No,No,No,Rainy,No,6.3,Morning,Provided,Synthetic development data,60.0,15,39,9,68.28666666666666,1,21.0,0,0,0,0,Medium
22-09-2025,Monday,2,10:15,11:15,Advanced DBMS,IT13,MST_DPY,1,MCA,A,403,103,77,74.76,71.84,1.0,Theory,No,No,No,Cloudy,No,14.5,Morning,Provided,Synthetic development data,60.0,15,39,9,70.87333333333333,2,21.0,0,0,0,0,Medium
22-09-2025,Monday,3,11:15,12:15,Python Programming,IT11,AAB_SP,1,MCA,A,403,103,90,87.38,74.76,1.0,Theory,No,No,No,Sunny,No,8.6,Morning,Provided,Synthetic development data,60.0,15,39,9,70.87333333333333,3,21.0,0,0,0,0,High
22-09-2025,Monday,4,13:30,14:30,"Practical based on Python Programming, Data Structure and Algorithms and Advanced DBMS",ITL11,AAB_SP_ASP_RSZ_MST_DPY,1,MCA,A,401/402,103,83,80.58,87.38,2.25,Practical,No,No,No,Sunny,No,12.7,Afternoon,Provided,Synthetic development data,60.0,15,39,9,77.99333333333334,4,21.0,0,0,0,0,High
22-09-2025,Monday,5,14:30,15:30,Organizational Behavior,IT15,MPS_KSD,1,MCA,A,403,103,79,76.7,80.58,1.0,Theory,No,No,No,Sunny,No,3.7,Afternoon,Provided,Synthetic development data,60.0,15,39,9,80.90666666666667,5,21.0,0,0,0,0,High
23-09-2025,Tuesday,1,9:15,10:15,Mini Project,ITP11,JSP_Visiting,1,MCA,A,403,103,74,71.84,76.7,18.75,Project,No,No,No,Rainy,No,5.5,Morning,Provided,Synthetic development data,60.0,16,39,9,81.55333333333333,1,21.0,0,0,0,0,Medium
23-09-2025,Tuesday,2,10:15,11:15,Organizational Behavior,IT15,MPS_KSD,1,MCA,A,403,103,84,81.55,71.84,1.0,Theory,No,No,No,Rainy,No,14.3,Morning,Provided,Synthetic development data,60.0,16,39,9,76.37333333333333,2,21.0,0,0,0,0,High
23-09-2025,Tuesday,3,11:15,12:15,Advanced DBMS,IT13,MST_DPY,1,MCA,A,403,103,75,72.82,81.55,1.0,Theory,No,No,No,Cloudy,No,7.0,Morning,Provided,Synthetic development data,60.0,16,39,9,76.69666666666667,3,21.0,0,0,0,0,Medium
23-09-2025,Tuesday,4,13:30,14:30,"Practical based on Python Programming, Data Structure and Algorithms and Advanced DBMS",ITL11,AAB_SP_ASP_RSZ_MST_DPY,1,MCA,A,401/402,103,76,73.79,72.82,2.25,Practical,No,No,No,Sunny,No,10.4,Afternoon,Provided,Synthetic development data,60.0,16,39,9,75.40333333333332,4,21.0,0,0,0,0,Medium
23-09-2025,Tuesday,5,14:30,15:30,Advanced DBMS,IT13,MST_DPY,1,MCA,A,403,103,76,73.79,73.79,1.0,Theory,No,No,No,Rainy,No,14.7,Afternoon,Provided,Synthetic development data,60.0,16,39,9,76.05333333333334,5,21.0,0,0,0,0,Medium
24-09-2025,Wednesday,1,9:15,10:15,Mini Project,ITP11,JSP_Visiting,1,MCA,A,403,103,78,75.73,73.79,18.75,Project,No,Yes,No,Cloudy,No,9.2,Morning,Provided,Synthetic development data,60.0,17,39,9,73.46666666666667,1,21.0,0,1,0,0,High
24-09-2025,Wednesday,2,10:15,11:15,Network Technologies and Infrastructure Management,IT14,MLK,1,MCA,A,403,103,84,81.55,75.73,1.0,Theory,No,No,No,Sunny,No,6.0,Morning,Provided,Synthetic development data,60.0,17,39,9,74.43666666666667,2,21.0,0,0,0,0,High
24-09-2025,Wednesday,3,11:15,12:15,Data Structure and Algorithms,IT12,ASP_RSZ,1,MCA,A,403,103,73,70.87,81.55,1.0,Theory,No,No,No,Sunny,No,8.9,Morning,Provided,Synthetic development data,60.0,17,39,9,77.02333333333333,3,21.0,0,0,0,0,Medium
24-09-2025,Wednesday,4,13:30,14:30,Python Programming,IT11,AAB_SP,1,MCA,A,403,103,72,69.9,70.87,2.25,Theory,No,Yes,No,Rainy,No,2.7,Afternoon,Provided,Synthetic development data,60.0,17,39,9,76.05,4,21.0,0,1,0,0,Medium
24-09-2025,Wednesday,5,14:30,15:30,Network Technologies and Infrastructure Management,IT14,MLK,1,MCA,A,403,103,68,66.02,69.9,1.0,Theory,No,No,No,Rainy,No,3.5,Afternoon,Provided,Synthetic development data,60.0,17,39,9,74.10666666666667,5,21.0,0,0,0,0,Medium
25-09-2025,Thursday,1,9:15,10:15,Network Technologies and Infrastructure Management,IT14,MLK,1,MCA,A,403,103,68,66.02,66.02,18.75,Theory,No,No,No,Rainy,No,2.1,Morning,Provided,Synthetic development data,60.0,18,39,9,68.93,1,21.0,0,0,0,0,Medium
25-09-2025,Thursday,2,10:15,11:15,Data Structure and Algorithms,IT12,ASP_RSZ,1,MCA,A,403,103,86,83.5,66.02,1.0,Theory,Yes,No,No,Cloudy,No,13.5,Morning,Provided,Synthetic development data,60.0,18,39,9,67.31333333333333,2,21.0,1,0,0,0,High
25-09-2025,Thursday,3,11:15,12:15,Organizational Behavior,IT15,MPS_KSD,1,MCA,A,403,103,78,75.73,83.5,1.0,Theory,No,No,No,Cloudy,No,10.7,Morning,Provided,Synthetic development data,60.0,18,39,9,71.84666666666666,3,21.0,0,0,0,0,High
25-09-2025,Thursday,4,13:30,14:30,Advanced DBMS,IT13,MST_DPY,1,MCA,A,403,103,68,66.02,75.73,2.25,Theory,No,No,No,Sunny,No,5.9,Afternoon,Provided,Synthetic development data,60.0,18,39,9,75.08333333333333,4,21.0,0,0,0,0,Medium
25-09-2025,Thursday,5,14:30,15:30,Data Structure and Algorithms,IT12,ASP_RSZ,1,MCA,A,403,103,77,74.76,66.02,1.0,Theory,No,No,No,Sunny,No,4.9,Afternoon,Provided,Synthetic development data,60.0,18,39,9,75.08333333333333,5,21.0,0,0,0,0,Medium
26-09-2025,Friday,1,9:15,10:15,Organizational Behavior,IT15,MPS_KSD,1,MCA,A,403,103,84,81.55,74.76,18.75,Theory,No,Yes,No,Sunny,No,10.9,Morning,Provided,Synthetic development data,60.0,19,39,9,72.17,1,21.0,0,1,0,0,High
26-09-2025,Friday,2,10:15,11:15,Python Programming,IT11,AAB_SP,1,MCA,A,403,103,84,81.55,81.55,1.0,Theory,No,Yes,No,Rainy,No,14.0,Morning,Provided,Synthetic development data,60.0,19,39,9,74.11,2,21.0,0,1,0,0,High
26-09-2025,Friday,3,11:15,12:15,Advanced DBMS,IT13,MST_DPY,1,MCA,A,403,103,69,66.99,81.55,1.0,Theory,Yes,No,No,Sunny,No,5.9,Morning,Provided,Synthetic development data,60.0,19,39,9,79.28666666666668,3,21.0,1,0,0,0,Medium
26-09-2025,Friday,4,13:30,14:30,Data Structure and Algorithms,IT12,ASP_RSZ,1,MCA,A,403,103,66,64.08,66.99,2.25,Theory,No,No,No,Rainy,No,6.2,Afternoon,Provided,Synthetic development data,60.0,19,39,9,76.69666666666667,4,21.0,0,0,0,0,Medium
26-09-2025,Friday,5,14:30,15:30,Python Programming,IT11,AAB_SP,1,MCA,A,403,103,78,75.73,64.08,1.0,Theory,No,Yes,No,Cloudy,No,13.1,Afternoon,Provided,Synthetic development data,60.0,19,39,9,70.87333333333333,5,21.0,0,1,0,0,High
27-09-2025,Saturday,1,11:15,12:15,Mini Project,ITP11,JSP_Visiting,1,MCA,A,403,103,72,69.9,75.73,20.75,Project,No,No,No,Cloudy,No,13.6,Morning,Provided,Synthetic development data,60.0,20,39,9,68.93333333333332,1,21.0,0,0,0,0,Medium
29-09-2025,Monday,1,9:15,10:15,Mini Project,ITP11,JSP_Visiting,1,MCA,A,403,103,85,82.52,69.9,46.0,Project,No,No,No,Cloudy,No,13.9,Morning,Provided,Synthetic development data,60.0,22,40,9,69.90333333333334,1,21.0,0,0,0,0,High
29-09-2025,Monday,2,10:15,11:15,Advanced DBMS,IT13,MST_DPY,1,MCA,A,403,103,78,75.73,82.52,1.0,Theory,No,No,No,Rainy,No,5.8,Morning,Provided,Synthetic development data,60.0,22,40,9,76.05,2,21.0,0,0,0,0,High
29-09-2025,Monday,3,11:15,12:15,Python Programming,IT11,AAB_SP,1,MCA,A,403,103,74,71.84,75.73,1.0,Theory,No,No,No,Sunny,No,3.6,Morning,Provided,Synthetic development data,60.0,22,40,9,76.05,3,21.0,0,0,0,0,Medium
29-09-2025,Monday,4,13:30,14:30,"Practical based on Python Programming, Data Structure and Algorithms and Advanced DBMS",ITL11,AAB_SP_ASP_RSZ_MST_DPY,1,MCA,A,401/402,103,86,83.5,71.84,2.25,Practical,No,No,No,Rainy,No,7.7,Afternoon,Provided,Synthetic development data,60.0,22,40,9,76.69666666666667,4,21.0,0,0,0,0,High
29-09-2025,Monday,5,14:30,15:30,Organizational Behavior,IT15,MPS_KSD,1,MCA,A,403,103,72,69.9,83.5,1.0,Theory,No,No,No,Rainy,No,5.8,Afternoon,Provided,Synthetic development data,60.0,22,40,9,77.02333333333333,5,21.0,0,0,0,0,Medium
30-09-2025,Tuesday,1,9:15,10:15,Mini Project,ITP11,JSP_Visiting,1,MCA,A,403,103,79,76.7,69.9,18.75,Project,No,No,No,Cloudy,No,13.5,Morning,Provided,Synthetic development data,60.0,23,40,9,75.08,1,21.0,0,0,0,0,High
30-09-2025,Tuesday,2,10:15,11:15,Organizational Behavior,IT15,MPS_KSD,1,MCA,A,403,103,92,89.32,76.7,1.0,Theory,Yes,No,No,Sunny,No,2.5,Morning,Provided,Synthetic development data,60.0,23,40,9,76.7,2,21.0,1,0,0,0,High
30-09-2025,Tuesday,3,11:15,12:15,Advanced DBMS,IT13,MST_DPY,1,MCA,A,403,103,74,71.84,89.32,1.0,Theory,No,No,No,Cloudy,No,10.2,Morning,Provided,Synthetic development data,60.0,23,40,9,78.64,3,21.0,0,0,0,0,Medium
30-09-2025,Tuesday,4,13:30,14:30,"Practical based on Python Programming, Data Structure and Algorithms and Advanced DBMS",ITL11,AAB_SP_ASP_RSZ_MST_DPY,1,MCA,A,401/402,103,79,76.7,71.84,2.25,Practical,No,Yes,No,Cloudy,No,13.8,Afternoon,Provided,Synthetic development data,60.0,23,40,9,79.28666666666668,4,21.0,0,1,0,0,High
30-09-2025,Tuesday,5,14:30,15:30,Advanced DBMS,IT13,MST_DPY,1,MCA,A,403,103,65,63.11,76.7,1.0,Theory,No,No,No,Sunny,No,14.7,Afternoon,Provided,Synthetic development data,60.0,23,40,9,79.28666666666668,5,21.0,0,0,0,0,Medium
01-10-2025,Wednesday,1,9:15,10:15,Mini Project,ITP11,JSP_Visiting,1,MCA,A,403,103,69,66.99,63.11,18.75,Project,No,Yes,Yes,Rainy,No,10.5,Morning,Provided,Synthetic development data,60.0,24,40,10,70.55000000000001,1,21.0,0,1,1,0,Medium
01-10-2025,Wednesday,2,10:15,11:15,Network Technologies and Infrastructure Management,IT14,MLK,1,MCA,A,403,103,74,71.84,66.99,1.0,Theory,No,No,Yes,Sunny,No,14.3,Morning,Provided,Synthetic development data,60.0,24,40,10,68.93333333333332,2,21.0,0,0,1,0,Medium
01-10-2025,Wednesday,3,11:15,12:15,Data Structure and Algorithms,IT12,ASP_RSZ,1,MCA,A,403,103,71,68.93,71.84,1.0,Theory,No,Yes,Yes,Rainy,No,3.0,Morning,Provided,Synthetic development data,60.0,24,40,10,67.31333333333333,3,21.0,0,1,1,0,Medium
01-10-2025,Wednesday,4,13:30,14:30,Python Programming,IT11,AAB_SP,1,MCA,A,403,103,83,80.58,68.93,2.25,Theory,No,No,Yes,Sunny,No,6.7,Afternoon,Provided,Synthetic development data,60.0,24,40,10,69.25333333333333,4,21.0,0,0,1,0,High
01-10-2025,Wednesday,5,14:30,15:30,Network Technologies and Infrastructure Management,IT14,MLK,1,MCA,A,403,103,65,63.11,80.58,1.0,Theory,No,No,Yes,Rainy,No,2.1,Afternoon,Provided,Synthetic development data,60.0,24,40,10,73.78333333333335,5,21.0,0,0,1,0,Medium
03-10-2025,Friday,1,9:15,10:15,Organizational Behavior,IT15,MPS_KSD,1,MCA,A,403,103,79,76.7,63.11,42.75,Theory,No,No,Yes,Sunny,No,14.8,Morning,Provided,Synthetic development data,60.0,26,40,10,70.87333333333333,1,2.0,0,0,1,0,High
03-10-2025,Friday,2,10:15,11:15,Python Programming,IT11,AAB_SP,1,MCA,A,403,103,74,71.84,76.7,1.0,Theory,No,No,Yes,Cloudy,No,13.7,Morning,Provided,Synthetic development data,60.0,26,40,10,73.46333333333332,2,2.0,0,0,1,0,Medium
03-10-2025,Friday,3,11:15,12:15,Advanced DBMS,IT13,MST_DPY,1,MCA,A,403,103,65,63.11,71.84,1.0,Theory,No,No,Yes,Sunny,No,2.4,Morning,Provided,Synthetic development data,60.0,26,40,10,70.55000000000001,3,2.0,0,0,1,0,Medium
03-10-2025,Friday,4,13:30,14:30,Data Structure and Algorithms,IT12,ASP_RSZ,1,MCA,A,403,103,59,57.28,63.11,2.25,Theory,No,No,Yes,Rainy,No,2.2,Afternoon,Provided,Synthetic development data,60.0,26,40,10,70.55,4,2.0,0,0,1,0,Medium
03-10-2025,Friday,5,14:30,15:30,Python Programming,IT11,AAB_SP,1,MCA,A,403,103,67,65.05,57.28,1.0,Theory,No,No,Yes,Rainy,No,6.8,Afternoon,Provided,Synthetic development data,60.0,26,40,10,64.07666666666667,5,2.0,0,0,1,0,Medium
04-10-2025,Saturday,1,11:15,12:15,Mini Project,ITP11,JSP_Visiting,1,MCA,A,403,103,65,63.11,65.05,20.75,Project,No,No,No,Sunny,No,5.4,Morning,Provided,Synthetic development data,60.0,27,40,10,61.81333333333333,1,1.0,0,0,0,0,Medium
06-10-2025,Monday,1,9:15,10:15,Mini Project,ITP11,JSP_Visiting,1,MCA,A,403,103,75,72.82,63.11,46.0,Project,No,No,No,Cloudy,No,13.0,Morning,Provided,Synthetic development data,60.0,29,41,10,61.81333333333333,1,3.0,0,0,0,0,Medium
06-10-2025,Monday,2,10:15,11:15,Advanced DBMS,IT13,MST_DPY,1,MCA,A,403,103,69,66.99,72.82,1.0,Theory,No,No,No,Sunny,No,4.1,Morning,Provided,Synthetic development data,60.0,29,41,10,66.99333333333333,2,3.0,0,0,0,0,Medium
06-10-2025,Monday,3,11:15,12:15,Python Programming,IT11,AAB_SP,1,MCA,A,403,103,82,79.61,66.99,1.0,Theory,No,No,No,Sunny,No,12.3,Morning,Provided,Synthetic development data,60.0,29,41,10,67.64,3,3.0,0,0,0,0,High
06-10-2025,Monday,4,13:30,14:30,"Practical based on Python Programming, Data Structure and Algorithms and Advanced DBMS",ITL11,AAB_SP_ASP_RSZ_MST_DPY,1,MCA,A,401/402,103,85,82.52,79.61,2.25,Practical,No,Yes,No,Sunny,No,9.2,Afternoon,Provided,Synthetic development data,60.0,29,41,10,73.14,4,3.0,0,1,0,0,High
06-10-2025,Monday,5,14:30,15:30,Organizational Behavior,IT15,MPS_KSD,1,MCA,A,403,103,83,80.58,82.52,1.0,Theory,No,No,No,Rainy,No,6.9,Afternoon,Provided,Synthetic development data,60.0,29,41,10,76.37333333333333,5,3.0,0,0,0,0,High
07-10-2025,Tuesday,1,9:15,10:15,Mini Project,ITP11,JSP_Visiting,1,MCA,A,403,103,78,75.73,80.58,18.75,Project,No,No,No,Rainy,No,3.9,Morning,Provided,Synthetic development data,60.0,30,41,10,80.90333333333332,1,4.0,0,0,0,0,High
07-10-2025,Tuesday,2,10:15,11:15,Organizational Behavior,IT15,MPS_KSD,1,MCA,A,403,103,100,97.09,75.73,1.0,Theory,No,No,No,Sunny,No,15.0,Morning,Provided,Synthetic development data,60.0,30,41,10,79.61,2,4.0,0,0,0,0,High
07-10-2025,Tuesday,3,11:15,12:15,Advanced DBMS,IT13,MST_DPY,1,MCA,A,403,103,78,75.73,97.09,1.0,Theory,No,No,No,Sunny,No,10.0,Morning,Provided,Synthetic development data,60.0,30,41,10,84.46666666666668,3,4.0,0,0,0,0,High
07-10-2025,Tuesday,4,13:30,14:30,"Practical based on Python Programming, Data Structure and Algorithms and Advanced DBMS",ITL11,AAB_SP_ASP_RSZ_MST_DPY,1,MCA,A,401/402,103,88,85.44,75.73,2.25,Practical,No,No,No,Rainy,No,7.7,Afternoon,Provided,Synthetic development data,60.0,30,41,10,82.85000000000001,4,4.0,0,0,0,0,High
07-10-2025,Tuesday,5,14:30,15:30,Advanced DBMS,IT13,MST_DPY,1,MCA,A,403,103,75,72.82,85.44,1.0,Theory,No,No,No,Cloudy,No,6.8,Afternoon,Provided,Synthetic development data,60.0,30,41,10,86.08666666666666,5,4.0,0,0,0,0,Medium
08-10-2025,Wednesday,1,9:15,10:15,Mini Project,ITP11,JSP_Visiting,1,MCA,A,403,103,73,70.87,72.82,18.75,Project,No,No,No,Cloudy,No,13.8,Morning,Provided,Synthetic development data,60.0,31,41,10,77.99666666666667,1,5.0,0,0,0,0,Medium
08-10-2025,Wednesday,2,10:15,11:15,Network Technologies and Infrastructure Management,IT14,MLK,1,MCA,A,403,103,74,71.84,70.87,1.0,Theory,No,Yes,No,Sunny,No,12.7,Morning,Provided,Synthetic development data,60.0,31,41,10,76.37666666666667,2,5.0,0,1,0,0,Medium
08-10-2025,Wednesday,3,11:15,12:15,Data Structure and Algorithms,IT12,ASP_RSZ,1,MCA,A,403,103,90,87.38,71.84,1.0,Theory,No,No,No,Rainy,No,12.5,Morning,Provided,Synthetic development data,60.0,31,41,10,71.84333333333333,3,5.0,0,0,0,0,High
08-10-2025,Wednesday,4,13:30,14:30,Python Programming,IT11,AAB_SP,1,MCA,A,403,103,66,64.08,87.38,2.25,Theory,No,No,No,Rainy,No,10.0,Afternoon,Provided,Synthetic development data,60.0,31,41,10,76.69666666666667,4,5.0,0,0,0,0,Medium
08-10-2025,Wednesday,5,14:30,15:30,Network Technologies and Infrastructure Management,IT14,MLK,1,MCA,A,403,103,72,69.9,64.08,1.0,Theory,No,No,No,Rainy,No,13.5,Afternoon,Provided,Synthetic development data,60.0,31,41,10,74.43333333333334,5,5.0,0,0,0,0,Medium
09-10-2025,Thursday,1,9:15,10:15,Network Technologies and Infrastructure Management,IT14,MLK,1,MCA,A,403,103,69,66.99,69.9,18.75,Theory,No,No,No,Rainy,Yes,5.9,Morning,Provided,Synthetic development data,60.0,32,41,10,73.78666666666668,1,6.0,0,0,0,1,Medium
09-10-2025,Thursday,2,10:15,11:15,Data Structure and Algorithms,IT12,ASP_RSZ,1,MCA,A,403,103,82,79.61,66.99,1.0,Theory,No,No,No,Cloudy,No,11.1,Morning,Provided,Synthetic development data,60.0,32,41,10,66.99,2,6.0,0,0,0,0,High
09-10-2025,Thursday,3,11:15,12:15,Organizational Behavior,IT15,MPS_KSD,1,MCA,A,403,103,79,76.7,79.61,1.0,Theory,No,No,No,Cloudy,No,7.3,Morning,Provided,Synthetic development data,60.0,32,41,10,72.16666666666667,3,6.0,0,0,0,0,High
09-10-2025,Thursday,4,13:30,14:30,Advanced DBMS,IT13,MST_DPY,1,MCA,A,403,103,71,68.93,76.7,2.25,Theory,No,No,No,Rainy,No,9.8,Afternoon,Provided,Synthetic development data,60.0,32,41,10,74.43333333333334,4,6.0,0,0,0,0,Medium
09-10-2025,Thursday,5,14:30,15:30,Data Structure and Algorithms,IT12,ASP_RSZ,1,MCA,A,403,103,73,70.87,68.93,1.0,Theory,No,No,No,Cloudy,No,15.0,Afternoon,Provided,Synthetic development data,60.0,32,41,10,75.08,5,6.0,0,0,0,0,Medium
10-10-2025,Friday,1,9:15,10:15,Organizational Behavior,IT15,MPS_KSD,1,MCA,A,403,103,79,76.7,70.87,18.75,Theory,No,No,No,Sunny,No,14.8,Morning,Provided,Synthetic development data,60.0,33,41,10,72.16666666666667,1,7.0,0,0,0,0,High
10-10-2025,Friday,2,10:15,11:15,Python Programming,IT11,AAB_SP,1,MCA,A,403,103,85,82.52,76.7,1.0,Theory,No,No,No,Rainy,No,8.7,Morning,Provided,Synthetic development data,60.0,33,41,10,72.16666666666667,2,7.0,0,0,0,0,High
10-10-2025,Friday,3,11:15,12:15,Advanced DBMS,IT13,MST_DPY,1,MCA,A,403,103,71,68.93,82.52,1.0,Theory,No,No,No,Rainy,No,9.5,Morning,Provided,Synthetic development data,60.0,33,41,10,76.69666666666667,3,7.0,0,0,0,0,Medium
10-10-2025,Friday,4,13:30,14:30,Data Structure and Algorithms,IT12,ASP_RSZ,1,MCA,A,403,103,73,70.87,68.93,2.25,Theory,No,No,No,Sunny,No,13.7,Afternoon,Provided,Synthetic development data,60.0,33,41,10,76.05,4,7.0,0,0,0,0,Medium
10-10-2025,Friday,5,14:30,15:30,Python Programming,IT11,AAB_SP,1,MCA,A,403,103,78,75.73,70.87,1.0,Theory,No,No,No,Rainy,No,14.8,Afternoon,Provided,Synthetic development data,60.0,33,41,10,74.10666666666667,5,7.0,0,0,0,0,High
11-10-2025,Saturday,1,11:15,12:15,Mini Project,ITP11,JSP_Visiting,1,MCA,A,403,103,79,76.7,75.73,20.75,Project,Yes,No,No,Sunny,No,12.1,Morning,Provided,Synthetic development data,60.0,34,41,10,71.84333333333335,1,8.0,1,0,0,0,High
13-10-2025,Monday,1,9:15,10:15,Mini Project,ITP11,JSP_Visiting,1,MCA,A,403,103,69,66.99,76.7,46.0,Project,No,No,No,Sunny,No,2.8,Morning,Provided,Synthetic development data,60.0,36,42,10,74.43333333333334,1,10.0,0,0,0,0,Medium
13-10-2025,Monday,2,10:15,11:15,Advanced DBMS,IT13,MST_DPY,1,MCA,A,403,103,80,77.67,66.99,1.0,Theory,No,No,No,Sunny,No,6.2,Morning,Provided,Synthetic development data,60.0,36,42,10,73.14,2,10.0,0,0,0,0,High
13-10-2025,Monday,3,11:15,12:15,Python Programming,IT11,AAB_SP,1,MCA,A,403,103,91,88.35,77.67,1.0,Theory,No,No,No,Cloudy,No,13.7,Morning,Provided,Synthetic development data,60.0,36,42,10,73.78666666666666,3,10.0,0,0,0,0,High
13-10-2025,Monday,4,13:30,14:30,"Practical based on Python Programming, Data Structure and Algorithms and Advanced DBMS",ITL11,AAB_SP_ASP_RSZ_MST_DPY,1,MCA,A,401/402,103,88,85.44,88.35,2.25,Practical,No,No,No,Sunny,No,12.0,Afternoon,Provided,Synthetic development data,60.0,36,42,10,77.67,4,10.0,0,0,0,0,High
13-10-2025,Monday,5,14:30,15:30,Organizational Behavior,IT15,MPS_KSD,1,MCA,A,403,103,69,66.99,85.44,1.0,Theory,No,No,No,Rainy,No,11.6,Afternoon,Provided,Synthetic development data,60.0,36,42,10,83.82,5,10.0,0,0,0,0,Medium
14-10-2025,Tuesday,1,9:15,10:15,Mini Project,ITP11,JSP_Visiting,1,MCA,A,403,103,70,67.96,66.99,18.75,Project,No,No,No,Rainy,No,10.7,Morning,Provided,Synthetic development data,60.0,37,42,10,80.25999999999999,1,11.0,0,0,0,0,Medium
14-10-2025,Tuesday,2,10:15,11:15,Organizational Behavior,IT15,MPS_KSD,1,MCA,A,403,103,82,79.61,67.96,1.0,Theory,No,No,No,Sunny,No,7.4,Morning,Provided,Synthetic development data,60.0,37,42,10,73.46333333333332,2,11.0,0,0,0,0,High
14-10-2025,Tuesday,3,11:15,12:15,Advanced DBMS,IT13,MST_DPY,1,MCA,A,403,103,58,56.31,79.61,1.0,Theory,No,No,No,Rainy,No,7.2,Morning,Provided,Synthetic development data,60.0,37,42,10,71.52,3,11.0,0,0,0,0,Medium
14-10-2025,Tuesday,4,13:30,14:30,"Practical based on Python Programming, Data Structure and Algorithms and Advanced DBMS",ITL11,AAB_SP_ASP_RSZ_MST_DPY,1,MCA,A,401/402,103,77,74.76,56.31,2.25,Practical,No,No,No,Rainy,No,12.5,Afternoon,Provided,Synthetic development data,60.0,37,42,10,67.96,4,11.0,0,0,0,0,Medium
14-10-2025,Tuesday,5,14:30,15:30,Advanced DBMS,IT13,MST_DPY,1,MCA,A,403,103,69,66.99,74.76,1.0,Theory,No,No,No,Rainy,No,5.8,Afternoon,Provided,Synthetic development data,60.0,37,42,10,70.22666666666667,5,11.0,0,0,0,0,Medium
15-10-2025,Wednesday,1,9:15,10:15,Mini Project,ITP11,JSP_Visiting,1,MCA,A,403,103,83,80.58,66.99,18.75,Project,Yes,No,No,Sunny,No,10.9,Morning,Provided,Synthetic development data,60.0,38,42,10,66.02,1,12.0,1,0,0,0,High
15-10-2025,Wednesday,2,10:15,11:15,Network Technologies and Infrastructure Management,IT14,MLK,1,MCA,A,403,103,66,64.08,80.58,1.0,Theory,No,Yes,No,Sunny,No,11.4,Morning,Provided,Synthetic development data,60.0,38,42,10,74.11,2,12.0,0,1,0,0,Medium
15-10-2025,Wednesday,3,11:15,12:15,Data Structure and Algorithms,IT12,ASP_RSZ,1,MCA,A,403,103,84,81.55,64.08,1.0,Theory,No,No,No,Rainy,No,13.0,Morning,Provided,Synthetic development data,60.0,38,42,10,70.55,3,12.0,0,0,0,0,High
15-10-2025,Wednesday,4,13:30,14:30,Python Programming,IT11,AAB_SP,1,MCA,A,403,103,75,72.82,81.55,2.25,Theory,No,No,No,Cloudy,No,6.2,Afternoon,Provided,Synthetic development data,60.0,38,42,10,75.40333333333332,4,12.0,0,0,0,0,Medium
15-10-2025,Wednesday,5,14:30,15:30,Network Technologies and Infrastructure Management,IT14,MLK,1,MCA,A,403,103,63,61.17,72.82,1.0,Theory,No,No,No,Cloudy,No,11.6,Afternoon,Provided,Synthetic development data,60.0,38,42,10,72.81666666666666,5,12.0,0,0,0,0,Medium
16-10-2025,Thursday,1,9:15,10:15,Network Technologies and Infrastructure Management,IT14,MLK,1,MCA,A,403,103,74,71.84,61.17,18.75,Theory,No,No,No,Rainy,No,3.4,Morning,Provided,Synthetic development data,60.0,39,42,10,71.84666666666668,1,13.0,0,0,0,0,Medium
16-10-2025,Thursday,2,10:15,11:15,Data Structure and Algorithms,IT12,ASP_RSZ,1,MCA,A,403,103,82,79.61,71.84,1.0,Theory,No,No,No,Rainy,No,3.8,Morning,Provided,Synthetic development data,60.0,39,42,10,68.61,2,13.0,0,0,0,0,High
16-10-2025,Thursday,3,11:15,12:15,Organizational Behavior,IT15,MPS_KSD,1,MCA,A,403,103,91,88.35,79.61,1.0,Theory,No,No,No,Rainy,No,7.4,Morning,Provided,Synthetic development data,60.0,39,42,10,70.87333333333333,3,13.0,0,0,0,0,High
16-10-2025,Thursday,4,13:30,14:30,Advanced DBMS,IT13,MST_DPY,1,MCA,A,403,103,64,62.14,88.35,2.25,Theory,No,No,No,Sunny,No,2.7,Afternoon,Provided,Synthetic development data,60.0,39,42,10,79.93333333333332,4,13.0,0,0,0,0,Medium
16-10-2025,Thursday,5,14:30,15:30,Data Structure and Algorithms,IT12,ASP_RSZ,1,MCA,A,403,103,84,81.55,62.14,1.0,Theory,No,No,No,Sunny,No,14.3,Afternoon,Provided,Synthetic development data,60.0,39,42,10,76.69999999999999,5,13.0,0,0,0,0,High
17-10-2025,Friday,1,9:15,10:15,Organizational Behavior,IT15,MPS_KSD,1,MCA,A,403,103,81,78.64,81.55,18.75,Theory,No,No,No,Sunny,No,13.7,Morning,Provided,Synthetic development data,60.0,40,42,10,77.34666666666666,1,14.0,0,0,0,0,High
17-10-2025,Friday,2,10:15,11:15,Python Programming,IT11,AAB_SP,1,MCA,A,403,103,78,75.73,78.64,1.0,Theory,No,No,No,Sunny,No,2.6,Morning,Provided,Synthetic development data,60.0,40,42,10,74.11,2,14.0,0,0,0,0,High
17-10-2025,Friday,3,11:15,12:15,Advanced DBMS,IT13,MST_DPY,1,MCA,A,403,103,72,69.9,75.73,1.0,Theory,No,No,No,Rainy,No,12.9,Morning,Provided,Synthetic development data,60.0,40,42,10,78.64,3,14.0,0,0,0,0,Medium
17-10-2025,Friday,4,13:30,14:30,Data Structure and Algorithms,IT12,ASP_RSZ,1,MCA,A,403,103,78,75.73,69.9,2.25,Theory,No,No,No,Cloudy,No,8.6,Afternoon,Provided,Synthetic development data,60.0,40,42,10,74.75666666666667,4,14.0,0,0,0,0,High
17-10-2025,Friday,5,14:30,15:30,Python Programming,IT11,AAB_SP,1,MCA,A,403,103,77,74.76,75.73,1.0,Theory,Yes,No,No,Sunny,No,11.1,Afternoon,Provided,Synthetic development data,60.0,40,42,10,73.78666666666668,5,14.0,1,0,0,0,Medium
18-10-2025,Saturday,1,11:15,12:15,Mini Project,ITP11,JSP_Visiting,1,MCA,A,403,103,66,64.08,74.76,20.75,Project,No,No,No,Sunny,No,13.5,Morning,Provided,Synthetic development data,60.0,41,42,10,73.46333333333334,1,15.0,0,0,0,0,Medium
20-10-2025,Monday,1,9:15,10:15,Mini Project,ITP11,JSP_Visiting,1,MCA,A,403,103,73,70.87,64.08,46.0,Project,No,No,Yes,Rainy,No,9.5,Morning,Provided,Synthetic development data,60.0,43,43,10,71.52333333333333,1,17.0,0,0,1,0,Medium
20-10-2025,Monday,2,10:15,11:15,Advanced DBMS,IT13,MST_DPY,1,MCA,A,403,103,72,69.9,70.87,1.0,Theory,No,No,Yes,Sunny,No,3.5,Morning,Provided,Synthetic development data,60.0,43,43,10,69.90333333333332,2,17.0,0,0,1,0,Medium
20-10-2025,Monday,3,11:15,12:15,Python Programming,IT11,AAB_SP,1,MCA,A,403,103,74,71.84,69.9,1.0,Theory,No,No,Yes,Sunny,No,2.0,Morning,Provided,Synthetic development data,60.0,43,43,10,68.28333333333335,3,17.0,0,0,1,0,Medium
20-10-2025,Monday,4,13:30,14:30,"Practical based on Python Programming, Data Structure and Algorithms and Advanced DBMS",ITL11,AAB_SP_ASP_RSZ_MST_DPY,1,MCA,A,401/402,103,77,74.76,71.84,2.25,Practical,No,No,Yes,Rainy,No,8.5,Afternoon,Provided,Synthetic development data,60.0,43,43,10,70.87,4,17.0,0,0,1,0,Medium
20-10-2025,Monday,5,14:30,15:30,Organizational Behavior,IT15,MPS_KSD,1,MCA,A,403,103,78,75.73,74.76,1.0,Theory,No,No,Yes,Rainy,No,14.3,Afternoon,Provided,Synthetic development data,60.0,43,43,10,72.16666666666667,5,17.0,0,0,1,0,High
23-10-2025,Thursday,1,9:15,10:15,Network Technologies and Infrastructure Management,IT14,MLK,1,MCA,A,403,103,71,68.93,75.73,66.75,Theory,No,No,Yes,Cloudy,No,9.4,Morning,Provided,Synthetic development data,60.0,46,43,10,74.11000000000001,1,3.0,0,0,1,0,Medium
23-10-2025,Thursday,2,10:15,11:15,Data Structure and Algorithms,IT12,ASP_RSZ,1,MCA,A,403,103,76,73.79,68.93,1.0,Theory,No,No,Yes,Cloudy,No,6.8,Morning,Provided,Synthetic development data,60.0,46,43,10,73.14,2,3.0,0,0,1,0,Medium
23-10-2025,Thursday,3,11:15,12:15,Organizational Behavior,IT15,MPS_KSD,1,MCA,A,403,103,83,80.58,73.79,1.0,Theory,No,No,Yes,Sunny,No,2.4,Morning,Provided,Synthetic development data,60.0,46,43,10,72.81666666666668,3,3.0,0,0,1,0,High
23-10-2025,Thursday,4,13:30,14:30,Advanced DBMS,IT13,MST_DPY,1,MCA,A,403,103,64,62.14,80.58,2.25,Theory,No,No,Yes,Cloudy,No,13.9,Afternoon,Provided,Synthetic development data,60.0,46,43,10,74.43333333333334,4,3.0,0,0,1,0,Medium
23-10-2025,Thursday,5,14:30,15:30,Data Structure and Algorithms,IT12,ASP_RSZ,1,MCA,A,403,103,70,67.96,62.14,1.0,Theory,No,No,Yes,Sunny,No,6.3,Afternoon,Provided,Synthetic development data,60.0,46,43,10,72.17,5,3.0,0,0,1,0,Medium
24-10-2025,Friday,1,9:15,10:15,Organizational Behavior,IT15,MPS_KSD,1,MCA,A,403,103,78,75.73,67.96,18.75,Theory,No,No,No,Cloudy,No,11.2,Morning,Provided,Synthetic development data,60.0,47,43,10,70.22666666666667,1,1.0,0,0,0,0,High
24-10-2025,Friday,2,10:15,11:15,Python Programming,IT11,AAB_SP,1,MCA,A,403,103,91,88.35,75.73,1.0,Theory,No,No,No,Cloudy,No,11.0,Morning,Provided,Synthetic development data,60.0,47,43,10,68.61,2,1.0,0,0,0,0,High
24-10-2025,Friday,3,11:15,12:15,Advanced DBMS,IT13,MST_DPY,1,MCA,A,403,103,70,67.96,88.35,1.0,Theory,Yes,No,No,Cloudy,No,5.3,Morning,Provided,Synthetic development data,60.0,47,43,10,77.34666666666666,3,1.0,1,0,0,0,Medium
24-10-2025,Friday,4,13:30,14:30,Data Structure and Algorithms,IT12,ASP_RSZ,1,MCA,A,403,103,67,65.05,67.96,2.25,Theory,No,Yes,No,Rainy,No,2.8,Afternoon,Provided,Synthetic development data,60.0,47,43,10,77.34666666666665,4,1.0,0,1,0,0,Medium
24-10-2025,Friday,5,14:30,15:30,Python Programming,IT11,AAB_SP,1,MCA,A,403,103,81,78.64,65.05,1.0,Theory,No,No,No,Rainy,No,7.0,Afternoon,Provided,Synthetic development data,60.0,47,43,10,73.78666666666666,5,1.0,0,0,0,0,High
25-10-2025,Saturday,1,11:15,12:15,Mini Project,ITP11,JSP_Visiting,1,MCA,A,403,103,70,67.96,78.64,20.75,Project,No,No,No,Sunny,No,6.1,Morning,Provided,Synthetic development data,60.0,48,43,10,70.55,1,2.0,0,0,0,0,Medium
27-10-2025,Monday,1,9:15,10:15,Mini Project,ITP11,JSP_Visiting,1,MCA,A,403,103,80,77.67,67.96,46.0,Project,No,No,No,Sunny,Yes,11.1,Morning,Provided,Synthetic development data,60.0,50,44,10,70.55,1,4.0,0,0,0,1,High
27-10-2025,Monday,2,10:15,11:15,Advanced DBMS,IT13,MST_DPY,1,MCA,A,403,103,74,71.84,77.67,1.0,Theory,No,No,No,Sunny,No,12.7,Morning,Provided,Synthetic development data,60.0,50,44,10,74.75666666666666,2,4.0,0,0,0,0,Medium
27-10-2025,Monday,3,11:15,12:15,Python Programming,IT11,AAB_SP,1,MCA,A,403,103,76,73.79,71.84,1.0,Theory,No,No,No,Rainy,No,4.9,Morning,Provided,Synthetic development data,60.0,50,44,10,72.49000000000001,3,4.0,0,0,0,0,Medium
27-10-2025,Monday,4,13:30,14:30,"Practical based on Python Programming, Data Structure and Algorithms and Advanced DBMS",ITL11,AAB_SP_ASP_RSZ_MST_DPY,1,MCA,A,401/402,103,81,78.64,73.79,2.25,Practical,No,No,No,Rainy,No,8.9,Afternoon,Provided,Synthetic development data,60.0,50,44,10,74.43333333333334,4,4.0,0,0,0,0,High
27-10-2025,Monday,5,14:30,15:30,Organizational Behavior,IT15,MPS_KSD,1,MCA,A,403,103,79,76.7,78.64,1.0,Theory,No,No,No,Rainy,No,2.5,Afternoon,Provided,Synthetic development data,60.0,50,44,10,74.75666666666666,5,4.0,0,0,0,0,High
28-10-2025,Tuesday,1,9:15,10:15,Mini Project,ITP11,JSP_Visiting,1,MCA,A,403,103,73,70.87,76.7,18.75,Project,No,No,No,Rainy,No,4.8,Morning,Provided,Synthetic development data,60.0,51,44,10,76.37666666666668,1,5.0,0,0,0,0,Medium
28-10-2025,Tuesday,2,10:15,11:15,Organizational Behavior,IT15,MPS_KSD,1,MCA,A,403,103,84,81.55,70.87,1.0,Theory,No,Yes,No,Cloudy,No,11.9,Morning,Provided,Synthetic development data,60.0,51,44,10,75.40333333333334,2,5.0,0,1,0,0,High
28-10-2025,Tuesday,3,11:15,12:15,Advanced DBMS,IT13,MST_DPY,1,MCA,A,403,103,68,66.02,81.55,1.0,Theory,No,No,No,Rainy,No,12.3,Morning,Provided,Synthetic development data,60.0,51,44,10,76.37333333333333,3,5.0,0,0,0,0,Medium
28-10-2025,Tuesday,4,13:30,14:30,"Practical based on Python Programming, Data Structure and Algorithms and Advanced DBMS",ITL11,AAB_SP_ASP_RSZ_MST_DPY,1,MCA,A,401/402,103,75,72.82,66.02,2.25,Practical,Yes,No,No,Rainy,No,12.1,Afternoon,Provided,Synthetic development data,60.0,51,44,10,72.81333333333333,4,5.0,1,0,0,0,Medium
28-10-2025,Tuesday,5,14:30,15:30,Advanced DBMS,IT13,MST_DPY,1,MCA,A,403,103,66,64.08,72.82,1.0,Theory,No,No,No,Sunny,No,3.9,Afternoon,Provided,Synthetic development data,60.0,51,44,10,73.46333333333332,5,5.0,0,0,0,0,Medium
29-10-2025,Wednesday,1,9:15,10:15,Mini Project,ITP11,JSP_Visiting,1,MCA,A,403,103,75,72.82,64.08,18.75,Project,No,No,No,Rainy,No,9.2,Morning,Provided,Synthetic development data,60.0,52,44,10,67.63999999999999,1,6.0,0,0,0,0,Medium
29-10-2025,Wednesday,2,10:15,11:15,Network Technologies and Infrastructure Management,IT14,MLK,1,MCA,A,403,103,68,66.02,72.82,1.0,Theory,No,No,No,Sunny,No,7.5,Morning,Provided,Synthetic development data,60.0,52,44,10,69.90666666666665,2,6.0,0,0,0,0,Medium
29-10-2025,Wednesday,3,11:15,12:15,Data Structure and Algorithms,IT12,ASP_RSZ,1,MCA,A,403,103,78,75.73,66.02,1.0,Theory,No,No,No,Rainy,No,14.9,Morning,Provided,Synthetic development data,60.0,52,44,10,67.64,3,6.0,0,0,0,0,High
29-10-2025,Wednesday,4,13:30,14:30,Python Programming,IT11,AAB_SP,1,MCA,A,403,103,74,71.84,75.73,2.25,Theory,No,No,No,Sunny,No,10.5,Afternoon,Provided,Synthetic development data,60.0,52,44,10,71.52333333333333,4,6.0,0,0,0,0,Medium
29-10-2025,Wednesday,5,14:30,15:30,Network Technologies and Infrastructure Management,IT14,MLK,1,MCA,A,403,103,70,67.96,71.84,1.0,Theory,No,No,No,Cloudy,No,14.2,Afternoon,Provided,Synthetic development data,60.0,52,44,10,71.19666666666666,5,6.0,0,0,0,0,Medium
30-10-2025,Thursday,1,9:15,10:15,Network Technologies and Infrastructure Management,IT14,MLK,1,MCA,A,403,103,77,74.76,67.96,18.75,Theory,No,No,No,Sunny,No,3.9,Morning,Provided,Synthetic development data,60.0,53,44,10,71.84333333333333,1,7.0,0,0,0,0,Medium
30-10-2025,Thursday,2,10:15,11:15,Data Structure and Algorithms,IT12,ASP_RSZ,1,MCA,A,403,103,76,73.79,74.76,1.0,Theory,No,No,No,Rainy,No,7.9,Morning,Provided,Synthetic development data,60.0,53,44,10,71.52,2,7.0,0,0,0,0,Medium
30-10-2025,Thursday,3,11:15,12:15,Organizational Behavior,IT15,MPS_KSD,1,MCA,A,403,103,84,81.55,73.79,1.0,Theory,No,No,No,Sunny,No,12.0,Morning,Provided,Synthetic development data,60.0,53,44,10,72.17,3,7.0,0,0,0,0,High
30-10-2025,Thursday,4,13:30,14:30,Advanced DBMS,IT13,MST_DPY,1,MCA,A,403,103,70,67.96,81.55,2.25,Theory,No,No,No,Cloudy,No,6.8,Afternoon,Provided,Synthetic development data,60.0,53,44,10,76.7,4,7.0,0,0,0,0,Medium
30-10-2025,Thursday,5,14:30,15:30,Data Structure and Algorithms,IT12,ASP_RSZ,1,MCA,A,403,103,74,71.84,67.96,1.0,Theory,No,No,No,Rainy,No,10.2,Afternoon,Provided,Synthetic development data,60.0,53,44,10,74.43333333333334,5,7.0,0,0,0,0,Medium
31-10-2025,Friday,1,9:15,10:15,Organizational Behavior,IT15,MPS_KSD,1,MCA,A,403,103,93,90.29,71.84,18.75,Theory,No,No,No,Sunny,No,8.7,Morning,Provided,Synthetic development data,60.0,54,44,10,73.78333333333333,1,8.0,0,0,0,0,High
31-10-2025,Friday,2,10:15,11:15,Python Programming,IT11,AAB_SP,1,MCA,A,403,103,76,73.79,90.29,1.0,Theory,No,No,No,Rainy,No,14.9,Morning,Provided,Synthetic development data,60.0,54,44,10,76.69666666666667,2,8.0,0,0,0,0,Medium
31-10-2025,Friday,3,11:15,12:15,Advanced DBMS,IT13,MST_DPY,1,MCA,A,403,103,80,77.67,73.79,1.0,Theory,No,No,No,Rainy,Yes,4.3,Morning,Provided,Synthetic development data,60.0,54,44,10,78.64,3,8.0,0,0,0,1,High
31-10-2025,Friday,4,13:30,14:30,Data Structure and Algorithms,IT12,ASP_RSZ,1,MCA,A,403,103,74,71.84,77.67,2.25,Theory,No,No,No,Cloudy,No,14.2,Afternoon,Provided,Synthetic development data,60.0,54,44,10,80.58333333333333,4,8.0,0,0,0,0,Medium
31-10-2025,Friday,5,14:30,15:30,Python Programming,IT11,AAB_SP,1,MCA,A,403,103,86,83.5,71.84,1.0,Theory,No,No,No,Sunny,No,7.2,Afternoon,Provided,Synthetic development data,60.0,54,44,10,74.43333333333334,5,8.0,0,0,0,0,High
01-11-2025,Saturday,1,11:15,12:15,Mini Project,ITP11,JSP_Visiting,1,MCA,A,403,103,66,64.08,83.5,20.75,Project,No,No,No,Cloudy,No,8.1,Morning,Provided,Synthetic development data,60.0,55,44,11,77.67,1,9.0,0,0,0,0,Medium
03-11-2025,Monday,1,9:15,10:15,Mini Project,ITP11,JSP_Visiting,1,MCA,A,403,103,77,74.76,64.08,46.0,Project,No,No,No,Cloudy,No,8.9,Morning,Provided,Synthetic development data,60.0,57,45,11,73.14,1,11.0,0,0,0,0,Medium
03-11-2025,Monday,2,10:15,11:15,Advanced DBMS,IT13,MST_DPY,1,MCA,A,403,103,85,82.52,74.76,1.0,Theory,No,No,No,Sunny,Yes,5.4,Morning,Provided,Synthetic development data,60.0,57,45,11,74.11333333333333,2,11.0,0,0,0,1,High
03-11-2025,Monday,3,11:15,12:15,Python Programming,IT11,AAB_SP,1,MCA,A,403,103,85,82.52,82.52,1.0,Theory,No,No,No,Sunny,No,14.5,Morning,Provided,Synthetic development data,60.0,57,45,11,73.78666666666666,3,11.0,0,0,0,0,High
03-11-2025,Monday,4,13:30,14:30,"Practical based on Python Programming, Data Structure and Algorithms and Advanced DBMS",ITL11,AAB_SP_ASP_RSZ_MST_DPY,1,MCA,A,401/402,103,79,76.7,82.52,2.25,Practical,No,No,No,Cloudy,No,13.8,Afternoon,Provided,Synthetic development data,60.0,57,45,11,79.93333333333334,4,11.0,0,0,0,0,High
03-11-2025,Monday,5,14:30,15:30,Organizational Behavior,IT15,MPS_KSD,1,MCA,A,403,103,73,70.87,76.7,1.0,Theory,No,No,No,Rainy,No,14.6,Afternoon,Provided,Synthetic development data,60.0,57,45,11,80.58,5,11.0,0,0,0,0,Medium
04-11-2025,Tuesday,1,9:15,10:15,Mini Project,ITP11,JSP_Visiting,1,MCA,A,403,103,60,58.25,70.87,18.75,Project,No,No,Yes,Rainy,Yes,15.0,Morning,Provided,Synthetic development data,60.0,58,45,11,76.69666666666667,1,12.0,0,0,1,1,Medium
04-11-2025,Tuesday,2,10:15,11:15,Organizational Behavior,IT15,MPS_KSD,1,MCA,A,403,103,83,80.58,58.25,1.0,Theory,No,No,Yes,Cloudy,No,10.7,Morning,Provided,Synthetic development data,60.0,58,45,11,68.60666666666667,2,12.0,0,0,1,0,High
04-11-2025,Tuesday,3,11:15,12:15,Advanced DBMS,IT13,MST_DPY,1,MCA,A,403,103,68,66.02,80.58,1.0,Theory,No,No,Yes,Sunny,No,7.9,Morning,Provided,Synthetic development data,60.0,58,45,11,69.89999999999999,3,12.0,0,0,1,0,Medium
04-11-2025,Tuesday,4,13:30,14:30,"Practical based on Python Programming, Data Structure and Algorithms and Advanced DBMS",ITL11,AAB_SP_ASP_RSZ_MST_DPY,1,MCA,A,401/402,103,83,80.58,66.02,2.25,Practical,No,No,Yes,Cloudy,No,13.1,Afternoon,Provided,Synthetic development data,60.0,58,45,11,68.28333333333333,4,12.0,0,0,1,0,High
04-11-2025,Tuesday,5,14:30,15:30,Advanced DBMS,IT13,MST_DPY,1,MCA,A,403,103,56,54.37,80.58,1.0,Theory,No,No,Yes,Sunny,No,2.3,Afternoon,Provided,Synthetic development data,60.0,58,45,11,75.72666666666667,5,12.0,0,0,1,0,Medium
06-11-2025,Thursday,1,9:15,10:15,Network Technologies and Infrastructure Management,IT14,MLK,1,MCA,A,403,103,61,59.22,54.37,42.75,Theory,No,Yes,Yes,Rainy,No,12.8,Morning,Provided,Synthetic development data,60.0,60,45,11,66.99,1,2.0,0,1,1,0,Medium
06-11-2025,Thursday,2,10:15,11:15,Data Structure and Algorithms,IT12,ASP_RSZ,1,MCA,A,403,103,71,68.93,59.22,1.0,Theory,Yes,No,Yes,Rainy,No,8.5,Morning,Provided,Synthetic development data,60.0,60,45,11,64.72333333333333,2,2.0,1,0,1,0,Medium
06-11-2025,Thursday,3,11:15,12:15,Organizational Behavior,IT15,MPS_KSD,1,MCA,A,403,103,77,74.76,68.93,1.0,Theory,No,No,Yes,Cloudy,No,10.8,Morning,Provided,Synthetic development data,60.0,60,45,11,60.839999999999996,3,2.0,0,0,1,0,Medium
06-11-2025,Thursday,4,13:30,14:30,Advanced DBMS,IT13,MST_DPY,1,MCA,A,403,103,67,65.05,74.76,2.25,Theory,No,No,Yes,Rainy,No,6.9,Afternoon,Provided,Synthetic development data,60.0,60,45,11,67.63666666666667,4,2.0,0,0,1,0,Medium
06-11-2025,Thursday,5,14:30,15:30,Data Structure and Algorithms,IT12,ASP_RSZ,1,MCA,A,403,103,71,68.93,65.05,1.0,Theory,No,No,Yes,Rainy,No,6.8,Afternoon,Provided,Synthetic development data,60.0,60,45,11,69.58,5,2.0,0,0,1,0,Medium
07-11-2025,Friday,1,9:15,10:15,Organizational Behavior,IT15,MPS_KSD,1,MCA,A,403,103,90,87.38,68.93,18.75,Theory,No,No,No,Rainy,No,2.4,Morning,Provided,Synthetic development data,60.0,61,45,11,69.58,1,1.0,0,0,0,0,High
07-11-2025,Friday,2,10:15,11:15,Python Programming,IT11,AAB_SP,1,MCA,A,403,103,81,78.64,87.38,1.0,Theory,No,No,No,Sunny,No,7.5,Morning,Provided,Synthetic development data,60.0,61,45,11,73.78666666666668,2,1.0,0,0,0,0,High
07-11-2025,Friday,3,11:15,12:15,Advanced DBMS,IT13,MST_DPY,1,MCA,A,403,103,81,78.64,78.64,1.0,Theory,No,No,No,Sunny,No,7.3,Morning,Provided,Synthetic development data,60.0,61,45,11,78.31666666666666,3,1.0,0,0,0,0,High
07-11-2025,Friday,4,13:30,14:30,Data Structure and Algorithms,IT12,ASP_RSZ,1,MCA,A,403,103,73,70.87,78.64,2.25,Theory,No,No,No,Cloudy,No,4.9,Afternoon,Provided,Synthetic development data,60.0,61,45,11,81.55333333333333,4,1.0,0,0,0,0,Medium
07-11-2025,Friday,5,14:30,15:30,Python Programming,IT11,AAB_SP,1,MCA,A,403,103,86,83.5,70.87,1.0,Theory,No,No,No,Sunny,No,5.2,Afternoon,Provided,Synthetic development data,60.0,61,45,11,76.05,5,1.0,0,0,0,0,High
08-11-2025,Saturday,1,11:15,12:15,Mini Project,ITP11,JSP_Visiting,1,MCA,A,403,103,65,63.11,83.5,20.75,Project,No,No,No,Cloudy,No,9.6,Morning,Provided,Synthetic development data,60.0,62,45,11,77.67,1,2.0,0,0,0,0,Medium
10-11-2025,Monday,1,9:15,10:15,Mini Project,ITP11,JSP_Visiting,1,MCA,A,403,103,81,78.64,63.11,46.0,Project,No,No,No,Sunny,No,6.1,Morning,Provided,Synthetic development data,60.0,64,46,11,72.49333333333333,1,4.0,0,0,0,0,High
10-11-2025,Monday,2,10:15,11:15,Advanced DBMS,IT13,MST_DPY,1,MCA,A,403,103,66,64.08,78.64,1.0,Theory,No,No,No,Rainy,No,12.8,Morning,Provided,Synthetic development data,60.0,64,46,11,75.08333333333333,2,4.0,0,0,0,0,Medium
10-11-2025,Monday,3,11:15,12:15,Python Programming,IT11,AAB_SP,1,MCA,A,403,103,74,71.84,64.08,1.0,Theory,No,No,No,Cloudy,No,3.4,Morning,Provided,Synthetic development data,60.0,64,46,11,68.61,3,4.0,0,0,0,0,Medium
10-11-2025,Monday,4,13:30,14:30,"Practical based on Python Programming, Data Structure and Algorithms and Advanced DBMS",ITL11,AAB_SP_ASP_RSZ_MST_DPY,1,MCA,A,401/402,103,72,69.9,71.84,2.25,Practical,No,No,No,Sunny,Yes,9.5,Afternoon,Provided,Synthetic development data,60.0,64,46,11,71.52,4,4.0,0,0,0,1,Medium
10-11-2025,Monday,5,14:30,15:30,Organizational Behavior,IT15,MPS_KSD,1,MCA,A,403,103,76,73.79,69.9,1.0,Theory,No,No,No,Rainy,No,4.1,Afternoon,Provided,Synthetic development data,60.0,64,46,11,68.60666666666667,5,4.0,0,0,0,0,Medium
11-11-2025,Tuesday,1,9:15,10:15,Mini Project,ITP11,JSP_Visiting,1,MCA,A,403,103,66,64.08,73.79,18.75,Project,No,No,No,Sunny,No,8.9,Morning,Provided,Synthetic development data,60.0,65,46,11,71.84333333333335,1,5.0,0,0,0,0,Medium
11-11-2025,Tuesday,2,10:15,11:15,Organizational Behavior,IT15,MPS_KSD,1,MCA,A,403,103,82,79.61,64.08,1.0,Theory,No,No,No,Sunny,No,9.2,Morning,Provided,Synthetic development data,60.0,65,46,11,69.25666666666666,2,5.0,0,0,0,0,High
11-11-2025,Tuesday,3,11:15,12:15,Advanced DBMS,IT13,MST_DPY,1,MCA,A,403,103,77,74.76,79.61,1.0,Theory,No,No,No,Rainy,No,10.3,Morning,Provided,Synthetic development data,60.0,65,46,11,72.49333333333334,3,5.0,0,0,0,0,Medium
11-11-2025,Tuesday,4,13:30,14:30,"Practical based on Python Programming, Data Structure and Algorithms and Advanced DBMS",ITL11,AAB_SP_ASP_RSZ_MST_DPY,1,MCA,A,401/402,103,82,79.61,74.76,2.25,Practical,No,No,No,Cloudy,No,7.6,Afternoon,Provided,Synthetic development data,60.0,65,46,11,72.81666666666666,4,5.0,0,0,0,0,High
11-11-2025,Tuesday,5,14:30,15:30,Advanced DBMS,IT13,MST_DPY,1,MCA,A,403,103,59,57.28,79.61,1.0,Theory,No,No,No,Cloudy,No,8.6,Afternoon,Provided,Synthetic development data,60.0,65,46,11,77.99333333333334,5,5.0,0,0,0,0,Medium
12-11-2025,Wednesday,1,9:15,10:15,Mini Project,ITP11,JSP_Visiting,1,MCA,A,403,103,73,70.87,57.28,18.75,Project,No,Yes,No,Cloudy,No,4.4,Morning,Provided,Synthetic development data,60.0,66,46,11,70.55,1,6.0,0,1,0,0,Medium
12-11-2025,Wednesday,2,10:15,11:15,Network Technologies and Infrastructure Management,IT14,MLK,1,MCA,A,403,103,68,66.02,70.87,1.0,Theory,No,No,No,Sunny,No,8.0,Morning,Provided,Synthetic development data,60.0,66,46,11,69.25333333333333,2,6.0,0,0,0,0,Medium
12-11-2025,Wednesday,3,11:15,12:15,Data Structure and Algorithms,IT12,ASP_RSZ,1,MCA,A,403,103,78,75.73,66.02,1.0,Theory,Yes,No,No,Rainy,No,6.8,Morning,Provided,Synthetic development data,60.0,66,46,11,64.72333333333333,3,6.0,1,0,0,0,High
12-11-2025,Wednesday,4,13:30,14:30,Python Programming,IT11,AAB_SP,1,MCA,A,403,103,80,77.67,75.73,2.25,Theory,No,No,No,Cloudy,No,10.7,Afternoon,Provided,Synthetic development data,60.0,66,46,11,70.87333333333333,4,6.0,0,0,0,0,High
12-11-2025,Wednesday,5,14:30,15:30,Network Technologies and Infrastructure Management,IT14,MLK,1,MCA,A,403,103,63,61.17,77.67,1.0,Theory,No,No,No,Rainy,No,7.7,Afternoon,Provided,Synthetic development data,60.0,66,46,11,73.14,5,6.0,0,0,0,0,Medium
13-11-2025,Thursday,1,9:15,10:15,Network Technologies and Infrastructure Management,IT14,MLK,1,MCA,A,403,103,70,67.96,61.17,18.75,Theory,No,No,No,Sunny,No,12.1,Morning,Provided,Synthetic development data,60.0,67,46,11,71.52333333333333,1,7.0,0,0,0,0,Medium
13-11-2025,Thursday,2,10:15,11:15,Data Structure and Algorithms,IT12,ASP_RSZ,1,MCA,A,403,103,72,69.9,67.96,1.0,Theory,No,No,No,Rainy,No,7.5,Morning,Provided,Synthetic development data,60.0,67,46,11,68.93333333333332,2,7.0,0,0,0,0,Medium
13-11-2025,Thursday,3,11:15,12:15,Organizational Behavior,IT15,MPS_KSD,1,MCA,A,403,103,93,90.29,69.9,1.0,Theory,No,No,No,Sunny,No,5.1,Morning,Provided,Synthetic development data,60.0,67,46,11,66.34333333333333,3,7.0,0,0,0,0,High
13-11-2025,Thursday,4,13:30,14:30,Advanced DBMS,IT13,MST_DPY,1,MCA,A,403,103,70,67.96,90.29,2.25,Theory,No,No,No,Rainy,No,5.6,Afternoon,Provided,Synthetic development data,60.0,67,46,11,76.05,4,7.0,0,0,0,0,Medium
13-11-2025,Thursday,5,14:30,15:30,Data Structure and Algorithms,IT12,ASP_RSZ,1,MCA,A,403,103,70,67.96,67.96,1.0,Theory,No,No,No,Sunny,No,2.6,Afternoon,Provided,Synthetic development data,60.0,67,46,11,76.05,5,7.0,0,0,0,0,Medium
14-11-2025,Friday,1,9:15,10:15,Organizational Behavior,IT15,MPS_KSD,1,MCA,A,403,103,80,77.67,67.96,18.75,Theory,No,No,No,Sunny,No,9.0,Morning,Provided,Synthetic development data,60.0,68,46,11,75.40333333333332,1,8.0,0,0,0,0,High
14-11-2025,Friday,2,10:15,11:15,Python Programming,IT11,AAB_SP,1,MCA,A,403,103,77,74.76,77.67,1.0,Theory,No,No,No,Sunny,No,12.8,Morning,Provided,Synthetic development data,60.0,68,46,11,71.19666666666666,2,8.0,0,0,0,0,Medium
14-11-2025,Friday,3,11:15,12:15,Advanced DBMS,IT13,MST_DPY,1,MCA,A,403,103,74,71.84,74.76,1.0,Theory,No,Yes,No,Cloudy,No,12.0,Morning,Provided,Synthetic development data,60.0,68,46,11,73.46333333333332,3,8.0,0,1,0,0,Medium
14-11-2025,Friday,4,13:30,14:30,Data Structure and Algorithms,IT12,ASP_RSZ,1,MCA,A,403,103,61,59.22,71.84,2.25,Theory,No,No,No,Cloudy,No,7.7,Afternoon,Provided,Synthetic development data,60.0,68,46,11,74.75666666666666,4,8.0,0,0,0,0,Medium
14-11-2025,Friday,5,14:30,15:30,Python Programming,IT11,AAB_SP,1,MCA,A,403,103,67,65.05,59.22,1.0,Theory,Yes,No,No,Sunny,No,4.5,Afternoon,Provided,Synthetic development data,60.0,68,46,11,68.60666666666667,5,8.0,1,0,0,0,Medium
15-11-2025,Saturday,1,11:15,12:15,Mini Project,ITP11,JSP_Visiting,1,MCA,A,403,103,86,83.5,65.05,20.75,Project,No,No,No,Sunny,Yes,13.2,Morning,Provided,Synthetic development data,60.0,69,46,11,65.36999999999999,1,9.0,0,0,0,1,High
17-11-2025,Monday,1,9:15,10:15,Mini Project,ITP11,JSP_Visiting,1,MCA,A,403,103,75,72.82,83.5,46.0,Project,No,No,No,Rainy,No,2.7,Morning,Provided,Synthetic development data,60.0,71,47,11,69.25666666666666,1,11.0,0,0,0,0,Medium
17-11-2025,Monday,2,10:15,11:15,Advanced DBMS,IT13,MST_DPY,1,MCA,A,403,103,70,67.96,72.82,1.0,Theory,No,No,No,Cloudy,No,7.2,Morning,Provided,Synthetic development data,60.0,71,47,11,73.78999999999999,2,11.0,0,0,0,0,Medium
17-11-2025,Monday,3,11:15,12:15,Python Programming,IT11,AAB_SP,1,MCA,A,403,103,72,69.9,67.96,1.0,Theory,No,No,No,Rainy,No,13.1,Morning,Provided,Synthetic development data,60.0,71,47,11,74.75999999999999,3,11.0,0,0,0,0,Medium
17-11-2025,Monday,4,13:30,14:30,"Practical based on Python Programming, Data Structure and Algorithms and Advanced DBMS",ITL11,AAB_SP_ASP_RSZ_MST_DPY,1,MCA,A,401/402,103,83,80.58,69.9,2.25,Practical,No,No,No,Rainy,No,7.1,Afternoon,Provided,Synthetic development data,60.0,71,47,11,70.22666666666667,4,11.0,0,0,0,0,High
17-11-2025,Monday,5,14:30,15:30,Organizational Behavior,IT15,MPS_KSD,1,MCA,A,403,103,73,70.87,80.58,1.0,Theory,No,No,No,Sunny,No,3.5,Afternoon,Provided,Synthetic development data,60.0,71,47,11,72.81333333333333,5,11.0,0,0,0,0,Medium
18-11-2025,Tuesday,1,9:15,10:15,Mini Project,ITP11,JSP_Visiting,1,MCA,A,403,103,75,72.82,70.87,18.75,Project,No,No,No,Sunny,No,5.5,Morning,Provided,Synthetic development data,60.0,72,47,11,73.78333333333333,1,12.0,0,0,0,0,Medium
18-11-2025,Tuesday,2,10:15,11:15,Organizational Behavior,IT15,MPS_KSD,1,MCA,A,403,103,90,87.38,72.82,1.0,Theory,No,Yes,No,Rainy,No,9.8,Morning,Provided,Synthetic development data,60.0,72,47,11,74.75666666666666,2,12.0,0,1,0,0,High
18-11-2025,Tuesday,3,11:15,12:15,Advanced DBMS,IT13,MST_DPY,1,MCA,A,403,103,76,73.79,87.38,1.0,Theory,No,No,No,Cloudy,No,4.0,Morning,Provided,Synthetic development data,60.0,72,47,11,77.02333333333333,3,12.0,0,0,0,0,Medium
18-11-2025,Tuesday,4,13:30,14:30,"Practical based on Python Programming, Data Structure and Algorithms and Advanced DBMS",ITL11,AAB_SP_ASP_RSZ_MST_DPY,1,MCA,A,401/402,103,78,75.73,73.79,2.25,Practical,No,No,No,Cloudy,No,10.5,Afternoon,Provided,Synthetic development data,60.0,72,47,11,77.99666666666667,4,12.0,0,0,0,0,High
18-11-2025,Tuesday,5,14:30,15:30,Advanced DBMS,IT13,MST_DPY,1,MCA,A,403,103,78,75.73,75.73,1.0,Theory,No,No,No,Rainy,No,7.7,Afternoon,Provided,Synthetic development data,60.0,72,47,11,78.96666666666667,5,12.0,0,0,0,0,High
19-11-2025,Wednesday,1,9:15,10:15,Mini Project,ITP11,JSP_Visiting,1,MCA,A,403,103,80,77.67,75.73,18.75,Project,No,No,No,Sunny,No,6.3,Morning,Provided,Synthetic development data,60.0,73,47,11,75.08333333333333,1,13.0,0,0,0,0,High
19-11-2025,Wednesday,2,10:15,11:15,Network Technologies and Infrastructure Management,IT14,MLK,1,MCA,A,403,103,83,80.58,77.67,1.0,Theory,No,No,No,Cloudy,No,5.1,Morning,Provided,Synthetic development data,60.0,73,47,11,76.37666666666667,2,13.0,0,0,0,0,High
19-11-2025,Wednesday,3,11:15,12:15,Data Structure and Algorithms,IT12,ASP_RSZ,1,MCA,A,403,103,71,68.93,80.58,1.0,Theory,No,No,No,Sunny,No,12.7,Morning,Provided,Synthetic development data,60.0,73,47,11,77.99333333333333,3,13.0,0,0,0,0,Medium
19-11-2025,Wednesday,4,13:30,14:30,Python Programming,IT11,AAB_SP,1,MCA,A,403,103,78,75.73,68.93,2.25,Theory,No,No,No,Cloudy,No,7.2,Afternoon,Provided,Synthetic development data,60.0,73,47,11,75.72666666666667,4,13.0,0,0,0,0,High
19-11-2025,Wednesday,5,14:30,15:30,Network Technologies and Infrastructure Management,IT14,MLK,1,MCA,A,403,103,65,63.11,75.73,1.0,Theory,No,No,No,Sunny,No,11.6,Afternoon,Provided,Synthetic development data,60.0,73,47,11,75.08,5,13.0,0,0,0,0,Medium
20-11-2025,Thursday,1,9:15,10:15,Network Technologies and Infrastructure Management,IT14,MLK,1,MCA,A,403,103,75,72.82,63.11,18.75,Theory,No,Yes,No,Sunny,No,7.7,Morning,Provided,Synthetic development data,60.0,74,47,11,69.25666666666666,1,14.0,0,1,0,0,Medium
20-11-2025,Thursday,2,10:15,11:15,Data Structure and Algorithms,IT12,ASP_RSZ,1,MCA,A,403,103,78,75.73,72.82,1.0,Theory,No,No,No,Sunny,No,3.2,Morning,Provided,Synthetic development data,60.0,74,47,11,70.55333333333333,2,14.0,0,0,0,0,High
20-11-2025,Thursday,3,11:15,12:15,Organizational Behavior,IT15,MPS_KSD,1,MCA,A,403,103,81,78.64,75.73,1.0,Theory,No,No,No,Rainy,No,7.7,Morning,Provided,Synthetic development data,60.0,74,47,11,70.55333333333333,3,14.0,0,0,0,0,High
20-11-2025,Thursday,4,13:30,14:30,Advanced DBMS,IT13,MST_DPY,1,MCA,A,403,103,65,63.11,78.64,2.25,Theory,Yes,No,No,Sunny,No,8.6,Afternoon,Provided,Synthetic development data,60.0,74,47,11,75.73,4,14.0,1,0,0,0,Medium
20-11-2025,Thursday,5,14:30,15:30,Data Structure and Algorithms,IT12,ASP_RSZ,1,MCA,A,403,103,70,67.96,63.11,1.0,Theory,No,Yes,No,Cloudy,No,8.0,Afternoon,Provided,Synthetic development data,60.0,74,47,11,72.49333333333333,5,14.0,0,1,0,0,Medium
21-11-2025,Friday,1,9:15,10:15,Organizational Behavior,IT15,MPS_KSD,1,MCA,A,403,103,74,71.84,67.96,18.75,Theory,No,No,No,Rainy,No,12.6,Morning,Provided,Synthetic development data,60.0,75,47,11,69.90333333333332,1,15.0,0,0,0,0,Medium
21-11-2025,Friday,2,10:15,11:15,Python Programming,IT11,AAB_SP,1,MCA,A,403,103,83,80.58,71.84,1.0,Theory,No,No,No,Rainy,No,13.8,Morning,Provided,Synthetic development data,60.0,75,47,11,67.63666666666666,2,15.0,0,0,0,0,High
21-11-2025,Friday,3,11:15,12:15,Advanced DBMS,IT13,MST_DPY,1,MCA,A,403,103,72,69.9,80.58,1.0,Theory,No,No,No,Cloudy,No,12.2,Morning,Provided,Synthetic development data,60.0,75,47,11,73.46,3,15.0,0,0,0,0,Medium
21-11-2025,Friday,4,13:30,14:30,Data Structure and Algorithms,IT12,ASP_RSZ,1,MCA,A,403,103,76,73.79,69.9,2.25,Theory,No,No,No,Rainy,No,9.6,Afternoon,Provided,Synthetic development data,60.0,75,47,11,74.10666666666667,4,15.0,0,0,0,0,Medium
21-11-2025,Friday,5,14:30,15:30,Python Programming,IT11,AAB_SP,1,MCA,A,403,103,71,68.93,73.79,1.0,Theory,No,No,No,Rainy,No,9.0,Afternoon,Provided,Synthetic development data,60.0,75,47,11,74.75666666666666,5,15.0,0,0,0,0,Medium
22-11-2025,Saturday,1,11:15,12:15,Mini Project,ITP11,JSP_Visiting,1,MCA,A,403,103,73,70.87,68.93,20.75,Project,No,No,No,Rainy,No,10.4,Morning,Provided,Synthetic development data,60.0,76,47,11,70.87333333333333,1,16.0,0,0,0,0,Medium
24-11-2025,Monday,1,9:15,10:15,Mini Project,ITP11,JSP_Visiting,1,MCA,A,403,103,75,72.82,70.87,46.0,Project,No,No,No,Sunny,No,5.7,Morning,Provided,Synthetic development data,60.0,78,48,11,71.19666666666666,1,18.0,0,0,0,0,Medium
24-11-2025,Monday,2,10:15,11:15,Advanced DBMS,IT13,MST_DPY,1,MCA,A,403,103,69,66.99,72.82,1.0,Theory,No,No,No,Sunny,No,12.6,Morning,Provided,Synthetic development data,60.0,78,48,11,70.87333333333333,2,18.0,0,0,0,0,Medium
24-11-2025,Monday,3,11:15,12:15,Python Programming,IT11,AAB_SP,1,MCA,A,403,103,77,74.76,66.99,1.0,Theory,No,Yes,No,Rainy,No,13.1,Morning,Provided,Synthetic development data,60.0,78,48,11,70.22666666666666,3,18.0,0,1,0,0,Medium
24-11-2025,Monday,4,13:30,14:30,"Practical based on Python Programming, Data Structure and Algorithms and Advanced DBMS",ITL11,AAB_SP_ASP_RSZ_MST_DPY,1,MCA,A,401/402,103,83,80.58,74.76,2.25,Practical,Yes,No,No,Cloudy,No,5.5,Afternoon,Provided,Synthetic development data,60.0,78,48,11,71.52333333333333,4,18.0,1,0,0,0,High
24-11-2025,Monday,5,14:30,15:30,Organizational Behavior,IT15,MPS_KSD,1,MCA,A,403,103,73,70.87,80.58,1.0,Theory,Yes,Yes,No,Cloudy,No,13.7,Afternoon,Provided,Synthetic development data,60.0,78,48,11,74.11,5,18.0,1,1,0,0,Medium
25-11-2025,Tuesday,1,9:15,10:15,Mini Project,ITP11,JSP_Visiting,1,MCA,A,403,103,78,75.73,70.87,18.75,Project,No,No,No,Sunny,No,13.0,Morning,Provided,Synthetic development data,60.0,79,48,11,75.40333333333332,1,19.0,0,0,0,0,High
25-11-2025,Tuesday,2,10:15,11:15,Organizational Behavior,IT15,MPS_KSD,1,MCA,A,403,103,90,87.38,75.73,1.0,Theory,Yes,No,No,Cloudy,No,7.5,Morning,Provided,Synthetic development data,60.0,79,48,11,75.72666666666667,2,19.0,1,0,0,0,High
25-11-2025,Tuesday,3,11:15,12:15,Advanced DBMS,IT13,MST_DPY,1,MCA,A,403,103,62,60.19,87.38,1.0,Theory,No,No,No,Rainy,No,13.8,Morning,Provided,Synthetic development data,60.0,79,48,11,77.99333333333334,3,19.0,0,0,0,0,Medium
25-11-2025,Tuesday,4,13:30,14:30,"Practical based on Python Programming, Data Structure and Algorithms and Advanced DBMS",ITL11,AAB_SP_ASP_RSZ_MST_DPY,1,MCA,A,401/402,103,78,75.73,60.19,2.25,Practical,No,No,No,Sunny,No,3.6,Afternoon,Provided,Synthetic development data,60.0,79,48,11,74.43333333333334,4,19.0,0,0,0,0,High
25-11-2025,Tuesday,5,14:30,15:30,Advanced DBMS,IT13,MST_DPY,1,MCA,A,403,103,73,70.87,75.73,1.0,Theory,No,No,No,Cloudy,No,2.4,Afternoon,Provided,Synthetic development data,60.0,79,48,11,74.43333333333332,5,19.0,0,0,0,0,Medium
26-11-2025,Wednesday,1,9:15,10:15,Mini Project,ITP11,JSP_Visiting,1,MCA,A,403,103,81,78.64,70.87,18.75,Project,No,No,No,Rainy,No,6.5,Morning,Provided,Synthetic development data,60.0,80,48,11,68.92999999999999,1,20.0,0,0,0,0,High
26-11-2025,Wednesday,2,10:15,11:15,Network Technologies and Infrastructure Management,IT14,MLK,1,MCA,A,403,103,74,71.84,78.64,1.0,Theory,No,No,No,Rainy,No,9.4,Morning,Provided,Synthetic development data,60.0,80,48,11,75.08,2,20.0,0,0,0,0,Medium
26-11-2025,Wednesday,3,11:15,12:15,Data Structure and Algorithms,IT12,ASP_RSZ,1,MCA,A,403,103,80,77.67,71.84,1.0,Theory,No,No,No,Rainy,No,6.6,Morning,Provided,Synthetic development data,60.0,80,48,11,73.78333333333332,3,20.0,0,0,0,0,High
26-11-2025,Wednesday,4,13:30,14:30,Python Programming,IT11,AAB_SP,1,MCA,A,403,103,73,70.87,77.67,2.25,Theory,No,Yes,No,Rainy,No,14.2,Afternoon,Provided,Synthetic development data,60.0,80,48,11,76.05,4,20.0,0,1,0,0,Medium
26-11-2025,Wednesday,5,14:30,15:30,Network Technologies and Infrastructure Management,IT14,MLK,1,MCA,A,403,103,65,63.11,70.87,1.0,Theory,Yes,No,No,Rainy,No,5.3,Afternoon,Provided,Synthetic development data,60.0,80,48,11,73.46,5,20.0,1,0,0,0,Medium
27-11-2025,Thursday,1,9:15,10:15,Network Technologies and Infrastructure Management,IT14,MLK,1,MCA,A,403,103,78,75.73,63.11,18.75,Theory,No,No,No,Rainy,No,5.7,Morning,Provided,Synthetic development data,60.0,81,48,11,70.55,1,21.0,0,0,0,0,High
27-11-2025,Thursday,2,10:15,11:15,Data Structure and Algorithms,IT12,ASP_RSZ,1,MCA,A,403,103,77,74.76,75.73,1.0,Theory,No,No,No,Cloudy,No,10.3,Morning,Provided,Synthetic development data,60.0,81,48,11,69.90333333333332,2,21.0,0,0,0,0,Medium
27-11-2025,Thursday,3,11:15,12:15,Organizational Behavior,IT15,MPS_KSD,1,MCA,A,403,103,89,86.41,74.76,1.0,Theory,No,No,No,Rainy,No,2.1,Morning,Provided,Synthetic development data,60.0,81,48,11,71.19999999999999,3,21.0,0,0,0,0,High
27-11-2025,Thursday,4,13:30,14:30,Advanced DBMS,IT13,MST_DPY,1,MCA,A,403,103,68,66.02,86.41,2.25,Theory,No,No,No,Cloudy,No,11.5,Afternoon,Provided,Synthetic development data,60.0,81,48,11,78.96666666666665,4,21.0,0,0,0,0,Medium
27-11-2025,Thursday,5,14:30,15:30,Data Structure and Algorithms,IT12,ASP_RSZ,1,MCA,A,403,103,63,61.17,66.02,1.0,Theory,No,No,No,Rainy,No,6.9,Afternoon,Provided,Synthetic development data,60.0,81,48,11,75.72999999999999,5,21.0,0,0,0,0,Medium
28-11-2025,Friday,1,9:15,10:15,Organizational Behavior,IT15,MPS_KSD,1,MCA,A,403,103,84,81.55,61.17,18.75,Theory,Yes,Yes,No,Rainy,No,14.7,Morning,Provided,Synthetic development data,60.0,82,48,11,71.19999999999999,1,22.0,1,1,0,0,High
28-11-2025,Friday,2,10:15,11:15,Python Programming,IT11,AAB_SP,1,MCA,A,403,103,79,76.7,81.55,1.0,Theory,No,Yes,No,Cloudy,No,11.0,Morning,Provided,Synthetic development data,60.0,82,48,11,69.58,2,22.0,0,1,0,0,High
28-11-2025,Friday,3,11:15,12:15,Advanced DBMS,IT13,MST_DPY,1,MCA,A,403,103,79,76.7,76.7,1.0,Theory,No,No,No,Cloudy,No,2.7,Morning,Provided,Synthetic development data,60.0,82,48,11,73.13999999999999,3,22.0,0,0,0,0,High
28-11-2025,Friday,4,13:30,14:30,Data Structure and Algorithms,IT12,ASP_RSZ,1,MCA,A,403,103,62,60.19,76.7,2.25,Theory,No,No,No,Cloudy,No,3.2,Afternoon,Provided,Synthetic development data,60.0,82,48,11,78.31666666666666,4,22.0,0,0,0,0,Medium
28-11-2025,Friday,5,14:30,15:30,Python Programming,IT11,AAB_SP,1,MCA,A,403,103,76,73.79,60.19,1.0,Theory,No,No,No,Rainy,No,3.1,Afternoon,Provided,Synthetic development data,60.0,82,48,11,71.19666666666666,5,22.0,0,0,0,0,Medium
29-11-2025,Saturday,1,11:15,12:15,Mini Project,ITP11,JSP_Visiting,1,MCA,A,403,103,73,70.87,73.79,20.75,Project,Yes,No,No,Rainy,No,14.4,Morning,Provided,Synthetic development data,60.0,83,48,11,70.22666666666667,1,23.0,1,0,0,0,Medium
01-12-2025,Monday,1,9:15,10:15,Mini Project,ITP11,JSP_Visiting,1,MCA,A,403,103,76,73.79,70.87,46.0,Project,No,No,No,Rainy,No,10.9,Morning,Provided,Synthetic development data,60.0,85,49,12,68.28333333333335,1,25.0,0,0,0,0,Medium
01-12-2025,Monday,2,10:15,11:15,Advanced DBMS,IT13,MST_DPY,1,MCA,A,403,103,76,73.79,73.79,1.0,Theory,No,No,No,Rainy,No,7.6,Morning,Provided,Synthetic development data,60.0,85,49,12,72.81666666666668,2,25.0,0,0,0,0,Medium
01-12-2025,Monday,3,11:15,12:15,Python Programming,IT11,AAB_SP,1,MCA,A,403,103,78,75.73,73.79,1.0,Theory,No,No,No,Sunny,No,4.6,Morning,Provided,Synthetic development data,60.0,85,49,12,72.81666666666666,3,25.0,0,0,0,0,High
01-12-2025,Monday,4,13:30,14:30,"Practical based on Python Programming, Data Structure and Algorithms and Advanced DBMS",ITL11,AAB_SP_ASP_RSZ_MST_DPY,1,MCA,A,401/402,103,78,75.73,75.73,2.25,Practical,No,No,No,Rainy,No,13.4,Afternoon,Provided,Synthetic development data,60.0,85,49,12,74.43666666666667,4,25.0,0,0,0,0,High
01-12-2025,Monday,5,14:30,15:30,Organizational Behavior,IT15,MPS_KSD,1,MCA,A,403,103,82,79.61,75.73,1.0,Theory,No,No,No,Rainy,No,4.6,Afternoon,Provided,Synthetic development data,60.0,85,49,12,75.08333333333333,5,25.0,0,0,0,0,High
02-12-2025,Tuesday,1,9:15,10:15,Mini Project,ITP11,JSP_Visiting,1,MCA,A,403,103,81,78.64,79.61,18.75,Project,No,Yes,No,Cloudy,No,11.2,Morning,Provided,Synthetic development data,60.0,86,49,12,77.02333333333333,1,26.0,0,1,0,0,High
02-12-2025,Tuesday,2,10:15,11:15,Organizational Behavior,IT15,MPS_KSD,1,MCA,A,403,103,80,77.67,78.64,1.0,Theory,No,No,No,Sunny,No,11.9,Morning,Provided,Synthetic development data,60.0,86,49,12,77.99333333333333,2,26.0,0,0,0,0,High
02-12-2025,Tuesday,3,11:15,12:15,Advanced DBMS,IT13,MST_DPY,1,MCA,A,403,103,74,71.84,77.67,1.0,Theory,No,No,No,Cloudy,No,5.8,Morning,Provided,Synthetic development data,60.0,86,49,12,78.64,3,26.0,0,0,0,0,Medium
02-12-2025,Tuesday,4,13:30,14:30,"Practical based on Python Programming, Data Structure and Algorithms and Advanced DBMS",ITL11,AAB_SP_ASP_RSZ_MST_DPY,1,MCA,A,401/402,103,77,74.76,71.84,2.25,Practical,No,No,No,Rainy,No,8.6,Afternoon,Provided,Synthetic development data,60.0,86,49,12,76.05,4,26.0,0,0,0,0,Medium
02-12-2025,Tuesday,5,14:30,15:30,Advanced DBMS,IT13,MST_DPY,1,MCA,A,403,103,68,66.02,74.76,1.0,Theory,No,No,No,Rainy,No,4.9,Afternoon,Provided,Synthetic development data,60.0,86,49,12,74.75666666666666,5,26.0,0,0,0,0,Medium
03-12-2025,Wednesday,1,9:15,10:15,Mini Project,ITP11,JSP_Visiting,1,MCA,A,403,103,77,74.76,66.02,18.75,Project,No,No,No,Rainy,No,6.9,Morning,Provided,Synthetic development data,60.0,87,49,12,70.87333333333332,1,27.0,0,0,0,0,Medium
03-12-2025,Wednesday,2,10:15,11:15,Network Technologies and Infrastructure Management,IT14,MLK,1,MCA,A,403,103,83,80.58,74.76,1.0,Theory,No,No,No,Sunny,No,14.5,Morning,Provided,Synthetic development data,60.0,87,49,12,71.84666666666665,2,27.0,0,0,0,0,High
03-12-2025,Wednesday,3,11:15,12:15,Data Structure and Algorithms,IT12,ASP_RSZ,1,MCA,A,403,103,74,71.84,80.58,1.0,Theory,No,No,No,Rainy,No,11.0,Morning,Provided,Synthetic development data,60.0,87,49,12,73.78666666666666,3,27.0,0,0,0,0,Medium
03-12-2025,Wednesday,4,13:30,14:30,Python Programming,IT11,AAB_SP,1,MCA,A,403,103,69,66.99,71.84,2.25,Theory,No,No,No,Cloudy,No,13.0,Afternoon,Provided,Synthetic development data,60.0,87,49,12,75.72666666666666,4,27.0,0,0,0,0,Medium
03-12-2025,Wednesday,5,14:30,15:30,Network Technologies and Infrastructure Management,IT14,MLK,1,MCA,A,403,103,59,57.28,66.99,1.0,Theory,No,No,No,Rainy,No,9.0,Afternoon,Provided,Synthetic development data,60.0,87,49,12,73.13666666666666,5,27.0,0,0,0,0,Medium
04-12-2025,Thursday,1,9:15,10:15,Network Technologies and Infrastructure Management,IT14,MLK,1,MCA,A,403,103,86,83.5,57.28,18.75,Theory,No,No,No,Rainy,No,5.1,Morning,Provided,Synthetic development data,60.0,88,49,12,65.37,1,28.0,0,0,0,0,High
04-12-2025,Thursday,2,10:15,11:15,Data Structure and Algorithms,IT12,ASP_RSZ,1,MCA,A,403,103,79,76.7,83.5,1.0,Theory,No,Yes,No,Rainy,No,11.3,Morning,Provided,Synthetic development data,60.0,88,49,12,69.25666666666666,2,28.0,0,1,0,0,High
04-12-2025,Thursday,3,11:15,12:15,Organizational Behavior,IT15,MPS_KSD,1,MCA,A,403,103,83,80.58,76.7,1.0,Theory,No,No,No,Rainy,No,8.5,Morning,Provided,Synthetic development data,60.0,88,49,12,72.49333333333333,3,28.0,0,0,0,0,High
04-12-2025,Thursday,4,13:30,14:30,Advanced DBMS,IT13,MST_DPY,1,MCA,A,403,103,74,71.84,80.58,2.25,Theory,No,Yes,No,Cloudy,No,4.3,Afternoon,Provided,Synthetic development data,60.0,88,49,12,80.26,4,28.0,0,1,0,0,Medium
04-12-2025,Thursday,5,14:30,15:30,Data Structure and Algorithms,IT12,ASP_RSZ,1,MCA,A,403,103,76,73.79,71.84,1.0,Theory,No,No,No,Sunny,No,7.4,Afternoon,Provided,Synthetic development data,60.0,88,49,12,76.37333333333332,5,28.0,0,0,0,0,Medium
05-12-2025,Friday,1,9:15,10:15,Organizational Behavior,IT15,MPS_KSD,1,MCA,A,403,103,91,88.35,73.79,18.75,Theory,No,No,No,Sunny,No,10.3,Morning,Provided,Synthetic development data,60.0,89,49,12,75.40333333333332,1,29.0,0,0,0,0,High
05-12-2025,Friday,2,10:15,11:15,Python Programming,IT11,AAB_SP,1,MCA,A,403,103,78,75.73,88.35,1.0,Theory,No,No,No,Sunny,No,11.6,Morning,Provided,Synthetic development data,60.0,89,49,12,77.99333333333334,2,29.0,0,0,0,0,High
05-12-2025,Friday,3,11:15,12:15,Advanced DBMS,IT13,MST_DPY,1,MCA,A,403,103,70,67.96,75.73,1.0,Theory,No,No,No,Sunny,No,5.2,Morning,Provided,Synthetic development data,60.0,89,49,12,79.28999999999999,3,29.0,0,0,0,0,Medium
05-12-2025,Friday,4,13:30,14:30,Data Structure and Algorithms,IT12,ASP_RSZ,1,MCA,A,403,103,72,69.9,67.96,2.25,Theory,No,No,No,Sunny,No,13.4,Afternoon,Provided,Synthetic development data,60.0,89,49,12,77.34666666666665,4,29.0,0,0,0,0,Medium
05-12-2025,Friday,5,14:30,15:30,Python Programming,IT11,AAB_SP,1,MCA,A,403,103,75,72.82,69.9,1.0,Theory,No,Yes,No,Cloudy,Yes,6.9,Afternoon,Provided,Synthetic development data,60.0,89,49,12,71.19666666666666,5,29.0,0,1,0,1,Medium
06-12-2025,Saturday,1,11:15,12:15,Mini Project,ITP11,JSP_Visiting,1,MCA,A,403,103,65,63.11,72.82,20.75,Project,No,No,No,Rainy,No,5.5,Morning,Provided,Synthetic development data,60.0,90,49,12,70.22666666666665,1,30.0,0,0,0,0,Medium
08-12-2025,Monday,1,9:15,10:15,Mini Project,ITP11,JSP_Visiting,1,MCA,A,403,103,79,76.7,63.11,46.0,Project,No,No,No,Rainy,No,4.5,Morning,Provided,Synthetic development data,60.0,92,50,12,68.61,1,32.0,0,0,0,0,High
08-12-2025,Monday,2,10:15,11:15,Advanced DBMS,IT13,MST_DPY,1,MCA,A,403,103,76,73.79,76.7,1.0,Theory,No,Yes,No,Rainy,No,12.5,Morning,Provided,Synthetic development data,60.0,92,50,12,70.87666666666667,2,32.0,0,1,0,0,Medium
08-12-2025,Monday,3,11:15,12:15,Python Programming,IT11,AAB_SP,1,MCA,A,403,103,74,71.84,73.79,1.0,Theory,No,Yes,No,Cloudy,No,6.6,Morning,Provided,Synthetic development data,60.0,92,50,12,71.2,3,32.0,0,1,0,0,Medium
08-12-2025,Monday,4,13:30,14:30,"Practical based on Python Programming, Data Structure and Algorithms and Advanced DBMS",ITL11,AAB_SP_ASP_RSZ_MST_DPY,1,MCA,A,401/402,103,76,73.79,71.84,2.25,Practical,No,No,No,Cloudy,No,8.3,Afternoon,Provided,Synthetic development data,60.0,92,50,12,74.11,4,32.0,0,0,0,0,Medium
08-12-2025,Monday,5,14:30,15:30,Organizational Behavior,IT15,MPS_KSD,1,MCA,A,403,103,76,73.79,73.79,1.0,Theory,No,No,No,Cloudy,No,4.9,Afternoon,Provided,Synthetic development data,60.0,92,50,12,73.14,5,32.0,0,0,0,0,Medium
09-12-2025,Tuesday,1,9:15,10:15,Mini Project,ITP11,JSP_Visiting,1,MCA,A,403,103,61,59.22,73.79,18.75,Project,No,No,No,Sunny,No,10.9,Morning,Provided,Synthetic development data,60.0,93,50,12,73.14,1,33.0,0,0,0,0,Medium
09-12-2025,Tuesday,2,10:15,11:15,Organizational Behavior,IT15,MPS_KSD,1,MCA,A,403,103,82,79.61,59.22,1.0,Theory,No,No,No,Cloudy,No,12.2,Morning,Provided,Synthetic development data,60.0,93,50,12,68.93333333333332,2,33.0,0,0,0,0,High
09-12-2025,Tuesday,3,11:15,12:15,Advanced DBMS,IT13,MST_DPY,1,MCA,A,403,103,74,71.84,79.61,1.0,Theory,No,No,No,Sunny,No,6.4,Morning,Provided,Synthetic development data,60.0,93,50,12,70.87333333333333,3,33.0,0,0,0,0,Medium
09-12-2025,Tuesday,4,13:30,14:30,"Practical based on Python Programming, Data Structure and Algorithms and Advanced DBMS",ITL11,AAB_SP_ASP_RSZ_MST_DPY,1,MCA,A,401/402,103,86,83.5,71.84,2.25,Practical,No,No,No,Sunny,No,14.3,Afternoon,Provided,Synthetic development data,60.0,93,50,12,70.22333333333331,4,33.0,0,0,0,0,High
09-12-2025,Tuesday,5,14:30,15:30,Advanced DBMS,IT13,MST_DPY,1,MCA,A,403,103,80,77.67,83.5,1.0,Theory,No,No,No,Rainy,No,2.4,Afternoon,Provided,Synthetic development data,60.0,93,50,12,78.31666666666666,5,33.0,0,0,0,0,High
10-12-2025,Wednesday,1,9:15,10:15,Mini Project,ITP11,JSP_Visiting,1,MCA,A,403,103,75,72.82,77.67,18.75,Project,No,Yes,No,Sunny,No,3.7,Morning,Provided,Synthetic development data,60.0,94,50,12,77.67,1,34.0,0,1,0,0,Medium
10-12-2025,Wednesday,2,10:15,11:15,Network Technologies and Infrastructure Management,IT14,MLK,1,MCA,A,403,103,73,70.87,72.82,1.0,Theory,No,No,No,Cloudy,No,9.7,Morning,Provided,Synthetic development data,60.0,94,50,12,77.99666666666666,2,34.0,0,0,0,0,Medium
10-12-2025,Wednesday,3,11:15,12:15,Data Structure and Algorithms,IT12,ASP_RSZ,1,MCA,A,403,103,79,76.7,70.87,1.0,Theory,No,No,No,Sunny,No,11.1,Morning,Provided,Synthetic development data,60.0,94,50,12,73.78666666666666,3,34.0,0,0,0,0,High
10-12-2025,Wednesday,4,13:30,14:30,Python Programming,IT11,AAB_SP,1,MCA,A,403,103,74,71.84,76.7,2.25,Theory,No,No,No,Cloudy,No,5.3,Afternoon,Provided,Synthetic development data,60.0,94,50,12,73.46333333333332,4,34.0,0,0,0,0,Medium
10-12-2025,Wednesday,5,14:30,15:30,Network Technologies and Infrastructure Management,IT14,MLK,1,MCA,A,403,103,65,63.11,71.84,1.0,Theory,No,No,No,Rainy,No,9.2,Afternoon,Provided,Synthetic development data,60.0,94,50,12,73.13666666666667,5,34.0,0,0,0,0,Medium
11-12-2025,Thursday,1,9:15,10:15,Network Technologies and Infrastructure Management,IT14,MLK,1,MCA,A,403,103,72,69.9,63.11,18.75,Theory,No,No,No,Rainy,No,6.1,Morning,Provided,Synthetic development data,60.0,95,50,12,70.55,1,35.0,0,0,0,0,Medium
11-12-2025,Thursday,2,10:15,11:15,Data Structure and Algorithms,IT12,ASP_RSZ,1,MCA,A,403,103,86,83.5,69.9,1.0,Theory,No,No,No,Rainy,No,9.2,Morning,Provided,Synthetic development data,60.0,95,50,12,68.28333333333333,2,35.0,0,0,0,0,High
11-12-2025,Thursday,3,11:15,12:15,Organizational Behavior,IT15,MPS_KSD,1,MCA,A,403,103,69,66.99,83.5,1.0,Theory,No,No,No,Rainy,No,10.6,Morning,Provided,Synthetic development data,60.0,95,50,12,72.17,3,35.0,0,0,0,0,Medium
11-12-2025,Thursday,4,13:30,14:30,Advanced DBMS,IT13,MST_DPY,1,MCA,A,403,103,76,73.79,66.99,2.25,Theory,No,No,No,Cloudy,No,14.6,Afternoon,Provided,Synthetic development data,60.0,95,50,12,73.46333333333332,4,35.0,0,0,0,0,Medium
11-12-2025,Thursday,5,14:30,15:30,Data Structure and Algorithms,IT12,ASP_RSZ,1,MCA,A,403,103,80,77.67,73.79,1.0,Theory,No,No,No,Rainy,No,7.9,Afternoon,Provided,Synthetic development data,60.0,95,50,12,74.76,5,35.0,0,0,0,0,High
12-12-2025,Friday,1,9:15,10:15,Organizational Behavior,IT15,MPS_KSD,1,MCA,A,403,103,77,74.76,77.67,18.75,Theory,No,No,No,Cloudy,No,10.4,Morning,Provided,Synthetic development data,60.0,96,50,12,72.81666666666666,1,36.0,0,0,0,0,Medium
12-12-2025,Friday,2,10:15,11:15,Python Programming,IT11,AAB_SP,1,MCA,A,403,103,89,86.41,74.76,1.0,Theory,No,No,No,Sunny,No,9.5,Morning,Provided,Synthetic development data,60.0,96,50,12,75.40666666666667,2,36.0,0,0,0,0,High
12-12-2025,Friday,3,11:15,12:15,Advanced DBMS,IT13,MST_DPY,1,MCA,A,403,103,80,77.67,86.41,1.0,Theory,No,No,No,Rainy,No,6.1,Morning,Provided,Synthetic development data,60.0,96,50,12,79.61333333333333,3,36.0,0,0,0,0,High
12-12-2025,Friday,4,13:30,14:30,Data Structure and Algorithms,IT12,ASP_RSZ,1,MCA,A,403,103,80,77.67,77.67,2.25,Theory,No,No,No,Cloudy,No,5.3,Afternoon,Provided,Synthetic development data,60.0,96,50,12,79.61333333333333,4,36.0,0,0,0,0,High
12-12-2025,Friday,5,14:30,15:30,Python Programming,IT11,AAB_SP,1,MCA,A,403,103,79,76.7,77.67,1.0,Theory,No,No,No,Rainy,No,14.8,Afternoon,Provided,Synthetic development data,60.0,96,50,12,80.58333333333333,5,36.0,0,0,0,0,High
13-12-2025,Saturday,1,11:15,12:15,Mini Project,ITP11,JSP_Visiting,1,MCA,A,403,103,69,66.99,76.7,20.75,Project,No,No,No,Sunny,No,4.7,Morning,Provided,Synthetic development data,60.0,97,50,12,77.34666666666665,1,37.0,0,0,0,0,Medium
15-12-2025,Monday,1,9:15,10:15,Mini Project,ITP11,JSP_Visiting,1,MCA,A,403,103,79,76.7,66.99,46.0,Project,No,No,No,Cloudy,No,12.3,Morning,Provided,Synthetic development data,60.0,99,51,12,73.78666666666666,1,39.0,0,0,0,0,High
15-12-2025,Monday,2,10:15,11:15,Advanced DBMS,IT13,MST_DPY,1,MCA,A,403,103,77,74.76,76.7,1.0,Theory,No,Yes,No,Sunny,No,3.9,Morning,Provided,Synthetic development data,60.0,99,51,12,73.46333333333332,2,39.0,0,1,0,0,Medium
15-12-2025,Monday,3,11:15,12:15,Python Programming,IT11,AAB_SP,1,MCA,A,403,103,78,75.73,74.76,1.0,Theory,No,No,No,Cloudy,No,12.5,Morning,Provided,Synthetic development data,60.0,99,51,12,72.81666666666666,3,39.0,0,0,0,0,High
15-12-2025,Monday,4,13:30,14:30,"Practical based on Python Programming, Data Structure and Algorithms and Advanced DBMS",ITL11,AAB_SP_ASP_RSZ_MST_DPY,1,MCA,A,401/402,103,88,85.44,75.73,2.25,Practical,No,No,No,Cloudy,No,4.4,Afternoon,Provided,Synthetic development data,60.0,99,51,12,75.73,4,39.0,0,0,0,0,High
15-12-2025,Monday,5,14:30,15:30,Organizational Behavior,IT15,MPS_KSD,1,MCA,A,403,103,72,69.9,85.44,1.0,Theory,No,No,No,Cloudy,No,14.6,Afternoon,Provided,Synthetic development data,60.0,99,51,12,78.64333333333333,5,39.0,0,0,0,0,Medium
16-12-2025,Tuesday,1,9:15,10:15,Mini Project,ITP11,JSP_Visiting,1,MCA,A,403,103,80,77.67,69.9,18.75,Project,No,No,No,Cloudy,No,10.9,Morning,Provided,Synthetic development data,60.0,100,51,12,77.02333333333333,1,40.0,0,0,0,0,High
16-12-2025,Tuesday,2,10:15,11:15,Organizational Behavior,IT15,MPS_KSD,1,MCA,A,403,103,81,78.64,77.67,1.0,Theory,No,No,No,Rainy,No,3.2,Morning,Provided,Synthetic development data,60.0,100,51,12,77.67,2,40.0,0,0,0,0,High
16-12-2025,Tuesday,3,11:15,12:15,Advanced DBMS,IT13,MST_DPY,1,MCA,A,403,103,72,69.9,78.64,1.0,Theory,No,No,No,Sunny,No,11.0,Morning,Provided,Synthetic development data,60.0,100,51,12,75.40333333333332,3,40.0,0,0,0,0,Medium
16-12-2025,Tuesday,4,13:30,14:30,"Practical based on Python Programming, Data Structure and Algorithms and Advanced DBMS",ITL11,AAB_SP_ASP_RSZ_MST_DPY,1,MCA,A,401/402,103,88,85.44,69.9,2.25,Practical,No,No,No,Rainy,No,9.8,Afternoon,Provided,Synthetic development data,60.0,100,51,12,75.40333333333332,4,40.0,0,0,0,0,High
16-12-2025,Tuesday,5,14:30,15:30,Advanced DBMS,IT13,MST_DPY,1,MCA,A,403,103,66,64.08,85.44,1.0,Theory,No,Yes,No,Sunny,No,6.4,Afternoon,Provided,Synthetic development data,60.0,100,51,12,77.99333333333333,5,40.0,0,1,0,0,Medium
17-12-2025,Wednesday,1,9:15,10:15,Mini Project,ITP11,JSP_Visiting,1,MCA,A,403,103,64,62.14,64.08,18.75,Project,No,No,No,Cloudy,No,5.4,Morning,Provided,Synthetic development data,60.0,101,51,12,73.14,1,41.0,0,0,0,0,Medium
17-12-2025,Wednesday,2,10:15,11:15,Network Technologies and Infrastructure Management,IT14,MLK,1,MCA,A,403,103,82,79.61,62.14,1.0,Theory,No,No,No,Cloudy,No,11.3,Morning,Provided,Synthetic development data,60.0,101,51,12,70.55333333333333,2,41.0,0,0,0,0,High
17-12-2025,Wednesday,3,11:15,12:15,Data Structure and Algorithms,IT12,ASP_RSZ,1,MCA,A,403,103,79,76.7,79.61,1.0,Theory,No,No,No,Sunny,No,11.6,Morning,Provided,Synthetic development data,60.0,101,51,12,68.61,3,41.0,0,0,0,0,High
17-12-2025,Wednesday,4,13:30,14:30,Python Programming,IT11,AAB_SP,1,MCA,A,403,103,75,72.82,76.7,2.25,Theory,No,No,No,Sunny,No,6.3,Afternoon,Provided,Synthetic development data,60.0,101,51,12,72.81666666666666,4,41.0,0,0,0,0,Medium
17-12-2025,Wednesday,5,14:30,15:30,Network Technologies and Infrastructure Management,IT14,MLK,1,MCA,A,403,103,65,63.11,72.82,1.0,Theory,No,No,No,Cloudy,No,13.4,Afternoon,Provided,Synthetic development data,60.0,101,51,12,76.37666666666667,5,41.0,0,0,0,0,Medium
18-12-2025,Thursday,1,9:15,10:15,Network Technologies and Infrastructure Management,IT14,MLK,1,MCA,A,403,103,71,68.93,63.11,18.75,Theory,No,No,No,Cloudy,No,5.5,Morning,Provided,Synthetic development data,60.0,102,51,12,70.87666666666665,1,42.0,0,0,0,0,Medium
18-12-2025,Thursday,2,10:15,11:15,Data Structure and Algorithms,IT12,ASP_RSZ,1,MCA,A,403,103,78,75.73,68.93,1.0,Theory,No,No,No,Cloudy,No,2.9,Morning,Provided,Synthetic development data,60.0,102,51,12,68.28666666666666,2,42.0,0,0,0,0,High
18-12-2025,Thursday,3,11:15,12:15,Organizational Behavior,IT15,MPS_KSD,1,MCA,A,403,103,84,81.55,75.73,1.0,Theory,No,No,No,Sunny,No,9.8,Morning,Provided,Synthetic development data,60.0,102,51,12,69.25666666666666,3,42.0,0,0,0,0,High
18-12-2025,Thursday,4,13:30,14:30,Advanced DBMS,IT13,MST_DPY,1,MCA,A,403,103,61,59.22,81.55,2.25,Theory,No,No,No,Cloudy,No,3.4,Afternoon,Provided,Synthetic development data,60.0,102,51,12,75.40333333333332,4,42.0,0,0,0,0,Medium
18-12-2025,Thursday,5,14:30,15:30,Data Structure and Algorithms,IT12,ASP_RSZ,1,MCA,A,403,103,66,64.08,59.22,1.0,Theory,No,No,No,Cloudy,No,5.6,Afternoon,Provided,Synthetic development data,60.0,102,51,12,72.16666666666666,5,42.0,0,0,0,0,Medium
19-12-2025,Friday,1,9:15,10:15,Organizational Behavior,IT15,MPS_KSD,1,MCA,A,403,103,80,77.67,64.08,18.75,Theory,No,No,No,Rainy,No,8.6,Morning,Provided,Synthetic development data,60.0,103,51,12,68.28333333333332,1,43.0,0,0,0,0,High
19-12-2025,Friday,2,10:15,11:15,Python Programming,IT11,AAB_SP,1,MCA,A,403,103,76,73.79,77.67,1.0,Theory,No,No,No,Rainy,No,5.7,Morning,Provided,Synthetic development data,60.0,103,51,12,66.99,2,43.0,0,0,0,0,Medium
19-12-2025,Friday,3,11:15,12:15,Advanced DBMS,IT13,MST_DPY,1,MCA,A,403,103,76,73.79,73.79,1.0,Theory,No,No,No,Sunny,No,4.8,Morning,Provided,Synthetic development data,60.0,103,51,12,71.84666666666666,3,43.0,0,0,0,0,Medium
19-12-2025,Friday,4,13:30,14:30,Data Structure and Algorithms,IT12,ASP_RSZ,1,MCA,A,403,103,68,66.02,73.79,2.25,Theory,No,No,No,Cloudy,No,11.1,Afternoon,Provided,Synthetic development data,60.0,103,51,12,75.08333333333333,4,43.0,0,0,0,0,Medium
19-12-2025,Friday,5,14:30,15:30,Python Programming,IT11,AAB_SP,1,MCA,A,403,103,77,74.76,66.02,1.0,Theory,No,No,No,Sunny,No,9.1,Afternoon,Provided,Synthetic development data,60.0,103,51,12,71.2,5,43.0,0,0,0,0,Medium
20-12-2025,Saturday,1,11:15,12:15,Mini Project,ITP11,JSP_Visiting,1,MCA,A,403,103,79,76.7,74.76,20.75,Project,No,Yes,No,Cloudy,No,12.9,Morning,Provided,Synthetic development data,60.0,104,51,12,71.52333333333333,1,44.0,0,1,0,0,High
22-12-2025,Monday,1,9:15,10:15,Mini Project,ITP11,JSP_Visiting,1,MCA,A,403,103,66,64.08,76.7,46.0,Project,No,No,No,Rainy,No,9.6,Morning,Provided,Synthetic development data,60.0,106,52,12,72.49333333333333,1,46.0,0,0,0,0,Medium
22-12-2025,Monday,2,10:15,11:15,Advanced DBMS,IT13,MST_DPY,1,MCA,A,403,103,69,66.99,64.08,1.0,Theory,No,No,No,Cloudy,No,8.3,Morning,Provided,Synthetic development data,60.0,106,52,12,71.84666666666665,2,46.0,0,0,0,0,Medium
22-12-2025,Monday,3,11:15,12:15,Python Programming,IT11,AAB_SP,1,MCA,A,403,103,77,74.76,66.99,1.0,Theory,No,No,No,Rainy,No,5.4,Morning,Provided,Synthetic development data,60.0,106,52,12,69.25666666666666,3,46.0,0,0,0,0,Medium
22-12-2025,Monday,4,13:30,14:30,"Practical based on Python Programming, Data Structure and Algorithms and Advanced DBMS",ITL11,AAB_SP_ASP_RSZ_MST_DPY,1,MCA,A,401/402,103,83,80.58,74.76,2.25,Practical,No,No,No,Sunny,No,12.3,Afternoon,Provided,Synthetic development data,60.0,106,52,12,68.61,4,46.0,0,0,0,0,High
22-12-2025,Monday,5,14:30,15:30,Organizational Behavior,IT15,MPS_KSD,1,MCA,A,403,103,80,77.67,80.58,1.0,Theory,No,No,No,Cloudy,No,4.6,Afternoon,Provided,Synthetic development data,60.0,106,52,12,74.11,5,46.0,0,0,0,0,High
23-12-2025,Tuesday,1,9:15,10:15,Mini Project,ITP11,JSP_Visiting,1,MCA,A,403,103,70,67.96,77.67,18.75,Project,No,Yes,No,Rainy,No,5.1,Morning,Provided,Synthetic development data,60.0,107,52,12,77.67,1,47.0,0,1,0,0,Medium
23-12-2025,Tuesday,2,10:15,11:15,Organizational Behavior,IT15,MPS_KSD,1,MCA,A,403,103,75,72.82,67.96,1.0,Theory,No,No,No,Rainy,No,12.9,Morning,Provided,Synthetic development data,60.0,107,52,12,75.40333333333332,2,47.0,0,0,0,0,Medium
23-12-2025,Tuesday,3,11:15,12:15,Advanced DBMS,IT13,MST_DPY,1,MCA,A,403,103,70,67.96,72.82,1.0,Theory,No,No,No,Rainy,No,11.6,Morning,Provided,Synthetic development data,60.0,107,52,12,72.81666666666666,3,47.0,0,0,0,0,Medium
23-12-2025,Tuesday,4,13:30,14:30,"Practical based on Python Programming, Data Structure and Algorithms and Advanced DBMS",ITL11,AAB_SP_ASP_RSZ_MST_DPY,1,MCA,A,401/402,103,88,85.44,67.96,2.25,Practical,No,Yes,No,Sunny,No,10.0,Afternoon,Provided,Synthetic development data,60.0,107,52,12,69.57999999999998,4,47.0,0,1,0,0,High
23-12-2025,Tuesday,5,14:30,15:30,Advanced DBMS,IT13,MST_DPY,1,MCA,A,403,103,65,63.11,85.44,1.0,Theory,No,No,No,Sunny,No,2.5,Afternoon,Provided,Synthetic development data,60.0,107,52,12,75.40666666666665,5,47.0,0,0,0,0,Medium
24-12-2025,Wednesday,1,9:15,10:15,Mini Project,ITP11,JSP_Visiting,1,MCA,A,403,103,66,64.08,63.11,18.75,Project,No,Yes,Yes,Sunny,No,3.7,Morning,Provided,Synthetic development data,60.0,108,52,12,72.17,1,48.0,0,1,1,0,Medium
24-12-2025,Wednesday,2,10:15,11:15,Network Technologies and Infrastructure Management,IT14,MLK,1,MCA,A,403,103,68,66.02,64.08,1.0,Theory,No,No,Yes,Cloudy,No,8.5,Morning,Provided,Synthetic development data,60.0,108,52,12,70.87666666666667,2,48.0,0,0,1,0,Medium
24-12-2025,Wednesday,3,11:15,12:15,Data Structure and Algorithms,IT12,ASP_RSZ,1,MCA,A,403,103,85,82.52,66.02,1.0,Theory,No,No,Yes,Cloudy,No,11.7,Morning,Provided,Synthetic development data,60.0,108,52,12,64.40333333333332,3,48.0,0,0,1,0,High
24-12-2025,Wednesday,4,13:30,14:30,Python Programming,IT11,AAB_SP,1,MCA,A,403,103,69,66.99,82.52,2.25,Theory,No,No,Yes,Cloudy,No,8.0,Afternoon,Provided,Synthetic development data,60.0,108,52,12,70.87333333333332,4,48.0,0,0,1,0,Medium
24-12-2025,Wednesday,5,14:30,15:30,Network Technologies and Infrastructure Management,IT14,MLK,1,MCA,A,403,103,68,66.02,66.99,1.0,Theory,No,No,Yes,Sunny,No,2.2,Afternoon,Provided,Synthetic development data,60.0,108,52,12,71.84333333333332,5,48.0,0,0,1,0,Medium
26-12-2025,Friday,1,9:15,10:15,Organizational Behavior,IT15,MPS_KSD,1,MCA,A,403,103,80,77.67,66.02,42.75,Theory,No,Yes,Yes,Cloudy,No,4.4,Morning,Provided,Synthetic development data,60.0,110,52,12,71.84333333333332,1,2.0,0,1,1,0,High
26-12-2025,Friday,2,10:15,11:15,Python Programming,IT11,AAB_SP,1,MCA,A,403,103,71,68.93,77.67,1.0,Theory,No,No,Yes,Cloudy,No,9.7,Morning,Provided,Synthetic development data,60.0,110,52,12,70.22666666666666,2,2.0,0,0,1,0,Medium
26-12-2025,Friday,3,11:15,12:15,Advanced DBMS,IT13,MST_DPY,1,MCA,A,403,103,72,69.9,68.93,1.0,Theory,No,Yes,Yes,Sunny,No,11.0,Morning,Provided,Synthetic development data,60.0,110,52,12,70.87333333333333,3,2.0,0,1,1,0,Medium
26-12-2025,Friday,4,13:30,14:30,Data Structure and Algorithms,IT12,ASP_RSZ,1,MCA,A,403,103,72,69.9,69.9,2.25,Theory,No,No,Yes,Cloudy,No,2.4,Afternoon,Provided,Synthetic development data,60.0,110,52,12,72.16666666666667,4,2.0,0,0,1,0,Medium
26-12-2025,Friday,5,14:30,15:30,Python Programming,IT11,AAB_SP,1,MCA,A,403,103,72,69.9,69.9,1.0,Theory,No,No,Yes,Sunny,No,2.6,Afternoon,Provided,Synthetic development data,60.0,110,52,12,69.57666666666667,5,2.0,0,0,1,0,Medium
27-12-2025,Saturday,1,11:15,12:15,Mini Project,ITP11,JSP_Visiting,1,MCA,A,403,103,71,68.93,69.9,20.75,Project,No,No,No,Rainy,No,5.4,Morning,Provided,Synthetic development data,60.0,111,52,12,69.9,1,1.0,0,0,0,0,Medium
29-12-2025,Monday,1,9:15,10:15,Mini Project,ITP11,JSP_Visiting,1,MCA,A,403,103,77,74.76,68.93,46.0,Project,No,No,No,Rainy,No,3.1,Morning,Provided,Synthetic development data,60.0,113,1,12,69.57666666666667,1,3.0,0,0,0,0,Medium
29-12-2025,Monday,2,10:15,11:15,Advanced DBMS,IT13,MST_DPY,1,MCA,A,403,103,78,75.73,74.76,1.0,Theory,No,Yes,No,Sunny,No,9.0,Morning,Provided,Synthetic development data,60.0,113,1,12,71.19666666666666,2,3.0,0,1,0,0,High
29-12-2025,Monday,3,11:15,12:15,Python Programming,IT11,AAB_SP,1,MCA,A,403,103,83,80.58,75.73,1.0,Theory,No,No,No,Sunny,No,3.6,Morning,Provided,Synthetic development data,60.0,113,1,12,73.14,3,3.0,0,0,0,0,High
29-12-2025,Monday,4,13:30,14:30,"Practical based on Python Programming, Data Structure and Algorithms and Advanced DBMS",ITL11,AAB_SP_ASP_RSZ_MST_DPY,1,MCA,A,401/402,103,88,85.44,80.58,2.25,Practical,Yes,Yes,No,Sunny,No,10.4,Afternoon,Provided,Synthetic development data,60.0,113,1,12,77.02333333333333,4,3.0,1,1,0,0,High
29-12-2025,Monday,5,14:30,15:30,Organizational Behavior,IT15,MPS_KSD,1,MCA,A,403,103,82,79.61,85.44,1.0,Theory,No,No,No,Sunny,No,12.1,Afternoon,Provided,Synthetic development data,60.0,113,1,12,80.58333333333333,5,3.0,0,0,0,0,High
30-12-2025,Tuesday,1,9:15,10:15,Mini Project,ITP11,JSP_Visiting,1,MCA,A,403,103,77,74.76,79.61,18.75,Project,No,No,No,Cloudy,No,14.6,Morning,Provided,Synthetic development data,60.0,114,1,12,81.87666666666665,1,4.0,0,0,0,0,Medium
30-12-2025,Tuesday,2,10:15,11:15,Organizational Behavior,IT15,MPS_KSD,1,MCA,A,403,103,76,73.79,74.76,1.0,Theory,No,No,No,Rainy,No,14.3,Morning,Provided,Synthetic development data,60.0,114,1,12,79.93666666666667,2,4.0,0,0,0,0,Medium
30-12-2025,Tuesday,3,11:15,12:15,Advanced DBMS,IT13,MST_DPY,1,MCA,A,403,103,70,67.96,73.79,1.0,Theory,No,No,No,Sunny,No,5.6,Morning,Provided,Synthetic development data,60.0,114,1,12,76.05333333333333,3,4.0,0,0,0,0,Medium
30-12-2025,Tuesday,4,13:30,14:30,"Practical based on Python Programming, Data Structure and Algorithms and Advanced DBMS",ITL11,AAB_SP_ASP_RSZ_MST_DPY,1,MCA,A,401/402,103,88,85.44,67.96,2.25,Practical,No,No,No,Rainy,No,2.4,Afternoon,Provided,Synthetic development data,60.0,114,1,12,72.17,4,4.0,0,0,0,0,High
30-12-2025,Tuesday,5,14:30,15:30,Advanced DBMS,IT13,MST_DPY,1,MCA,A,403,103,70,67.96,85.44,1.0,Theory,No,No,No,Sunny,No,6.3,Afternoon,Provided,Synthetic development data,60.0,114,1,12,75.73,5,4.0,0,0,0,0,Medium
31-12-2025,Wednesday,1,9:15,10:15,Mini Project,ITP11,JSP_Visiting,1,MCA,A,403,103,76,73.79,67.96,18.75,Project,No,Yes,No,Rainy,No,11.2,Morning,Provided,Synthetic development data,60.0,115,1,12,73.78666666666665,1,5.0,0,1,0,0,Medium
31-12-2025,Wednesday,2,10:15,11:15,Network Technologies and Infrastructure Management,IT14,MLK,1,MCA,A,403,103,71,68.93,73.79,1.0,Theory,No,No,No,Rainy,No,2.8,Morning,Provided,Synthetic development data,60.0,115,1,12,75.73,2,5.0,0,0,0,0,Medium
31-12-2025,Wednesday,3,11:15,12:15,Data Structure and Algorithms,IT12,ASP_RSZ,1,MCA,A,403,103,76,73.79,68.93,1.0,Theory,No,No,No,Rainy,No,6.7,Morning,Provided,Synthetic development data,60.0,115,1,12,70.22666666666667,3,5.0,0,0,0,0,Medium
31-12-2025,Wednesday,4,13:30,14:30,Python Programming,IT11,AAB_SP,1,MCA,A,403,103,74,71.84,73.79,2.25,Theory,No,No,No,Rainy,No,5.9,Afternoon,Provided,Synthetic development data,60.0,115,1,12,72.17,4,5.0,0,0,0,0,Medium
31-12-2025,Wednesday,5,14:30,15:30,Network Technologies and Infrastructure Management,IT14,MLK,1,MCA,A,403,103,69,66.99,71.84,1.0,Theory,No,No,No,Sunny,No,4.9,Afternoon,Provided,Synthetic development data,60.0,115,1,12,71.52,5,5.0,0,0,0,0,Medium
01-01-2026,Thursday,1,9:15,10:15,Full Stack Development,IT22,F_ASP_RSZ,2,MCA,A,403,103,81,78.64,66.99,18.75,Theory,No,Yes,No,Cloudy,No,5.2,Morning,Provided - user uploaded timetable,Synthetic development data,60.0,1,1,1,70.87333333333333,1,6.0,0,1,0,0,High
01-01-2026,Thursday,2,10:15,11:15,Cyber Security,IT23,F_DPY,2,MCA,A,403,103,73,70.87,78.64,1.0,Theory,No,Yes,No,Rainy,No,13.6,Morning,Provided - user uploaded timetable,Synthetic development data,60.0,1,1,1,72.49,2,6.0,0,1,0,0,Medium
01-01-2026,Thursday,3,11:15,12:15,Software Project Management,IT24,F_JSP_MST,2,MCA,A,403,103,84,81.55,70.87,1.0,Theory,No,No,No,Sunny,No,3.2,Morning,Provided - user uploaded timetable,Synthetic development data,60.0,1,1,1,72.16666666666667,3,6.0,0,0,0,0,High
01-01-2026,Thursday,4,13:30,14:30,Club Activities,CLUB,TBD,2,MCA,A,403,103,76,73.79,81.55,2.25,Special Event,No,No,No,Rainy,Yes,8.6,Afternoon,Provided - user uploaded timetable,Synthetic development data,60.0,1,1,1,77.02,4,6.0,0,0,0,1,Medium
01-01-2026,Thursday,5,14:30,15:30,IRP,IRP2,F_SDM,2,MCA,A,403,103,66,64.08,73.79,1.0,Theory,No,No,No,Rainy,No,7.5,Afternoon,Provided - user uploaded timetable,Synthetic development data,60.0,1,1,1,75.40333333333334,5,6.0,0,0,0,0,Medium
02-01-2026,Friday,1,9:15,10:15,Cyber Security Practical,ITL21-CYBER,F_DPY_MSU_MLK_MST,2,MCA,A,401/402,103,83,80.58,64.08,18.75,Practical,No,No,No,Cloudy,No,9.5,Morning,Provided - user uploaded timetable,Synthetic development data,60.0,2,1,1,73.13999999999999,1,7.0,0,0,0,0,High
02-01-2026,Friday,2,10:15,11:15,Cyber Security Practical,ITL21-CYBER,F_DPY_MSU_MLK_MST,2,MCA,A,401/402,103,83,80.58,80.58,1.0,Practical,No,Yes,No,Sunny,No,12.0,Morning,Provided - user uploaded timetable,Synthetic development data,60.0,2,1,1,72.81666666666666,2,7.0,0,1,0,0,High
02-01-2026,Friday,3,11:15,12:15,Research Methodology,IT25,F_MLK,2,MCA,A,403,103,77,74.76,80.58,1.0,Theory,No,No,No,Sunny,No,6.9,Morning,Provided - user uploaded timetable,Synthetic development data,60.0,2,1,1,75.07999999999998,3,7.0,0,0,0,0,Medium
02-01-2026,Friday,4,13:30,14:30,Mini Project - Faculty Interaction,ITC21,TBD,2,MCA,A,403,103,62,60.19,74.76,2.25,Project,No,No,No,Sunny,No,8.6,Afternoon,Provided - user uploaded timetable,Synthetic development data,60.0,2,1,1,78.64,4,7.0,0,0,0,0,Medium
02-01-2026,Friday,5,14:30,15:30,Mini Project - Faculty Interaction,ITC21,TBD,2,MCA,A,403,103,63,61.17,60.19,1.0,Project,No,No,No,Cloudy,No,8.6,Afternoon,Provided - user uploaded timetable,Synthetic development data,60.0,2,1,1,71.84333333333332,5,7.0,0,0,0,0,Medium
03-01-2026,Saturday,1,11:15,12:15,Training And Placement / Mini Project Training,P201,TBD,2,MCA,A,403,103,74,71.84,61.17,20.75,Project,No,No,No,Rainy,No,8.6,Morning,Provided - user uploaded timetable,Synthetic development data,60.0,3,1,1,65.37333333333333,1,8.0,0,0,0,0,Medium
05-01-2026,Monday,1,9:15,10:15,Full Stack Development,IT22,F_ASP_RSZ,2,MCA,A,403,103,79,76.7,71.84,46.0,Theory,No,No,No,Sunny,No,5.4,Morning,Provided - user uploaded timetable,Synthetic development data,60.0,5,2,1,64.39999999999999,1,10.0,0,0,0,0,High
05-01-2026,Monday,2,10:15,11:15,Java Programming,IT21,F_VSN_SDM,2,MCA,A,403,103,74,71.84,76.7,1.0,Theory,No,No,No,Cloudy,No,11.7,Morning,Provided - user uploaded timetable,Synthetic development data,60.0,5,2,1,69.90333333333332,2,10.0,0,0,0,0,Medium
05-01-2026,Monday,3,11:15,12:15,Software Project Management,IT24,F_JSP_MST,2,MCA,A,403,103,78,75.73,71.84,1.0,Theory,No,No,No,Cloudy,No,4.9,Morning,Provided - user uploaded timetable,Synthetic development data,60.0,5,2,1,73.46,3,10.0,0,0,0,0,High
05-01-2026,Monday,4,13:30,14:30,Java Practical,ITL21-JAVA,F_SDM_VSN_KSD_SSP,2,MCA,A,401/402,103,83,80.58,75.73,2.25,Practical,No,No,No,Sunny,No,11.8,Afternoon,Provided - user uploaded timetable,Synthetic development data,60.0,5,2,1,74.75666666666667,4,10.0,0,0,0,0,High
05-01-2026,Monday,5,14:30,15:30,Java Practical,ITL21-JAVA,F_SDM_VSN_KSD_SSP,2,MCA,A,401/402,103,76,73.79,80.58,1.0,Practical,No,No,No,Sunny,No,12.3,Afternoon,Provided - user uploaded timetable,Synthetic development data,60.0,5,2,1,76.05,5,10.0,0,0,0,0,Medium
06-01-2026,Tuesday,1,9:15,10:15,Cyber Security,IT23,F_DPY,2,MCA,A,403,103,74,71.84,73.79,18.75,Theory,No,No,No,Rainy,No,11.9,Morning,Provided - user uploaded timetable,Synthetic development data,60.0,6,2,1,76.7,1,11.0,0,0,0,0,Medium
06-01-2026,Tuesday,2,10:15,11:15,Java Programming,IT21,F_VSN_SDM,2,MCA,A,403,103,76,73.79,71.84,1.0,Theory,No,Yes,No,Rainy,No,5.9,Morning,Provided - user uploaded timetable,Synthetic development data,60.0,6,2,1,75.40333333333334,2,11.0,0,1,0,0,Medium
06-01-2026,Tuesday,3,11:15,12:15,Software Project Management,IT24,F_JSP_MST,2,MCA,A,403,103,85,82.52,73.79,1.0,Theory,No,No,No,Sunny,No,6.9,Morning,Provided - user uploaded timetable,Synthetic development data,60.0,6,2,1,73.14,3,11.0,0,0,0,0,High
06-01-2026,Tuesday,4,13:30,14:30,Full Stack Development Practical,ITL21-FSD,F_ASP_RSZ_SP_KSD,2,MCA,A,401/402,103,76,73.79,82.52,2.25,Practical,No,No,No,Rainy,No,13.9,Afternoon,Provided - user uploaded timetable,Synthetic development data,60.0,6,2,1,76.05,4,11.0,0,0,0,0,Medium
06-01-2026,Tuesday,5,14:30,15:30,Full Stack Development Practical,ITL21-FSD,F_ASP_RSZ_SP_KSD,2,MCA,A,401/402,103,83,80.58,73.79,1.0,Practical,No,No,No,Sunny,No,14.1,Afternoon,Provided - user uploaded timetable,Synthetic development data,60.0,6,2,1,76.7,5,11.0,0,0,0,0,High
07-01-2026,Wednesday,1,9:15,10:15,Java Programming,IT21,F_VSN_SDM,2,MCA,A,403,103,81,78.64,80.58,18.75,Theory,No,No,No,Rainy,No,11.8,Morning,Provided - user uploaded timetable,Synthetic development data,60.0,7,2,1,78.96333333333332,1,12.0,0,0,0,0,High
07-01-2026,Wednesday,2,10:15,11:15,Full Stack Development,IT22,F_ASP_RSZ,2,MCA,A,403,103,77,74.76,78.64,1.0,Theory,No,No,No,Cloudy,No,14.9,Morning,Provided - user uploaded timetable,Synthetic development data,60.0,7,2,1,77.67,2,12.0,0,0,0,0,Medium
07-01-2026,Wednesday,3,11:15,12:15,Cyber Security,IT23,F_DPY,2,MCA,A,403,103,67,65.05,74.76,1.0,Theory,No,No,No,Rainy,No,7.9,Morning,Provided - user uploaded timetable,Synthetic development data,60.0,7,2,1,77.99333333333333,3,12.0,0,0,0,0,Medium
07-01-2026,Wednesday,4,13:30,14:30,Research Methodology,IT25,F_MLK,2,MCA,A,403,103,67,65.05,65.05,2.25,Theory,No,Yes,No,Sunny,No,9.6,Afternoon,Provided - user uploaded timetable,Synthetic development data,60.0,7,2,1,72.81666666666666,4,12.0,0,1,0,0,Medium
07-01-2026,Wednesday,5,14:30,15:30,Research Methodology,IT25,F_MLK,2,MCA,A,403,103,69,66.99,65.05,1.0,Theory,No,No,No,Sunny,No,11.2,Afternoon,Provided - user uploaded timetable,Synthetic development data,60.0,7,2,1,68.28666666666666,5,12.0,0,0,0,0,Medium
08-01-2026,Thursday,1,9:15,10:15,Full Stack Development,IT22,F_ASP_RSZ,2,MCA,A,403,103,75,72.82,66.99,18.75,Theory,No,Yes,No,Rainy,No,14.8,Morning,Provided - user uploaded timetable,Synthetic development data,60.0,8,2,1,65.69666666666666,1,13.0,0,1,0,0,Medium
08-01-2026,Thursday,2,10:15,11:15,Cyber Security,IT23,F_DPY,2,MCA,A,403,103,77,74.76,72.82,1.0,Theory,No,No,No,Cloudy,No,12.4,Morning,Provided - user uploaded timetable,Synthetic development data,60.0,8,2,1,68.28666666666665,2,13.0,0,0,0,0,Medium
08-01-2026,Thursday,3,11:15,12:15,Software Project Management,IT24,F_JSP_MST,2,MCA,A,403,103,86,83.5,74.76,1.0,Theory,No,No,No,Rainy,No,7.8,Morning,Provided - user uploaded timetable,Synthetic development data,60.0,8,2,1,71.52333333333333,3,13.0,0,0,0,0,High
08-01-2026,Thursday,4,13:30,14:30,Club Activities,CLUB,TBD,2,MCA,A,403,103,73,70.87,83.5,2.25,Special Event,No,No,No,Sunny,Yes,8.6,Afternoon,Provided - user uploaded timetable,Synthetic development data,60.0,8,2,1,77.02666666666666,4,13.0,0,0,0,1,Medium
08-01-2026,Thursday,5,14:30,15:30,IRP,IRP2,F_SDM,2,MCA,A,403,103,63,61.17,70.87,1.0,Theory,No,Yes,No,Rainy,No,3.3,Afternoon,Provided - user uploaded timetable,Synthetic development data,60.0,8,2,1,76.37666666666667,5,13.0,0,1,0,0,Medium
09-01-2026,Friday,1,9:15,10:15,Cyber Security Practical,ITL21-CYBER,F_DPY_MSU_MLK_MST,2,MCA,A,401/402,103,80,77.67,61.17,18.75,Practical,No,No,No,Sunny,No,14.6,Morning,Provided - user uploaded timetable,Synthetic development data,60.0,9,2,1,71.84666666666668,1,14.0,0,0,0,0,High
09-01-2026,Friday,2,10:15,11:15,Cyber Security Practical,ITL21-CYBER,F_DPY_MSU_MLK_MST,2,MCA,A,401/402,103,79,76.7,77.67,1.0,Practical,No,No,No,Rainy,No,6.1,Morning,Provided - user uploaded timetable,Synthetic development data,60.0,9,2,1,69.90333333333334,2,14.0,0,0,0,0,High
09-01-2026,Friday,3,11:15,12:15,Research Methodology,IT25,F_MLK,2,MCA,A,403,103,80,77.67,76.7,1.0,Theory,Yes,No,No,Rainy,No,4.0,Morning,Provided - user uploaded timetable,Synthetic development data,60.0,9,2,1,71.84666666666665,3,14.0,1,0,0,0,High
09-01-2026,Friday,4,13:30,14:30,Mini Project - Faculty Interaction,ITC21,TBD,2,MCA,A,403,103,79,76.7,77.67,2.25,Project,No,Yes,No,Sunny,No,8.6,Afternoon,Provided - user uploaded timetable,Synthetic development data,60.0,9,2,1,77.34666666666666,4,14.0,0,1,0,0,High
09-01-2026,Friday,5,14:30,15:30,Mini Project - Faculty Interaction,ITC21,TBD,2,MCA,A,403,103,72,69.9,76.7,1.0,Project,Yes,Yes,No,Sunny,No,8.6,Afternoon,Provided - user uploaded timetable,Synthetic development data,60.0,9,2,1,77.02333333333333,5,14.0,1,1,0,0,Medium
10-01-2026,Saturday,1,11:15,12:15,Training And Placement / Mini Project Training,P201,TBD,2,MCA,A,403,103,67,65.05,69.9,20.75,Project,No,No,No,Sunny,No,8.6,Morning,Provided - user uploaded timetable,Synthetic development data,60.0,10,2,1,74.75666666666666,1,15.0,0,0,0,0,Medium
12-01-2026,Monday,1,9:15,10:15,Full Stack Development,IT22,F_ASP_RSZ,2,MCA,A,403,103,65,63.11,65.05,46.0,Theory,No,No,No,Sunny,No,13.4,Morning,Provided - user uploaded timetable,Synthetic development data,60.0,12,3,1,70.55,1,17.0,0,0,0,0,Medium
12-01-2026,Monday,2,10:15,11:15,Java Programming,IT21,F_VSN_SDM,2,MCA,A,403,103,86,83.5,63.11,1.0,Theory,No,No,No,Rainy,No,11.1,Morning,Provided - user uploaded timetable,Synthetic development data,60.0,12,3,1,66.02,2,17.0,0,0,0,0,High
12-01-2026,Monday,3,11:15,12:15,Software Project Management,IT24,F_JSP_MST,2,MCA,A,403,103,81,78.64,83.5,1.0,Theory,No,No,No,Rainy,No,8.9,Morning,Provided - user uploaded timetable,Synthetic development data,60.0,12,3,1,70.55333333333333,3,17.0,0,0,0,0,High
12-01-2026,Monday,4,13:30,14:30,Java Practical,ITL21-JAVA,F_SDM_VSN_KSD_SSP,2,MCA,A,401/402,103,81,78.64,78.64,2.25,Practical,No,No,No,Rainy,No,3.3,Afternoon,Provided - user uploaded timetable,Synthetic development data,60.0,12,3,1,75.08333333333333,4,17.0,0,0,0,0,High
12-01-2026,Monday,5,14:30,15:30,Java Practical,ITL21-JAVA,F_SDM_VSN_KSD_SSP,2,MCA,A,401/402,103,83,80.58,78.64,1.0,Practical,No,No,No,Sunny,No,11.7,Afternoon,Provided - user uploaded timetable,Synthetic development data,60.0,12,3,1,80.25999999999999,5,17.0,0,0,0,0,High
13-01-2026,Tuesday,1,9:15,10:15,Cyber Security,IT23,F_DPY,2,MCA,A,403,103,70,67.96,80.58,18.75,Theory,No,No,No,Cloudy,No,9.3,Morning,Provided - user uploaded timetable,Synthetic development data,60.0,13,3,1,79.28666666666666,1,18.0,0,0,0,0,Medium
13-01-2026,Tuesday,2,10:15,11:15,Java Programming,IT21,F_VSN_SDM,2,MCA,A,403,103,79,76.7,67.96,1.0,Theory,No,No,No,Rainy,No,13.8,Morning,Provided - user uploaded timetable,Synthetic development data,60.0,13,3,1,75.72666666666665,2,18.0,0,0,0,0,High
13-01-2026,Tuesday,3,11:15,12:15,Software Project Management,IT24,F_JSP_MST,2,MCA,A,403,103,85,82.52,76.7,1.0,Theory,No,No,No,Rainy,No,9.2,Morning,Provided - user uploaded timetable,Synthetic development data,60.0,13,3,1,75.08,3,18.0,0,0,0,0,High
13-01-2026,Tuesday,4,13:30,14:30,Full Stack Development Practical,ITL21-FSD,F_ASP_RSZ_SP_KSD,2,MCA,A,401/402,103,84,81.55,82.52,2.25,Practical,No,Yes,No,Cloudy,No,13.7,Afternoon,Provided - user uploaded timetable,Synthetic development data,60.0,13,3,1,75.72666666666665,4,18.0,0,1,0,0,High
13-01-2026,Tuesday,5,14:30,15:30,Full Stack Development Practical,ITL21-FSD,F_ASP_RSZ_SP_KSD,2,MCA,A,401/402,103,80,77.67,81.55,1.0,Practical,No,No,No,Cloudy,No,4.7,Afternoon,Provided - user uploaded timetable,Synthetic development data,60.0,13,3,1,80.25666666666666,5,18.0,0,0,0,0,High
14-01-2026,Wednesday,1,9:15,10:15,Java Programming,IT21,F_VSN_SDM,2,MCA,A,403,103,79,76.7,77.67,18.75,Theory,No,No,No,Cloudy,No,4.1,Morning,Provided - user uploaded timetable,Synthetic development data,60.0,14,3,1,80.58,1,19.0,0,0,0,0,High
14-01-2026,Wednesday,2,10:15,11:15,Full Stack Development,IT22,F_ASP_RSZ,2,MCA,A,403,103,71,68.93,76.7,1.0,Theory,No,No,No,Sunny,No,13.2,Morning,Provided - user uploaded timetable,Synthetic development data,60.0,14,3,1,78.64,2,19.0,0,0,0,0,Medium
14-01-2026,Wednesday,3,11:15,12:15,Cyber Security,IT23,F_DPY,2,MCA,A,403,103,76,73.79,68.93,1.0,Theory,No,No,No,Cloudy,No,6.5,Morning,Provided - user uploaded timetable,Synthetic development data,60.0,14,3,1,74.43333333333334,3,19.0,0,0,0,0,Medium
14-01-2026,Wednesday,4,13:30,14:30,Research Methodology,IT25,F_MLK,2,MCA,A,403,103,72,69.9,73.79,2.25,Theory,No,No,No,Sunny,No,2.3,Afternoon,Provided - user uploaded timetable,Synthetic development data,60.0,14,3,1,73.14,4,19.0,0,0,0,0,Medium
14-01-2026,Wednesday,5,14:30,15:30,Research Methodology,IT25,F_MLK,2,MCA,A,403,103,71,68.93,69.9,1.0,Theory,No,No,No,Sunny,No,14.6,Afternoon,Provided - user uploaded timetable,Synthetic development data,60.0,14,3,1,70.87333333333333,5,19.0,0,0,0,0,Medium
15-01-2026,Thursday,1,9:15,10:15,Full Stack Development,IT22,F_ASP_RSZ,2,MCA,A,403,103,77,74.76,68.93,18.75,Theory,Yes,No,No,Rainy,No,14.0,Morning,Provided - user uploaded timetable,Synthetic development data,60.0,15,3,1,70.87333333333333,1,20.0,1,0,0,0,Medium
15-01-2026,Thursday,2,10:15,11:15,Cyber Security,IT23,F_DPY,2,MCA,A,403,103,76,73.79,74.76,1.0,Theory,No,No,No,Rainy,No,11.6,Morning,Provided - user uploaded timetable,Synthetic development data,60.0,15,3,1,71.19666666666667,2,20.0,0,0,0,0,Medium
15-01-2026,Thursday,3,11:15,12:15,Software Project Management,IT24,F_JSP_MST,2,MCA,A,403,103,90,87.38,73.79,1.0,Theory,No,No,No,Rainy,No,14.0,Morning,Provided - user uploaded timetable,Synthetic development data,60.0,15,3,1,72.49333333333334,3,20.0,0,0,0,0,High
15-01-2026,Thursday,4,13:30,14:30,Club Activities,CLUB,TBD,2,MCA,A,403,103,69,66.99,87.38,2.25,Special Event,No,No,No,Sunny,Yes,8.6,Afternoon,Provided - user uploaded timetable,Synthetic development data,60.0,15,3,1,78.64333333333333,4,20.0,0,0,0,1,Medium
15-01-2026,Thursday,5,14:30,15:30,IRP,IRP2,F_SDM,2,MCA,A,403,103,68,66.02,66.99,1.0,Theory,No,No,No,Cloudy,No,10.7,Afternoon,Provided - user uploaded timetable,Synthetic development data,60.0,15,3,1,76.05333333333333,5,20.0,0,0,0,0,Medium
16-01-2026,Friday,1,9:15,10:15,Cyber Security Practical,ITL21-CYBER,F_DPY_MSU_MLK_MST,2,MCA,A,401/402,103,84,81.55,66.02,18.75,Practical,No,No,No,Rainy,No,4.2,Morning,Provided - user uploaded timetable,Synthetic development data,60.0,16,3,1,73.46333333333332,1,21.0,0,0,0,0,High
16-01-2026,Friday,2,10:15,11:15,Cyber Security Practical,ITL21-CYBER,F_DPY_MSU_MLK_MST,2,MCA,A,401/402,103,87,84.47,81.55,1.0,Practical,No,No,No,Rainy,No,10.1,Morning,Provided - user uploaded timetable,Synthetic development data,60.0,16,3,1,71.52,2,21.0,0,0,0,0,High
16-01-2026,Friday,3,11:15,12:15,Research Methodology,IT25,F_MLK,2,MCA,A,403,103,76,73.79,84.47,1.0,Theory,No,No,No,Sunny,No,10.7,Morning,Provided - user uploaded timetable,Synthetic development data,60.0,16,3,1,77.34666666666666,3,21.0,0,0,0,0,Medium
16-01-2026,Friday,4,13:30,14:30,Mini Project - Faculty Interaction,ITC21,TBD,2,MCA,A,403,103,66,64.08,73.79,2.25,Project,No,No,No,Sunny,No,8.6,Afternoon,Provided - user uploaded timetable,Synthetic development data,60.0,16,3,1,79.93666666666667,4,21.0,0,0,0,0,Medium
16-01-2026,Friday,5,14:30,15:30,Mini Project - Faculty Interaction,ITC21,TBD,2,MCA,A,403,103,78,75.73,64.08,1.0,Project,Yes,No,No,Rainy,No,8.6,Afternoon,Provided - user uploaded timetable,Synthetic development data,60.0,16,3,1,74.11333333333333,5,21.0,1,0,0,0,High
17-01-2026,Saturday,1,11:15,12:15,Training And Placement / Mini Project Training,P201,TBD,2,MCA,A,403,103,70,67.96,75.73,20.75,Project,No,No,No,Cloudy,No,8.6,Morning,Provided - user uploaded timetable,Synthetic development data,60.0,17,3,1,71.2,1,22.0,0,0,0,0,Medium
19-01-2026,Monday,1,9:15,10:15,Full Stack Development,IT22,F_ASP_RSZ,2,MCA,A,403,103,73,70.87,67.96,46.0,Theory,No,No,No,Cloudy,No,10.0,Morning,Provided - user uploaded timetable,Synthetic development data,60.0,19,4,1,69.25666666666666,1,24.0,0,0,0,0,Medium
19-01-2026,Monday,2,10:15,11:15,Java Programming,IT21,F_VSN_SDM,2,MCA,A,403,103,78,75.73,70.87,1.0,Theory,No,No,No,Rainy,No,7.8,Morning,Provided - user uploaded timetable,Synthetic development data,60.0,19,4,1,71.52,2,24.0,0,0,0,0,High
19-01-2026,Monday,3,11:15,12:15,Software Project Management,IT24,F_JSP_MST,2,MCA,A,403,103,81,78.64,75.73,1.0,Theory,No,No,No,Cloudy,No,5.4,Morning,Provided - user uploaded timetable,Synthetic development data,60.0,19,4,1,71.52,3,24.0,0,0,0,0,High
19-01-2026,Monday,4,13:30,14:30,Java Practical,ITL21-JAVA,F_SDM_VSN_KSD_SSP,2,MCA,A,401/402,103,80,77.67,78.64,2.25,Practical,No,No,No,Rainy,No,8.3,Afternoon,Provided - user uploaded timetable,Synthetic development data,60.0,19,4,1,75.08,4,24.0,0,0,0,0,High
19-01-2026,Monday,5,14:30,15:30,Java Practical,ITL21-JAVA,F_SDM_VSN_KSD_SSP,2,MCA,A,401/402,103,74,71.84,77.67,1.0,Practical,No,No,No,Rainy,No,5.7,Afternoon,Provided - user uploaded timetable,Synthetic development data,60.0,19,4,1,77.34666666666668,5,24.0,0,0,0,0,Medium
20-01-2026,Tuesday,1,9:15,10:15,Cyber Security,IT23,F_DPY,2,MCA,A,403,103,70,67.96,71.84,18.75,Theory,No,Yes,No,Cloudy,No,5.9,Morning,Provided - user uploaded timetable,Synthetic development data,60.0,20,4,1,76.05,1,25.0,0,1,0,0,Medium
20-01-2026,Tuesday,2,10:15,11:15,Java Programming,IT21,F_VSN_SDM,2,MCA,A,403,103,80,77.67,67.96,1.0,Theory,No,No,No,Cloudy,No,9.0,Morning,Provided - user uploaded timetable,Synthetic development data,60.0,20,4,1,72.49,2,25.0,0,0,0,0,High
20-01-2026,Tuesday,3,11:15,12:15,Software Project Management,IT24,F_JSP_MST,2,MCA,A,403,103,85,82.52,77.67,1.0,Theory,No,No,No,Sunny,No,8.3,Morning,Provided - user uploaded timetable,Synthetic development data,60.0,20,4,1,72.49,3,25.0,0,0,0,0,High
20-01-2026,Tuesday,4,13:30,14:30,Full Stack Development Practical,ITL21-FSD,F_ASP_RSZ_SP_KSD,2,MCA,A,401/402,103,76,73.79,82.52,2.25,Practical,No,No,No,Cloudy,No,6.4,Afternoon,Provided - user uploaded timetable,Synthetic development data,60.0,20,4,1,76.05,4,25.0,0,0,0,0,Medium
20-01-2026,Tuesday,5,14:30,15:30,Full Stack Development Practical,ITL21-FSD,F_ASP_RSZ_SP_KSD,2,MCA,A,401/402,103,84,81.55,73.79,1.0,Practical,No,No,No,Sunny,No,12.9,Afternoon,Provided - user uploaded timetable,Synthetic development data,60.0,20,4,1,77.99333333333334,5,25.0,0,0,0,0,High
21-01-2026,Wednesday,1,9:15,10:15,Java Programming,IT21,F_VSN_SDM,2,MCA,A,403,103,75,72.82,81.55,18.75,Theory,No,No,No,Cloudy,No,12.9,Morning,Provided - user uploaded timetable,Synthetic development data,60.0,21,4,1,79.28666666666666,1,26.0,0,0,0,0,Medium
21-01-2026,Wednesday,2,10:15,11:15,Full Stack Development,IT22,F_ASP_RSZ,2,MCA,A,403,103,71,68.93,72.82,1.0,Theory,No,No,No,Sunny,No,15.0,Morning,Provided - user uploaded timetable,Synthetic development data,60.0,21,4,1,76.05333333333333,2,26.0,0,0,0,0,Medium
21-01-2026,Wednesday,3,11:15,12:15,Cyber Security,IT23,F_DPY,2,MCA,A,403,103,77,74.76,68.93,1.0,Theory,No,No,No,Rainy,No,2.5,Morning,Provided - user uploaded timetable,Synthetic development data,60.0,21,4,1,74.43333333333332,3,26.0,0,0,0,0,Medium
21-01-2026,Wednesday,4,13:30,14:30,Research Methodology,IT25,F_MLK,2,MCA,A,403,103,73,70.87,74.76,2.25,Theory,Yes,No,No,Sunny,No,10.1,Afternoon,Provided - user uploaded timetable,Synthetic development data,60.0,21,4,1,72.17,4,26.0,1,0,0,0,Medium
21-01-2026,Wednesday,5,14:30,15:30,Research Methodology,IT25,F_MLK,2,MCA,A,403,103,72,69.9,70.87,1.0,Theory,No,No,No,Sunny,No,9.3,Afternoon,Provided - user uploaded timetable,Synthetic development data,60.0,21,4,1,71.52,5,26.0,0,0,0,0,Medium
22-01-2026,Thursday,1,9:15,10:15,Full Stack Development,IT22,F_ASP_RSZ,2,MCA,A,403,103,88,85.44,69.9,18.75,Theory,No,No,No,Cloudy,No,13.1,Morning,Provided - user uploaded timetable,Synthetic development data,60.0,22,4,1,71.84333333333335,1,27.0,0,0,0,0,High
22-01-2026,Thursday,2,10:15,11:15,Cyber Security,IT23,F_DPY,2,MCA,A,403,103,77,74.76,85.44,1.0,Theory,No,No,No,Rainy,No,12.2,Morning,Provided - user uploaded timetable,Synthetic development data,60.0,22,4,1,75.40333333333332,2,27.0,0,0,0,0,Medium
22-01-2026,Thursday,3,11:15,12:15,Software Project Management,IT24,F_JSP_MST,2,MCA,A,403,103,74,71.84,74.76,1.0,Theory,No,No,No,Cloudy,No,2.9,Morning,Provided - user uploaded timetable,Synthetic development data,60.0,22,4,1,76.7,3,27.0,0,0,0,0,Medium
22-01-2026,Thursday,4,13:30,14:30,Club Activities,CLUB,TBD,2,MCA,A,403,103,71,68.93,71.84,2.25,Special Event,No,Yes,No,Cloudy,Yes,8.6,Afternoon,Provided - user uploaded timetable,Synthetic development data,60.0,22,4,1,77.34666666666666,4,27.0,0,1,0,1,Medium
22-01-2026,Thursday,5,14:30,15:30,IRP,IRP2,F_SDM,2,MCA,A,403,103,62,60.19,68.93,1.0,Theory,No,Yes,No,Cloudy,No,10.3,Afternoon,Provided - user uploaded timetable,Synthetic development data,60.0,22,4,1,71.84333333333333,5,27.0,0,1,0,0,Medium
23-01-2026,Friday,1,9:15,10:15,Cyber Security Practical,ITL21-CYBER,F_DPY_MSU_MLK_MST,2,MCA,A,401/402,103,90,87.38,60.19,18.75,Practical,No,No,No,Cloudy,No,2.4,Morning,Provided - user uploaded timetable,Synthetic development data,60.0,23,4,1,66.98666666666666,1,28.0,0,0,0,0,High
23-01-2026,Friday,2,10:15,11:15,Cyber Security Practical,ITL21-CYBER,F_DPY_MSU_MLK_MST,2,MCA,A,401/402,103,95,92.23,87.38,1.0,Practical,No,No,No,Sunny,No,6.6,Morning,Provided - user uploaded timetable,Synthetic development data,60.0,23,4,1,72.16666666666667,2,28.0,0,0,0,0,High
23-01-2026,Friday,3,11:15,12:15,Research Methodology,IT25,F_MLK,2,MCA,A,403,103,75,72.82,92.23,1.0,Theory,No,No,No,Rainy,No,11.1,Morning,Provided - user uploaded timetable,Synthetic development data,60.0,23,4,1,79.93333333333334,3,28.0,0,0,0,0,Medium
23-01-2026,Friday,4,13:30,14:30,Mini Project - Faculty Interaction,ITC21,TBD,2,MCA,A,403,103,68,66.02,72.82,2.25,Project,No,Yes,No,Sunny,No,8.6,Afternoon,Provided - user uploaded timetable,Synthetic development data,60.0,23,4,1,84.14333333333333,4,28.0,0,1,0,0,Medium
23-01-2026,Friday,5,14:30,15:30,Mini Project - Faculty Interaction,ITC21,TBD,2,MCA,A,403,103,68,66.02,66.02,1.0,Project,No,No,No,Cloudy,No,8.6,Afternoon,Provided - user uploaded timetable,Synthetic development data,60.0,23,4,1,77.02333333333333,5,28.0,0,0,0,0,Medium
24-01-2026,Saturday,1,11:15,12:15,Training And Placement / Mini Project Training,P201,TBD,2,MCA,A,403,103,67,65.05,66.02,20.75,Project,No,No,No,Sunny,No,8.6,Morning,Provided - user uploaded timetable,Synthetic development data,60.0,24,4,1,68.28666666666665,1,29.0,0,0,0,0,Medium
27-01-2026,Tuesday,1,9:15,10:15,Cyber Security,IT23,F_DPY,2,MCA,A,403,103,67,65.05,65.05,70.0,Theory,No,No,Yes,Cloudy,No,5.6,Morning,Provided - user uploaded timetable,Synthetic development data,60.0,27,5,1,65.69666666666666,1,32.0,0,0,1,0,Medium
27-01-2026,Tuesday,2,10:15,11:15,Java Programming,IT21,F_VSN_SDM,2,MCA,A,403,103,89,86.41,65.05,1.0,Theory,No,No,Yes,Rainy,No,5.7,Morning,Provided - user uploaded timetable,Synthetic development data,60.0,27,5,1,65.37333333333333,2,32.0,0,0,1,0,High
27-01-2026,Tuesday,3,11:15,12:15,Software Project Management,IT24,F_JSP_MST,2,MCA,A,403,103,77,74.76,86.41,1.0,Theory,No,No,Yes,Sunny,No,6.7,Morning,Provided - user uploaded timetable,Synthetic development data,60.0,27,5,1,72.17,3,32.0,0,0,1,0,Medium
27-01-2026,Tuesday,4,13:30,14:30,Full Stack Development Practical,ITL21-FSD,F_ASP_RSZ_SP_KSD,2,MCA,A,401/402,103,72,69.9,74.76,2.25,Practical,No,No,Yes,Sunny,No,5.6,Afternoon,Provided - user uploaded timetable,Synthetic development data,60.0,27,5,1,75.40666666666665,4,32.0,0,0,1,0,Medium
27-01-2026,Tuesday,5,14:30,15:30,Full Stack Development Practical,ITL21-FSD,F_ASP_RSZ_SP_KSD,2,MCA,A,401/402,103,71,68.93,69.9,1.0,Practical,No,No,Yes,Rainy,No,14.3,Afternoon,Provided - user uploaded timetable,Synthetic development data,60.0,27,5,1,77.02333333333333,5,32.0,0,0,1,0,Medium
28-01-2026,Wednesday,1,9:15,10:15,Java Programming,IT21,F_VSN_SDM,2,MCA,A,403,103,77,74.76,68.93,18.75,Theory,No,No,No,Sunny,No,14.9,Morning,Provided - user uploaded timetable,Synthetic development data,60.0,28,5,1,71.19666666666667,1,1.0,0,0,0,0,Medium
28-01-2026,Wednesday,2,10:15,11:15,Full Stack Development,IT22,F_ASP_RSZ,2,MCA,A,403,103,70,67.96,74.76,1.0,Theory,No,No,No,Rainy,No,9.7,Morning,Provided - user uploaded timetable,Synthetic development data,60.0,28,5,1,71.19666666666666,2,1.0,0,0,0,0,Medium
28-01-2026,Wednesday,3,11:15,12:15,Cyber Security,IT23,F_DPY,2,MCA,A,403,103,72,69.9,67.96,1.0,Theory,No,No,No,Cloudy,No,7.9,Morning,Provided - user uploaded timetable,Synthetic development data,60.0,28,5,1,70.55,3,1.0,0,0,0,0,Medium
28-01-2026,Wednesday,4,13:30,14:30,Research Methodology,IT25,F_MLK,2,MCA,A,403,103,75,72.82,69.9,2.25,Theory,No,No,No,Cloudy,No,6.0,Afternoon,Provided - user uploaded timetable,Synthetic development data,60.0,28,5,1,70.87333333333332,4,1.0,0,0,0,0,Medium
28-01-2026,Wednesday,5,14:30,15:30,Research Methodology,IT25,F_MLK,2,MCA,A,403,103,72,69.9,72.82,1.0,Theory,No,No,No,Rainy,No,3.3,Afternoon,Provided - user uploaded timetable,Synthetic development data,60.0,28,5,1,70.22666666666666,5,1.0,0,0,0,0,Medium
29-01-2026,Thursday,1,9:15,10:15,Full Stack Development,IT22,F_ASP_RSZ,2,MCA,A,403,103,79,76.7,69.9,18.75,Theory,No,No,No,Sunny,No,7.5,Morning,Provided - user uploaded timetable,Synthetic development data,60.0,29,5,1,70.87333333333332,1,2.0,0,0,0,0,High
29-01-2026,Thursday,2,10:15,11:15,Cyber Security,IT23,F_DPY,2,MCA,A,403,103,68,66.02,76.7,1.0,Theory,No,No,No,Cloudy,No,12.7,Morning,Provided - user uploaded timetable,Synthetic development data,60.0,29,5,1,73.13999999999999,2,2.0,0,0,0,0,Medium
29-01-2026,Thursday,3,11:15,12:15,Software Project Management,IT24,F_JSP_MST,2,MCA,A,403,103,82,79.61,66.02,1.0,Theory,Yes,No,No,Cloudy,No,9.7,Morning,Provided - user uploaded timetable,Synthetic development data,60.0,29,5,1,70.87333333333332,3,2.0,1,0,0,0,High
29-01-2026,Thursday,4,13:30,14:30,Club Activities,CLUB,TBD,2,MCA,A,403,103,71,68.93,79.61,2.25,Special Event,No,No,No,Cloudy,Yes,8.6,Afternoon,Provided - user uploaded timetable,Synthetic development data,60.0,29,5,1,74.11,4,2.0,0,0,0,1,Medium
29-01-2026,Thursday,5,14:30,15:30,IRP,IRP2,F_SDM,2,MCA,A,403,103,73,70.87,68.93,1.0,Theory,No,No,No,Rainy,No,7.2,Afternoon,Provided - user uploaded timetable,Synthetic development data,60.0,29,5,1,71.52,5,2.0,0,0,0,0,Medium
30-01-2026,Friday,1,9:15,10:15,Cyber Security Practical,ITL21-CYBER,F_DPY_MSU_MLK_MST,2,MCA,A,401/402,103,88,85.44,70.87,18.75,Practical,No,No,No,Sunny,No,15.0,Morning,Provided - user uploaded timetable,Synthetic development data,60.0,30,5,1,73.13666666666667,1,3.0,0,0,0,0,High
30-01-2026,Friday,2,10:15,11:15,Cyber Security Practical,ITL21-CYBER,F_DPY_MSU_MLK_MST,2,MCA,A,401/402,103,100,97.09,85.44,1.0,Practical,No,No,No,Sunny,No,8.1,Morning,Provided - user uploaded timetable,Synthetic development data,60.0,30,5,1,75.08,2,3.0,0,0,0,0,High
30-01-2026,Friday,3,11:15,12:15,Research Methodology,IT25,F_MLK,2,MCA,A,403,103,79,76.7,97.09,1.0,Theory,No,No,No,Sunny,No,13.2,Morning,Provided - user uploaded timetable,Synthetic development data,60.0,30,5,1,84.46666666666665,3,3.0,0,0,0,0,High
30-01-2026,Friday,4,13:30,14:30,Mini Project - Faculty Interaction,ITC21,TBD,2,MCA,A,403,103,78,75.73,76.7,2.25,Project,No,No,No,Cloudy,No,8.6,Afternoon,Provided - user uploaded timetable,Synthetic development data,60.0,30,5,1,86.41000000000001,4,3.0,0,0,0,0,High
30-01-2026,Friday,5,14:30,15:30,Mini Project - Faculty Interaction,ITC21,TBD,2,MCA,A,403,103,77,74.76,75.73,1.0,Project,No,No,No,Rainy,No,8.6,Afternoon,Provided - user uploaded timetable,Synthetic development data,60.0,30,5,1,83.17333333333333,5,3.0,0,0,0,0,Medium
31-01-2026,Saturday,1,11:15,12:15,Training And Placement / Mini Project Training,P201,TBD,2,MCA,A,403,103,64,62.14,74.76,20.75,Project,No,No,No,Cloudy,No,8.6,Morning,Provided - user uploaded timetable,Synthetic development data,60.0,31,5,1,75.73,1,4.0,0,0,0,0,Medium
02-02-2026,Monday,1,9:15,10:15,Full Stack Development,IT22,F_ASP_RSZ,2,MCA,A,403,103,90,87.38,62.14,46.0,Theory,No,No,No,Cloudy,No,9.2,Morning,Provided - user uploaded timetable,Synthetic development data,60.0,33,6,2,70.87666666666667,1,6.0,0,0,0,0,High
02-02-2026,Monday,2,10:15,11:15,Java Programming,IT21,F_VSN_SDM,2,MCA,A,403,103,72,69.9,87.38,1.0,Theory,No,Yes,No,Sunny,No,8.0,Morning,Provided - user uploaded timetable,Synthetic development data,60.0,33,6,2,74.75999999999999,2,6.0,0,1,0,0,Medium
02-02-2026,Monday,3,11:15,12:15,Software Project Management,IT24,F_JSP_MST,2,MCA,A,403,103,84,81.55,69.9,1.0,Theory,No,No,No,Cloudy,No,14.1,Morning,Provided - user uploaded timetable,Synthetic development data,60.0,33,6,2,73.14,3,6.0,0,0,0,0,High
02-02-2026,Monday,4,13:30,14:30,Java Practical,ITL21-JAVA,F_SDM_VSN_KSD_SSP,2,MCA,A,401/402,103,74,71.84,81.55,2.25,Practical,No,No,No,Cloudy,No,12.9,Afternoon,Provided - user uploaded timetable,Synthetic development data,60.0,33,6,2,79.61,4,6.0,0,0,0,0,Medium
02-02-2026,Monday,5,14:30,15:30,Java Practical,ITL21-JAVA,F_SDM_VSN_KSD_SSP,2,MCA,A,401/402,103,80,77.67,71.84,1.0,Practical,No,No,No,Rainy,No,3.9,Afternoon,Provided - user uploaded timetable,Synthetic development data,60.0,33,6,2,74.42999999999999,5,6.0,0,0,0,0,High
03-02-2026,Tuesday,1,9:15,10:15,Cyber Security,IT23,F_DPY,2,MCA,A,403,103,70,67.96,77.67,18.75,Theory,No,No,No,Cloudy,No,7.9,Morning,Provided - user uploaded timetable,Synthetic development data,60.0,34,6,2,77.02,1,7.0,0,0,0,0,Medium
03-02-2026,Tuesday,2,10:15,11:15,Java Programming,IT21,F_VSN_SDM,2,MCA,A,403,103,82,79.61,67.96,1.0,Theory,No,No,No,Rainy,No,5.1,Morning,Provided - user uploaded timetable,Synthetic development data,60.0,34,6,2,72.49,2,7.0,0,0,0,0,High
03-02-2026,Tuesday,3,11:15,12:15,Software Project Management,IT24,F_JSP_MST,2,MCA,A,403,103,81,78.64,79.61,1.0,Theory,No,No,No,Cloudy,No,2.6,Morning,Provided - user uploaded timetable,Synthetic development data,60.0,34,6,2,75.08,3,7.0,0,0,0,0,High
03-02-2026,Tuesday,4,13:30,14:30,Full Stack Development Practical,ITL21-FSD,F_ASP_RSZ_SP_KSD,2,MCA,A,401/402,103,79,76.7,78.64,2.25,Practical,No,No,No,Cloudy,No,7.0,Afternoon,Provided - user uploaded timetable,Synthetic development data,60.0,34,6,2,75.40333333333332,4,7.0,0,0,0,0,High
03-02-2026,Tuesday,5,14:30,15:30,Full Stack Development Practical,ITL21-FSD,F_ASP_RSZ_SP_KSD,2,MCA,A,401/402,103,93,90.29,76.7,1.0,Practical,No,No,No,Sunny,No,8.4,Afternoon,Provided - user uploaded timetable,Synthetic development data,60.0,34,6,2,78.31666666666666,5,7.0,0,0,0,0,High
04-02-2026,Wednesday,1,9:15,10:15,Java Programming,IT21,F_VSN_SDM,2,MCA,A,403,103,77,74.76,90.29,18.75,Theory,No,No,No,Rainy,No,13.2,Morning,Provided - user uploaded timetable,Synthetic development data,60.0,35,6,2,81.87666666666667,1,8.0,0,0,0,0,Medium
04-02-2026,Wednesday,2,10:15,11:15,Full Stack Development,IT22,F_ASP_RSZ,2,MCA,A,403,103,78,75.73,74.76,1.0,Theory,No,No,No,Rainy,No,13.5,Morning,Provided - user uploaded timetable,Synthetic development data,60.0,35,6,2,80.58333333333333,2,8.0,0,0,0,0,High
04-02-2026,Wednesday,3,11:15,12:15,Cyber Security,IT23,F_DPY,2,MCA,A,403,103,77,74.76,75.73,1.0,Theory,No,No,No,Rainy,No,2.9,Morning,Provided - user uploaded timetable,Synthetic development data,60.0,35,6,2,80.26,3,8.0,0,0,0,0,Medium
04-02-2026,Wednesday,4,13:30,14:30,Research Methodology,IT25,F_MLK,2,MCA,A,403,103,76,73.79,74.76,2.25,Theory,No,No,No,Sunny,No,11.7,Afternoon,Provided - user uploaded timetable,Synthetic development data,60.0,35,6,2,75.08333333333333,4,8.0,0,0,0,0,Medium
04-02-2026,Wednesday,5,14:30,15:30,Research Methodology,IT25,F_MLK,2,MCA,A,403,103,65,63.11,73.79,1.0,Theory,No,Yes,No,Rainy,No,11.2,Afternoon,Provided - user uploaded timetable,Synthetic development data,60.0,35,6,2,74.76,5,8.0,0,1,0,0,Medium
05-02-2026,Thursday,1,9:15,10:15,Full Stack Development,IT22,F_ASP_RSZ,2,MCA,A,403,103,72,69.9,63.11,18.75,Theory,No,No,No,Cloudy,No,8.0,Morning,Provided - user uploaded timetable,Synthetic development data,60.0,36,6,2,70.55333333333334,1,9.0,0,0,0,0,Medium
05-02-2026,Thursday,2,10:15,11:15,Cyber Security,IT23,F_DPY,2,MCA,A,403,103,79,76.7,69.9,1.0,Theory,No,No,No,Cloudy,No,13.7,Morning,Provided - user uploaded timetable,Synthetic development data,60.0,36,6,2,68.93333333333334,2,9.0,0,0,0,0,High
05-02-2026,Thursday,3,11:15,12:15,Software Project Management,IT24,F_JSP_MST,2,MCA,A,403,103,91,88.35,76.7,1.0,Theory,No,No,No,Cloudy,No,14.3,Morning,Provided - user uploaded timetable,Synthetic development data,60.0,36,6,2,69.90333333333332,3,9.0,0,0,0,0,High
05-02-2026,Thursday,4,13:30,14:30,Club Activities,CLUB,TBD,2,MCA,A,403,103,73,70.87,88.35,2.25,Special Event,No,No,No,Cloudy,Yes,8.6,Afternoon,Provided - user uploaded timetable,Synthetic development data,60.0,36,6,2,78.31666666666666,4,9.0,0,0,0,1,Medium
05-02-2026,Thursday,5,14:30,15:30,IRP,IRP2,F_SDM,2,MCA,A,403,103,59,57.28,70.87,1.0,Theory,No,No,No,Cloudy,No,4.6,Afternoon,Provided - user uploaded timetable,Synthetic development data,60.0,36,6,2,78.64,5,9.0,0,0,0,0,Medium
06-02-2026,Friday,1,9:15,10:15,Cyber Security Practical,ITL21-CYBER,F_DPY_MSU_MLK_MST,2,MCA,A,401/402,103,81,78.64,57.28,18.75,Practical,No,No,No,Sunny,No,10.3,Morning,Provided - user uploaded timetable,Synthetic development data,60.0,37,6,2,72.16666666666666,1,10.0,0,0,0,0,High
06-02-2026,Friday,2,10:15,11:15,Cyber Security Practical,ITL21-CYBER,F_DPY_MSU_MLK_MST,2,MCA,A,401/402,103,85,82.52,78.64,1.0,Practical,No,No,No,Rainy,No,12.0,Morning,Provided - user uploaded timetable,Synthetic development data,60.0,37,6,2,68.92999999999999,2,10.0,0,0,0,0,High
06-02-2026,Friday,3,11:15,12:15,Research Methodology,IT25,F_MLK,2,MCA,A,403,103,60,58.25,82.52,1.0,Theory,No,No,No,Sunny,No,13.7,Morning,Provided - user uploaded timetable,Synthetic development data,60.0,37,6,2,72.81333333333332,3,10.0,0,0,0,0,Medium
06-02-2026,Friday,4,13:30,14:30,Mini Project - Faculty Interaction,ITC21,TBD,2,MCA,A,403,103,67,65.05,58.25,2.25,Project,No,No,No,Cloudy,No,8.6,Afternoon,Provided - user uploaded timetable,Synthetic development data,60.0,37,6,2,73.13666666666666,4,10.0,0,0,0,0,Medium
06-02-2026,Friday,5,14:30,15:30,Mini Project - Faculty Interaction,ITC21,TBD,2,MCA,A,403,103,71,68.93,65.05,1.0,Project,Yes,No,No,Sunny,No,8.6,Afternoon,Provided - user uploaded timetable,Synthetic development data,60.0,37,6,2,68.60666666666667,5,10.0,1,0,0,0,Medium
07-02-2026,Saturday,1,11:15,12:15,Training And Placement / Mini Project Training,P201,TBD,2,MCA,A,403,103,74,71.84,68.93,20.75,Project,No,No,No,Rainy,No,8.6,Morning,Provided - user uploaded timetable,Synthetic development data,60.0,38,6,2,64.07666666666667,1,11.0,0,0,0,0,Medium
09-02-2026,Monday,1,9:15,10:15,Full Stack Development,IT22,F_ASP_RSZ,2,MCA,A,403,103,84,81.55,71.84,46.0,Theory,No,No,No,Sunny,No,5.4,Morning,Provided - user uploaded timetable,Synthetic development data,60.0,40,7,2,68.60666666666667,1,13.0,0,0,0,0,High
09-02-2026,Monday,2,10:15,11:15,Java Programming,IT21,F_VSN_SDM,2,MCA,A,403,103,81,78.64,81.55,1.0,Theory,No,No,No,Rainy,No,10.7,Morning,Provided - user uploaded timetable,Synthetic development data,60.0,40,7,2,74.10666666666667,2,13.0,0,0,0,0,High
09-02-2026,Monday,3,11:15,12:15,Software Project Management,IT24,F_JSP_MST,2,MCA,A,403,103,75,72.82,78.64,1.0,Theory,No,No,No,Cloudy,No,3.4,Morning,Provided - user uploaded timetable,Synthetic development data,60.0,40,7,2,77.34333333333332,3,13.0,0,0,0,0,Medium
09-02-2026,Monday,4,13:30,14:30,Java Practical,ITL21-JAVA,F_SDM_VSN_KSD_SSP,2,MCA,A,401/402,103,85,82.52,72.82,2.25,Practical,No,Yes,No,Rainy,No,6.3,Afternoon,Provided - user uploaded timetable,Synthetic development data,60.0,40,7,2,77.67,4,13.0,0,1,0,0,High
09-02-2026,Monday,5,14:30,15:30,Java Practical,ITL21-JAVA,F_SDM_VSN_KSD_SSP,2,MCA,A,401/402,103,83,80.58,82.52,1.0,Practical,No,No,No,Rainy,No,12.7,Afternoon,Provided - user uploaded timetable,Synthetic development data,60.0,40,7,2,77.99333333333333,5,13.0,0,0,0,0,High
10-02-2026,Tuesday,1,9:15,10:15,Cyber Security,IT23,F_DPY,2,MCA,A,403,103,82,79.61,80.58,18.75,Theory,No,No,No,Rainy,No,7.3,Morning,Provided - user uploaded timetable,Synthetic development data,60.0,41,7,2,78.64,1,14.0,0,0,0,0,High
10-02-2026,Tuesday,2,10:15,11:15,Java Programming,IT21,F_VSN_SDM,2,MCA,A,403,103,75,72.82,79.61,1.0,Theory,No,Yes,No,Cloudy,No,4.8,Morning,Provided - user uploaded timetable,Synthetic development data,60.0,41,7,2,80.90333333333332,2,14.0,0,1,0,0,Medium
10-02-2026,Tuesday,3,11:15,12:15,Software Project Management,IT24,F_JSP_MST,2,MCA,A,403,103,91,88.35,72.82,1.0,Theory,No,No,No,Cloudy,No,3.3,Morning,Provided - user uploaded timetable,Synthetic development data,60.0,41,7,2,77.67,3,14.0,0,0,0,0,High
10-02-2026,Tuesday,4,13:30,14:30,Full Stack Development Practical,ITL21-FSD,F_ASP_RSZ_SP_KSD,2,MCA,A,401/402,103,72,69.9,88.35,2.25,Practical,No,No,No,Rainy,No,6.7,Afternoon,Provided - user uploaded timetable,Synthetic development data,60.0,41,7,2,80.25999999999999,4,14.0,0,0,0,0,Medium
10-02-2026,Tuesday,5,14:30,15:30,Full Stack Development Practical,ITL21-FSD,F_ASP_RSZ_SP_KSD,2,MCA,A,401/402,103,82,79.61,69.9,1.0,Practical,No,No,No,Sunny,No,14.3,Afternoon,Provided - user uploaded timetable,Synthetic development data,60.0,41,7,2,77.02333333333333,5,14.0,0,0,0,0,High
11-02-2026,Wednesday,1,9:15,10:15,Java Programming,IT21,F_VSN_SDM,2,MCA,A,403,103,78,75.73,79.61,18.75,Theory,Yes,No,No,Sunny,No,14.8,Morning,Provided - user uploaded timetable,Synthetic development data,60.0,42,7,2,79.28666666666666,1,15.0,1,0,0,0,High
11-02-2026,Wednesday,2,10:15,11:15,Full Stack Development,IT22,F_ASP_RSZ,2,MCA,A,403,103,83,80.58,75.73,1.0,Theory,No,No,No,Sunny,No,10.6,Morning,Provided - user uploaded timetable,Synthetic development data,60.0,42,7,2,75.08,2,15.0,0,0,0,0,High
11-02-2026,Wednesday,3,11:15,12:15,Cyber Security,IT23,F_DPY,2,MCA,A,403,103,76,73.79,80.58,1.0,Theory,Yes,Yes,No,Sunny,No,9.7,Morning,Provided - user uploaded timetable,Synthetic development data,60.0,42,7,2,78.64,3,15.0,1,1,0,0,Medium
11-02-2026,Wednesday,4,13:30,14:30,Research Methodology,IT25,F_MLK,2,MCA,A,403,103,68,66.02,73.79,2.25,Theory,Yes,No,No,Sunny,No,11.6,Afternoon,Provided - user uploaded timetable,Synthetic development data,60.0,42,7,2,76.7,4,15.0,1,0,0,0,Medium
11-02-2026,Wednesday,5,14:30,15:30,Research Methodology,IT25,F_MLK,2,MCA,A,403,103,76,73.79,66.02,1.0,Theory,No,No,No,Cloudy,No,7.8,Afternoon,Provided - user uploaded timetable,Synthetic development data,60.0,42,7,2,73.46333333333332,5,15.0,0,0,0,0,Medium
12-02-2026,Thursday,1,9:15,10:15,Full Stack Development,IT22,F_ASP_RSZ,2,MCA,A,403,103,82,79.61,73.79,18.75,Theory,No,No,No,Rainy,No,10.2,Morning,Provided - user uploaded timetable,Synthetic development data,60.0,43,7,2,71.2,1,16.0,0,0,0,0,High
12-02-2026,Thursday,2,10:15,11:15,Cyber Security,IT23,F_DPY,2,MCA,A,403,103,77,74.76,79.61,1.0,Theory,No,No,No,Rainy,No,8.9,Morning,Provided - user uploaded timetable,Synthetic development data,60.0,43,7,2,73.14,2,16.0,0,0,0,0,Medium
12-02-2026,Thursday,3,11:15,12:15,Software Project Management,IT24,F_JSP_MST,2,MCA,A,403,103,80,77.67,74.76,1.0,Theory,No,No,No,Sunny,No,12.3,Morning,Provided - user uploaded timetable,Synthetic development data,60.0,43,7,2,76.05333333333333,3,16.0,0,0,0,0,High
12-02-2026,Thursday,4,13:30,14:30,Club Activities,CLUB,TBD,2,MCA,A,403,103,69,66.99,77.67,2.25,Special Event,No,No,No,Rainy,Yes,8.6,Afternoon,Provided - user uploaded timetable,Synthetic development data,60.0,43,7,2,77.34666666666666,4,16.0,0,0,0,1,Medium
12-02-2026,Thursday,5,14:30,15:30,IRP,IRP2,F_SDM,2,MCA,A,403,103,74,71.84,66.99,1.0,Theory,No,No,No,Cloudy,No,13.5,Afternoon,Provided - user uploaded timetable,Synthetic development data,60.0,43,7,2,73.14,5,16.0,0,0,0,0,Medium
13-02-2026,Friday,1,9:15,10:15,Cyber Security Practical,ITL21-CYBER,F_DPY_MSU_MLK_MST,2,MCA,A,401/402,103,90,87.38,71.84,18.75,Practical,No,No,No,Sunny,No,7.3,Morning,Provided - user uploaded timetable,Synthetic development data,60.0,44,7,2,72.16666666666667,1,17.0,0,0,0,0,High
13-02-2026,Friday,2,10:15,11:15,Cyber Security Practical,ITL21-CYBER,F_DPY_MSU_MLK_MST,2,MCA,A,401/402,103,90,87.38,87.38,1.0,Practical,No,No,No,Cloudy,No,13.3,Morning,Provided - user uploaded timetable,Synthetic development data,60.0,44,7,2,75.40333333333332,2,17.0,0,0,0,0,High
13-02-2026,Friday,3,11:15,12:15,Research Methodology,IT25,F_MLK,2,MCA,A,403,103,83,80.58,87.38,1.0,Theory,No,No,No,Rainy,No,6.1,Morning,Provided - user uploaded timetable,Synthetic development data,60.0,44,7,2,82.19999999999999,3,17.0,0,0,0,0,High
13-02-2026,Friday,4,13:30,14:30,Mini Project - Faculty Interaction,ITC21,TBD,2,MCA,A,403,103,72,69.9,80.58,2.25,Project,No,No,No,Sunny,No,8.6,Afternoon,Provided - user uploaded timetable,Synthetic development data,60.0,44,7,2,85.11333333333333,4,17.0,0,0,0,0,Medium
13-02-2026,Friday,5,14:30,15:30,Mini Project - Faculty Interaction,ITC21,TBD,2,MCA,A,403,103,76,73.79,69.9,1.0,Project,No,No,No,Sunny,No,8.6,Afternoon,Provided - user uploaded timetable,Synthetic development data,60.0,44,7,2,79.28666666666666,5,17.0,0,0,0,0,Medium
14-02-2026,Saturday,1,11:15,12:15,Training And Placement / Mini Project Training,P201,TBD,2,MCA,A,403,103,63,61.17,73.79,20.75,Project,No,No,No,Sunny,No,8.6,Morning,Provided - user uploaded timetable,Synthetic development data,60.0,45,7,2,74.75666666666666,1,18.0,0,0,0,0,Medium
16-02-2026,Monday,1,9:15,10:15,Full Stack Development,IT22,F_ASP_RSZ,2,MCA,A,403,103,73,70.87,61.17,46.0,Theory,No,No,No,Sunny,No,11.7,Morning,Provided - user uploaded timetable,Synthetic development data,60.0,47,8,2,68.28666666666668,1,20.0,0,0,0,0,Medium
16-02-2026,Monday,2,10:15,11:15,Java Programming,IT21,F_VSN_SDM,2,MCA,A,403,103,75,72.82,70.87,1.0,Theory,No,No,No,Cloudy,No,4.0,Morning,Provided - user uploaded timetable,Synthetic development data,60.0,47,8,2,68.61,2,20.0,0,0,0,0,Medium
16-02-2026,Monday,3,11:15,12:15,Software Project Management,IT24,F_JSP_MST,2,MCA,A,403,103,86,83.5,72.82,1.0,Theory,No,No,No,Rainy,No,9.8,Morning,Provided - user uploaded timetable,Synthetic development data,60.0,47,8,2,68.28666666666666,3,20.0,0,0,0,0,High
16-02-2026,Monday,4,13:30,14:30,Java Practical,ITL21-JAVA,F_SDM_VSN_KSD_SSP,2,MCA,A,401/402,103,86,83.5,83.5,2.25,Practical,No,No,No,Rainy,No,2.6,Afternoon,Provided - user uploaded timetable,Synthetic development data,60.0,47,8,2,75.73,4,20.0,0,0,0,0,High
16-02-2026,Monday,5,14:30,15:30,Java Practical,ITL21-JAVA,F_SDM_VSN_KSD_SSP,2,MCA,A,401/402,103,86,83.5,83.5,1.0,Practical,No,No,No,Cloudy,No,8.3,Afternoon,Provided - user uploaded timetable,Synthetic development data,60.0,47,8,2,79.94,5,20.0,0,0,0,0,High
17-02-2026,Tuesday,1,9:15,10:15,Cyber Security,IT23,F_DPY,2,MCA,A,403,103,79,76.7,83.5,18.75,Theory,No,Yes,No,Rainy,No,7.6,Morning,Provided - user uploaded timetable,Synthetic development data,60.0,48,8,2,83.5,1,21.0,0,1,0,0,High
17-02-2026,Tuesday,2,10:15,11:15,Java Programming,IT21,F_VSN_SDM,2,MCA,A,403,103,81,78.64,76.7,1.0,Theory,No,No,No,Sunny,No,8.5,Morning,Provided - user uploaded timetable,Synthetic development data,60.0,48,8,2,81.23333333333333,2,21.0,0,0,0,0,High
17-02-2026,Tuesday,3,11:15,12:15,Software Project Management,IT24,F_JSP_MST,2,MCA,A,403,103,76,73.79,78.64,1.0,Theory,No,No,No,Sunny,No,7.2,Morning,Provided - user uploaded timetable,Synthetic development data,60.0,48,8,2,79.61333333333333,3,21.0,0,0,0,0,Medium
17-02-2026,Tuesday,4,13:30,14:30,Full Stack Development Practical,ITL21-FSD,F_ASP_RSZ_SP_KSD,2,MCA,A,401/402,103,81,78.64,73.79,2.25,Practical,No,No,No,Cloudy,No,14.0,Afternoon,Provided - user uploaded timetable,Synthetic development data,60.0,48,8,2,76.37666666666667,4,21.0,0,0,0,0,High
17-02-2026,Tuesday,5,14:30,15:30,Full Stack Development Practical,ITL21-FSD,F_ASP_RSZ_SP_KSD,2,MCA,A,401/402,103,85,82.52,78.64,1.0,Practical,No,No,No,Rainy,No,7.3,Afternoon,Provided - user uploaded timetable,Synthetic development data,60.0,48,8,2,77.02333333333333,5,21.0,0,0,0,0,High
18-02-2026,Wednesday,1,9:15,10:15,Java Programming,IT21,F_VSN_SDM,2,MCA,A,403,103,79,76.7,82.52,18.75,Theory,No,No,No,Sunny,No,3.0,Morning,Provided - user uploaded timetable,Synthetic development data,60.0,49,8,2,78.31666666666666,1,22.0,0,0,0,0,High
18-02-2026,Wednesday,2,10:15,11:15,Full Stack Development,IT22,F_ASP_RSZ,2,MCA,A,403,103,79,76.7,76.7,1.0,Theory,No,No,No,Sunny,No,13.8,Morning,Provided - user uploaded timetable,Synthetic development data,60.0,49,8,2,79.28666666666666,2,22.0,0,0,0,0,High
18-02-2026,Wednesday,3,11:15,12:15,Cyber Security,IT23,F_DPY,2,MCA,A,403,103,67,65.05,76.7,1.0,Theory,No,No,No,Rainy,No,12.6,Morning,Provided - user uploaded timetable,Synthetic development data,60.0,49,8,2,78.63999999999999,3,22.0,0,0,0,0,Medium
18-02-2026,Wednesday,4,13:30,14:30,Research Methodology,IT25,F_MLK,2,MCA,A,403,103,64,62.14,65.05,2.25,Theory,No,No,No,Sunny,No,4.3,Afternoon,Provided - user uploaded timetable,Synthetic development data,60.0,49,8,2,72.81666666666666,4,22.0,0,0,0,0,Medium
18-02-2026,Wednesday,5,14:30,15:30,Research Methodology,IT25,F_MLK,2,MCA,A,403,103,67,65.05,62.14,1.0,Theory,No,No,No,Sunny,No,4.3,Afternoon,Provided - user uploaded timetable,Synthetic development data,60.0,49,8,2,67.96333333333332,5,22.0,0,0,0,0,Medium
19-02-2026,Thursday,1,9:15,10:15,Full Stack Development,IT22,F_ASP_RSZ,2,MCA,A,403,103,78,75.73,65.05,18.75,Theory,No,Yes,No,Cloudy,No,12.8,Morning,Provided - user uploaded timetable,Synthetic development data,60.0,50,8,2,64.08,1,23.0,0,1,0,0,High
19-02-2026,Thursday,2,10:15,11:15,Cyber Security,IT23,F_DPY,2,MCA,A,403,103,69,66.99,75.73,1.0,Theory,Yes,No,No,Sunny,No,10.0,Morning,Provided - user uploaded timetable,Synthetic development data,60.0,50,8,2,67.64,2,23.0,1,0,0,0,Medium
19-02-2026,Thursday,3,11:15,12:15,Software Project Management,IT24,F_JSP_MST,2,MCA,A,403,103,80,77.67,66.99,1.0,Theory,No,No,No,Rainy,No,14.4,Morning,Provided - user uploaded timetable,Synthetic development data,60.0,50,8,2,69.25666666666666,3,23.0,0,0,0,0,High
19-02-2026,Thursday,4,13:30,14:30,Club Activities,CLUB,TBD,2,MCA,A,403,103,66,64.08,77.67,2.25,Special Event,No,Yes,No,Rainy,Yes,8.6,Afternoon,Provided - user uploaded timetable,Synthetic development data,60.0,50,8,2,73.46333333333332,4,23.0,0,1,0,1,Medium
19-02-2026,Thursday,5,14:30,15:30,IRP,IRP2,F_SDM,2,MCA,A,403,103,69,66.99,64.08,1.0,Theory,No,No,No,Cloudy,No,8.5,Afternoon,Provided - user uploaded timetable,Synthetic development data,60.0,50,8,2,69.57999999999998,5,23.0,0,0,0,0,Medium
20-02-2026,Friday,1,9:15,10:15,Cyber Security Practical,ITL21-CYBER,F_DPY_MSU_MLK_MST,2,MCA,A,401/402,103,89,86.41,66.99,18.75,Practical,Yes,Yes,No,Rainy,No,7.0,Morning,Provided - user uploaded timetable,Synthetic development data,60.0,51,8,2,69.58,1,24.0,1,1,0,0,High
20-02-2026,Friday,2,10:15,11:15,Cyber Security Practical,ITL21-CYBER,F_DPY_MSU_MLK_MST,2,MCA,A,401/402,103,83,80.58,86.41,1.0,Practical,No,No,No,Rainy,No,13.4,Morning,Provided - user uploaded timetable,Synthetic development data,60.0,51,8,2,72.49333333333333,2,24.0,0,0,0,0,High
20-02-2026,Friday,3,11:15,12:15,Research Methodology,IT25,F_MLK,2,MCA,A,403,103,77,74.76,80.58,1.0,Theory,No,No,No,Sunny,No,13.9,Morning,Provided - user uploaded timetable,Synthetic development data,60.0,51,8,2,77.99333333333333,3,24.0,0,0,0,0,Medium
20-02-2026,Friday,4,13:30,14:30,Mini Project - Faculty Interaction,ITC21,TBD,2,MCA,A,403,103,72,69.9,74.76,2.25,Project,No,No,No,Rainy,No,8.6,Afternoon,Provided - user uploaded timetable,Synthetic development data,60.0,51,8,2,80.58333333333333,4,24.0,0,0,0,0,Medium
20-02-2026,Friday,5,14:30,15:30,Mini Project - Faculty Interaction,ITC21,TBD,2,MCA,A,403,103,73,70.87,69.9,1.0,Project,No,No,No,Sunny,No,8.6,Afternoon,Provided - user uploaded timetable,Synthetic development data,60.0,51,8,2,75.08,5,24.0,0,0,0,0,Medium
21-02-2026,Saturday,1,11:15,12:15,Training And Placement / Mini Project Training,P201,TBD,2,MCA,A,403,103,78,75.73,70.87,20.75,Project,No,Yes,No,Sunny,No,8.6,Morning,Provided - user uploaded timetable,Synthetic development data,60.0,52,8,2,71.84333333333333,1,25.0,0,1,0,0,High
23-02-2026,Monday,1,9:15,10:15,Full Stack Development,IT22,F_ASP_RSZ,2,MCA,A,403,103,83,80.58,75.73,46.0,Theory,No,Yes,No,Cloudy,No,13.4,Morning,Provided - user uploaded timetable,Synthetic development data,60.0,54,9,2,72.16666666666667,1,27.0,0,1,0,0,High
23-02-2026,Monday,2,10:15,11:15,Java Programming,IT21,F_VSN_SDM,2,MCA,A,403,103,82,79.61,80.58,1.0,Theory,No,No,No,Sunny,No,4.1,Morning,Provided - user uploaded timetable,Synthetic development data,60.0,54,9,2,75.72666666666667,2,27.0,0,0,0,0,High
23-02-2026,Monday,3,11:15,12:15,Software Project Management,IT24,F_JSP_MST,2,MCA,A,403,103,92,89.32,79.61,1.0,Theory,No,No,No,Sunny,No,11.4,Morning,Provided - user uploaded timetable,Synthetic development data,60.0,54,9,2,78.64,3,27.0,0,0,0,0,High
23-02-2026,Monday,4,13:30,14:30,Java Practical,ITL21-JAVA,F_SDM_VSN_KSD_SSP,2,MCA,A,401/402,103,78,75.73,89.32,2.25,Practical,Yes,No,No,Rainy,No,5.1,Afternoon,Provided - user uploaded timetable,Synthetic development data,60.0,54,9,2,83.17,4,27.0,1,0,0,0,High
23-02-2026,Monday,5,14:30,15:30,Java Practical,ITL21-JAVA,F_SDM_VSN_KSD_SSP,2,MCA,A,401/402,103,78,75.73,75.73,1.0,Practical,No,No,No,Rainy,No,12.2,Afternoon,Provided - user uploaded timetable,Synthetic development data,60.0,54,9,2,81.55333333333333,5,27.0,0,0,0,0,High
24-02-2026,Tuesday,1,9:15,10:15,Cyber Security,IT23,F_DPY,2,MCA,A,403,103,76,73.79,75.73,18.75,Theory,No,No,No,Sunny,No,11.2,Morning,Provided - user uploaded timetable,Synthetic development data,60.0,55,9,2,80.25999999999999,1,28.0,0,0,0,0,Medium
24-02-2026,Tuesday,2,10:15,11:15,Java Programming,IT21,F_VSN_SDM,2,MCA,A,403,103,91,88.35,73.79,1.0,Theory,No,No,No,Sunny,No,11.9,Morning,Provided - user uploaded timetable,Synthetic development data,60.0,55,9,2,75.08333333333333,2,28.0,0,0,0,0,High
24-02-2026,Tuesday,3,11:15,12:15,Software Project Management,IT24,F_JSP_MST,2,MCA,A,403,103,85,82.52,88.35,1.0,Theory,No,No,No,Sunny,No,12.8,Morning,Provided - user uploaded timetable,Synthetic development data,60.0,55,9,2,79.28999999999999,3,28.0,0,0,0,0,High
24-02-2026,Tuesday,4,13:30,14:30,Full Stack Development Practical,ITL21-FSD,F_ASP_RSZ_SP_KSD,2,MCA,A,401/402,103,79,76.7,82.52,2.25,Practical,No,No,No,Cloudy,No,13.5,Afternoon,Provided - user uploaded timetable,Synthetic development data,60.0,55,9,2,81.55333333333333,4,28.0,0,0,0,0,High
24-02-2026,Tuesday,5,14:30,15:30,Full Stack Development Practical,ITL21-FSD,F_ASP_RSZ_SP_KSD,2,MCA,A,401/402,103,78,75.73,76.7,1.0,Practical,No,No,No,Cloudy,No,8.5,Afternoon,Provided - user uploaded timetable,Synthetic development data,60.0,55,9,2,82.52333333333333,5,28.0,0,0,0,0,High
25-02-2026,Wednesday,1,9:15,10:15,Java Programming,IT21,F_VSN_SDM,2,MCA,A,403,103,73,70.87,75.73,18.75,Theory,Yes,No,No,Sunny,No,9.1,Morning,Provided - user uploaded timetable,Synthetic development data,60.0,56,9,2,78.31666666666666,1,29.0,1,0,0,0,Medium
25-02-2026,Wednesday,2,10:15,11:15,Full Stack Development,IT22,F_ASP_RSZ,2,MCA,A,403,103,85,82.52,70.87,1.0,Theory,No,No,No,Sunny,No,12.1,Morning,Provided - user uploaded timetable,Synthetic development data,60.0,56,9,2,74.43333333333334,2,29.0,0,0,0,0,High
25-02-2026,Wednesday,3,11:15,12:15,Cyber Security,IT23,F_DPY,2,MCA,A,403,103,74,71.84,82.52,1.0,Theory,No,No,No,Sunny,No,7.5,Morning,Provided - user uploaded timetable,Synthetic development data,60.0,56,9,2,76.37333333333333,3,29.0,0,0,0,0,Medium
25-02-2026,Wednesday,4,13:30,14:30,Research Methodology,IT25,F_MLK,2,MCA,A,403,103,77,74.76,71.84,2.25,Theory,No,No,No,Sunny,No,12.9,Afternoon,Provided - user uploaded timetable,Synthetic development data,60.0,56,9,2,75.07666666666667,4,29.0,0,0,0,0,Medium
25-02-2026,Wednesday,5,14:30,15:30,Research Methodology,IT25,F_MLK,2,MCA,A,403,103,63,61.17,74.76,1.0,Theory,No,No,No,Rainy,No,8.7,Afternoon,Provided - user uploaded timetable,Synthetic development data,60.0,56,9,2,76.37333333333333,5,29.0,0,0,0,0,Medium
26-02-2026,Thursday,1,9:15,10:15,Full Stack Development,IT22,F_ASP_RSZ,2,MCA,A,403,103,73,70.87,61.17,18.75,Theory,No,No,No,Cloudy,No,12.3,Morning,Provided - user uploaded timetable,Synthetic development data,60.0,57,9,2,69.25666666666667,1,30.0,0,0,0,0,Medium
26-02-2026,Thursday,2,10:15,11:15,Cyber Security,IT23,F_DPY,2,MCA,A,403,103,73,70.87,70.87,1.0,Theory,No,No,No,Rainy,No,3.3,Morning,Provided - user uploaded timetable,Synthetic development data,60.0,57,9,2,68.93333333333334,2,30.0,0,0,0,0,Medium
26-02-2026,Thursday,3,11:15,12:15,Software Project Management,IT24,F_JSP_MST,2,MCA,A,403,103,81,78.64,70.87,1.0,Theory,No,No,No,Sunny,No,2.6,Morning,Provided - user uploaded timetable,Synthetic development data,60.0,57,9,2,67.63666666666667,3,30.0,0,0,0,0,High
26-02-2026,Thursday,4,13:30,14:30,Club Activities,CLUB,TBD,2,MCA,A,403,103,71,68.93,78.64,2.25,Special Event,No,No,No,Sunny,Yes,8.6,Afternoon,Provided - user uploaded timetable,Synthetic development data,60.0,57,9,2,73.46,4,30.0,0,0,0,1,Medium
26-02-2026,Thursday,5,14:30,15:30,IRP,IRP2,F_SDM,2,MCA,A,403,103,71,68.93,68.93,1.0,Theory,No,No,No,Rainy,No,8.2,Afternoon,Provided - user uploaded timetable,Synthetic development data,60.0,57,9,2,72.81333333333333,5,30.0,0,0,0,0,Medium
27-02-2026,Friday,1,9:15,10:15,Cyber Security Practical,ITL21-CYBER,F_DPY_MSU_MLK_MST,2,MCA,A,401/402,103,93,90.29,68.93,18.75,Practical,No,No,No,Cloudy,No,7.7,Morning,Provided - user uploaded timetable,Synthetic development data,60.0,58,9,2,72.16666666666667,1,31.0,0,0,0,0,High
27-02-2026,Friday,2,10:15,11:15,Cyber Security Practical,ITL21-CYBER,F_DPY_MSU_MLK_MST,2,MCA,A,401/402,103,86,83.5,90.29,1.0,Practical,No,No,No,Cloudy,No,6.4,Morning,Provided - user uploaded timetable,Synthetic development data,60.0,58,9,2,76.05,2,31.0,0,0,0,0,High
27-02-2026,Friday,3,11:15,12:15,Research Methodology,IT25,F_MLK,2,MCA,A,403,103,82,79.61,83.5,1.0,Theory,No,No,No,Cloudy,No,14.0,Morning,Provided - user uploaded timetable,Synthetic development data,60.0,58,9,2,80.90666666666667,3,31.0,0,0,0,0,High
27-02-2026,Friday,4,13:30,14:30,Mini Project - Faculty Interaction,ITC21,TBD,2,MCA,A,403,103,72,69.9,79.61,2.25,Project,No,No,No,Rainy,No,8.6,Afternoon,Provided - user uploaded timetable,Synthetic development data,60.0,58,9,2,84.46666666666665,4,31.0,0,0,0,0,Medium
27-02-2026,Friday,5,14:30,15:30,Mini Project - Faculty Interaction,ITC21,TBD,2,MCA,A,403,103,83,80.58,69.9,1.0,Project,No,No,No,Sunny,No,8.6,Afternoon,Provided - user uploaded timetable,Synthetic development data,60.0,58,9,2,77.67,5,31.0,0,0,0,0,High
28-02-2026,Saturday,1,11:15,12:15,Training And Placement / Mini Project Training,P201,TBD,2,MCA,A,403,103,62,60.19,80.58,20.75,Project,No,No,No,Rainy,No,8.6,Morning,Provided - user uploaded timetable,Synthetic development data,60.0,59,9,2,76.69666666666666,1,32.0,0,0,0,0,Medium
02-03-2026,Monday,1,9:15,10:15,Full Stack Development,IT22,F_ASP_RSZ,2,MCA,A,403,103,84,81.55,60.19,46.0,Theory,No,No,No,Cloudy,No,2.5,Morning,Provided - user uploaded timetable,Synthetic development data,60.0,61,10,3,70.22333333333333,1,34.0,0,0,0,0,High
02-03-2026,Monday,2,10:15,11:15,Java Programming,IT21,F_VSN_SDM,2,MCA,A,403,103,72,69.9,81.55,1.0,Theory,Yes,No,No,Cloudy,No,6.7,Morning,Provided - user uploaded timetable,Synthetic development data,60.0,61,10,3,74.10666666666667,2,34.0,1,0,0,0,Medium
02-03-2026,Monday,3,11:15,12:15,Software Project Management,IT24,F_JSP_MST,2,MCA,A,403,103,74,71.84,69.9,1.0,Theory,No,Yes,No,Sunny,No,10.8,Morning,Provided - user uploaded timetable,Synthetic development data,60.0,61,10,3,70.54666666666667,3,34.0,0,1,0,0,Medium
02-03-2026,Monday,4,13:30,14:30,Java Practical,ITL21-JAVA,F_SDM_VSN_KSD_SSP,2,MCA,A,401/402,103,72,69.9,71.84,2.25,Practical,No,No,No,Sunny,No,9.5,Afternoon,Provided - user uploaded timetable,Synthetic development data,60.0,61,10,3,74.43,4,34.0,0,0,0,0,Medium
02-03-2026,Monday,5,14:30,15:30,Java Practical,ITL21-JAVA,F_SDM_VSN_KSD_SSP,2,MCA,A,401/402,103,81,78.64,69.9,1.0,Practical,No,No,No,Rainy,No,5.6,Afternoon,Provided - user uploaded timetable,Synthetic development data,60.0,61,10,3,70.54666666666667,5,34.0,0,0,0,0,High
03-03-2026,Tuesday,1,9:15,10:15,Cyber Security,IT23,F_DPY,2,MCA,A,403,103,65,63.11,78.64,18.75,Theory,No,Yes,No,Rainy,No,14.6,Morning,Provided - user uploaded timetable,Synthetic development data,60.0,62,10,3,73.46,1,35.0,0,1,0,0,Medium
03-03-2026,Tuesday,2,10:15,11:15,Java Programming,IT21,F_VSN_SDM,2,MCA,A,403,103,81,78.64,63.11,1.0,Theory,No,No,No,Rainy,No,2.8,Morning,Provided - user uploaded timetable,Synthetic development data,60.0,62,10,3,70.55,2,35.0,0,0,0,0,High
03-03-2026,Tuesday,3,11:15,12:15,Software Project Management,IT24,F_JSP_MST,2,MCA,A,403,103,82,79.61,78.64,1.0,Theory,No,No,No,Sunny,No,11.3,Morning,Provided - user uploaded timetable,Synthetic development data,60.0,62,10,3,73.46333333333332,3,35.0,0,0,0,0,High
03-03-2026,Tuesday,4,13:30,14:30,Full Stack Development Practical,ITL21-FSD,F_ASP_RSZ_SP_KSD,2,MCA,A,401/402,103,82,79.61,79.61,2.25,Practical,No,No,No,Cloudy,No,8.6,Afternoon,Provided - user uploaded timetable,Synthetic development data,60.0,62,10,3,73.78666666666668,4,35.0,0,0,0,0,High
03-03-2026,Tuesday,5,14:30,15:30,Full Stack Development Practical,ITL21-FSD,F_ASP_RSZ_SP_KSD,2,MCA,A,401/402,103,72,69.9,79.61,1.0,Practical,No,No,No,Sunny,No,5.1,Afternoon,Provided - user uploaded timetable,Synthetic development data,60.0,62,10,3,79.28666666666666,5,35.0,0,0,0,0,Medium
04-03-2026,Wednesday,1,9:15,10:15,Java Programming,IT21,F_VSN_SDM,2,MCA,A,403,103,79,76.7,69.9,18.75,Theory,Yes,No,No,Rainy,No,6.5,Morning,Provided - user uploaded timetable,Synthetic development data,60.0,63,10,3,76.37333333333332,1,36.0,1,0,0,0,High
04-03-2026,Wednesday,2,10:15,11:15,Full Stack Development,IT22,F_ASP_RSZ,2,MCA,A,403,103,73,70.87,76.7,1.0,Theory,No,No,No,Rainy,No,9.6,Morning,Provided - user uploaded timetable,Synthetic development data,60.0,63,10,3,75.40333333333332,2,36.0,0,0,0,0,Medium
04-03-2026,Wednesday,3,11:15,12:15,Cyber Security,IT23,F_DPY,2,MCA,A,403,103,74,71.84,70.87,1.0,Theory,No,No,No,Rainy,No,13.8,Morning,Provided - user uploaded timetable,Synthetic development data,60.0,63,10,3,72.49,3,36.0,0,0,0,0,Medium
04-03-2026,Wednesday,4,13:30,14:30,Research Methodology,IT25,F_MLK,2,MCA,A,403,103,76,73.79,71.84,2.25,Theory,Yes,No,No,Sunny,No,6.0,Afternoon,Provided - user uploaded timetable,Synthetic development data,60.0,63,10,3,73.13666666666667,4,36.0,1,0,0,0,Medium
04-03-2026,Wednesday,5,14:30,15:30,Research Methodology,IT25,F_MLK,2,MCA,A,403,103,66,64.08,73.79,1.0,Theory,No,No,No,Sunny,No,6.5,Afternoon,Provided - user uploaded timetable,Synthetic development data,60.0,63,10,3,72.16666666666667,5,36.0,0,0,0,0,Medium
05-03-2026,Thursday,1,9:15,10:15,Full Stack Development,IT22,F_ASP_RSZ,2,MCA,A,403,103,75,72.82,64.08,18.75,Theory,No,Yes,No,Rainy,No,12.0,Morning,Provided - user uploaded timetable,Synthetic development data,60.0,64,10,3,69.90333333333332,1,37.0,0,1,0,0,Medium
05-03-2026,Thursday,2,10:15,11:15,Cyber Security,IT23,F_DPY,2,MCA,A,403,103,68,66.02,72.82,1.0,Theory,No,No,No,Rainy,No,7.4,Morning,Provided - user uploaded timetable,Synthetic development data,60.0,64,10,3,70.23,2,37.0,0,0,0,0,Medium
05-03-2026,Thursday,3,11:15,12:15,Software Project Management,IT24,F_JSP_MST,2,MCA,A,403,103,90,87.38,66.02,1.0,Theory,No,No,No,Rainy,No,9.1,Morning,Provided - user uploaded timetable,Synthetic development data,60.0,64,10,3,67.63999999999999,3,37.0,0,0,0,0,High
05-03-2026,Thursday,4,13:30,14:30,Club Activities,CLUB,TBD,2,MCA,A,403,103,68,66.02,87.38,2.25,Special Event,No,No,No,Sunny,Yes,8.6,Afternoon,Provided - user uploaded timetable,Synthetic development data,60.0,64,10,3,75.40666666666665,4,37.0,0,0,0,1,Medium
05-03-2026,Thursday,5,14:30,15:30,IRP,IRP2,F_SDM,2,MCA,A,403,103,63,61.17,66.02,1.0,Theory,No,No,No,Cloudy,No,7.9,Afternoon,Provided - user uploaded timetable,Synthetic development data,60.0,64,10,3,73.13999999999999,5,37.0,0,0,0,0,Medium
06-03-2026,Friday,1,9:15,10:15,Cyber Security Practical,ITL21-CYBER,F_DPY_MSU_MLK_MST,2,MCA,A,401/402,103,83,80.58,61.17,18.75,Practical,No,No,No,Cloudy,No,13.2,Morning,Provided - user uploaded timetable,Synthetic development data,60.0,65,10,3,71.52333333333333,1,38.0,0,0,0,0,High
06-03-2026,Friday,2,10:15,11:15,Cyber Security Practical,ITL21-CYBER,F_DPY_MSU_MLK_MST,2,MCA,A,401/402,103,83,80.58,80.58,1.0,Practical,No,No,No,Sunny,No,12.6,Morning,Provided - user uploaded timetable,Synthetic development data,60.0,65,10,3,69.25666666666666,2,38.0,0,0,0,0,High
06-03-2026,Friday,3,11:15,12:15,Research Methodology,IT25,F_MLK,2,MCA,A,403,103,75,72.82,80.58,1.0,Theory,No,No,No,Sunny,No,11.9,Morning,Provided - user uploaded timetable,Synthetic development data,60.0,65,10,3,74.11,3,38.0,0,0,0,0,Medium
06-03-2026,Friday,4,13:30,14:30,Mini Project - Faculty Interaction,ITC21,TBD,2,MCA,A,403,103,60,58.25,72.82,2.25,Project,No,No,No,Cloudy,No,8.6,Afternoon,Provided - user uploaded timetable,Synthetic development data,60.0,65,10,3,77.99333333333333,4,38.0,0,0,0,0,Medium
06-03-2026,Friday,5,14:30,15:30,Mini Project - Faculty Interaction,ITC21,TBD,2,MCA,A,403,103,64,62.14,58.25,1.0,Project,No,No,No,Sunny,No,8.6,Afternoon,Provided - user uploaded timetable,Synthetic development data,60.0,65,10,3,70.55,5,38.0,0,0,0,0,Medium
07-03-2026,Saturday,1,11:15,12:15,Training And Placement / Mini Project Training,P201,TBD,2,MCA,A,403,103,83,80.58,62.14,20.75,Project,No,No,No,Cloudy,No,8.6,Morning,Provided - user uploaded timetable,Synthetic development data,60.0,66,10,3,64.40333333333332,1,39.0,0,0,0,0,High
09-03-2026,Monday,1,9:15,10:15,Full Stack Development,IT22,F_ASP_RSZ,2,MCA,A,403,103,78,75.73,80.58,46.0,Theory,No,No,No,Rainy,No,9.9,Morning,Provided - user uploaded timetable,Synthetic development data,60.0,68,11,3,66.99,1,41.0,0,0,0,0,High
09-03-2026,Monday,2,10:15,11:15,Java Programming,IT21,F_VSN_SDM,2,MCA,A,403,103,76,73.79,75.73,1.0,Theory,No,Yes,No,Cloudy,No,12.3,Morning,Provided - user uploaded timetable,Synthetic development data,60.0,68,11,3,72.81666666666666,2,41.0,0,1,0,0,Medium
09-03-2026,Monday,3,11:15,12:15,Software Project Management,IT24,F_JSP_MST,2,MCA,A,403,103,72,69.9,73.79,1.0,Theory,No,No,No,Sunny,No,4.6,Morning,Provided - user uploaded timetable,Synthetic development data,60.0,68,11,3,76.7,3,41.0,0,0,0,0,Medium
09-03-2026,Monday,4,13:30,14:30,Java Practical,ITL21-JAVA,F_SDM_VSN_KSD_SSP,2,MCA,A,401/402,103,83,80.58,69.9,2.25,Practical,No,No,No,Sunny,No,2.5,Afternoon,Provided - user uploaded timetable,Synthetic development data,60.0,68,11,3,73.14,4,41.0,0,0,0,0,High
09-03-2026,Monday,5,14:30,15:30,Java Practical,ITL21-JAVA,F_SDM_VSN_KSD_SSP,2,MCA,A,401/402,103,79,76.7,80.58,1.0,Practical,No,No,No,Rainy,No,7.9,Afternoon,Provided - user uploaded timetable,Synthetic development data,60.0,68,11,3,74.75666666666666,5,41.0,0,0,0,0,High
10-03-2026,Tuesday,1,9:15,10:15,Cyber Security,IT23,F_DPY,2,MCA,A,403,103,74,71.84,76.7,18.75,Theory,No,No,No,Rainy,No,10.2,Morning,Provided - user uploaded timetable,Synthetic development data,60.0,69,11,3,75.72666666666667,1,42.0,0,0,0,0,Medium
10-03-2026,Tuesday,2,10:15,11:15,Java Programming,IT21,F_VSN_SDM,2,MCA,A,403,103,89,86.41,71.84,1.0,Theory,No,No,No,Rainy,No,12.2,Morning,Provided - user uploaded timetable,Synthetic development data,60.0,69,11,3,76.37333333333333,2,42.0,0,0,0,0,High
10-03-2026,Tuesday,3,11:15,12:15,Software Project Management,IT24,F_JSP_MST,2,MCA,A,403,103,81,78.64,86.41,1.0,Theory,No,No,No,Rainy,No,2.7,Morning,Provided - user uploaded timetable,Synthetic development data,60.0,69,11,3,78.31666666666666,3,42.0,0,0,0,0,High
10-03-2026,Tuesday,4,13:30,14:30,Full Stack Development Practical,ITL21-FSD,F_ASP_RSZ_SP_KSD,2,MCA,A,401/402,103,78,75.73,78.64,2.25,Practical,No,No,No,Rainy,No,10.1,Afternoon,Provided - user uploaded timetable,Synthetic development data,60.0,69,11,3,78.96333333333332,4,42.0,0,0,0,0,High
10-03-2026,Tuesday,5,14:30,15:30,Full Stack Development Practical,ITL21-FSD,F_ASP_RSZ_SP_KSD,2,MCA,A,401/402,103,90,87.38,75.73,1.0,Practical,No,No,No,Rainy,No,5.1,Afternoon,Provided - user uploaded timetable,Synthetic development data,60.0,69,11,3,80.25999999999999,5,42.0,0,0,0,0,High
11-03-2026,Wednesday,1,9:15,10:15,Java Programming,IT21,F_VSN_SDM,2,MCA,A,403,103,86,83.5,87.38,18.75,Theory,No,No,No,Sunny,No,8.0,Morning,Provided - user uploaded timetable,Synthetic development data,60.0,70,11,3,80.58333333333333,1,43.0,0,0,0,0,High
11-03-2026,Wednesday,2,10:15,11:15,Full Stack Development,IT22,F_ASP_RSZ,2,MCA,A,403,103,88,85.44,83.5,1.0,Theory,No,No,No,Rainy,No,12.0,Morning,Provided - user uploaded timetable,Synthetic development data,60.0,70,11,3,82.20333333333333,2,43.0,0,0,0,0,High
11-03-2026,Wednesday,3,11:15,12:15,Cyber Security,IT23,F_DPY,2,MCA,A,403,103,67,65.05,85.44,1.0,Theory,No,No,No,Rainy,No,5.4,Morning,Provided - user uploaded timetable,Synthetic development data,60.0,70,11,3,85.44,3,43.0,0,0,0,0,Medium
11-03-2026,Wednesday,4,13:30,14:30,Research Methodology,IT25,F_MLK,2,MCA,A,403,103,74,71.84,65.05,2.25,Theory,No,No,No,Cloudy,No,9.3,Afternoon,Provided - user uploaded timetable,Synthetic development data,60.0,70,11,3,77.99666666666666,4,43.0,0,0,0,0,Medium
11-03-2026,Wednesday,5,14:30,15:30,Research Methodology,IT25,F_MLK,2,MCA,A,403,103,68,66.02,71.84,1.0,Theory,No,No,No,Cloudy,No,12.0,Afternoon,Provided - user uploaded timetable,Synthetic development data,60.0,70,11,3,74.11,5,43.0,0,0,0,0,Medium
12-03-2026,Thursday,1,9:15,10:15,Full Stack Development,IT22,F_ASP_RSZ,2,MCA,A,403,103,80,77.67,66.02,18.75,Theory,No,No,No,Sunny,No,4.6,Morning,Provided - user uploaded timetable,Synthetic development data,60.0,71,11,3,67.63666666666666,1,44.0,0,0,0,0,High
12-03-2026,Thursday,2,10:15,11:15,Cyber Security,IT23,F_DPY,2,MCA,A,403,103,74,71.84,77.67,1.0,Theory,No,No,No,Rainy,No,5.5,Morning,Provided - user uploaded timetable,Synthetic development data,60.0,71,11,3,71.84333333333332,2,44.0,0,0,0,0,Medium
12-03-2026,Thursday,3,11:15,12:15,Software Project Management,IT24,F_JSP_MST,2,MCA,A,403,103,79,76.7,71.84,1.0,Theory,No,No,No,Sunny,No,5.2,Morning,Provided - user uploaded timetable,Synthetic development data,60.0,71,11,3,71.84333333333333,3,44.0,0,0,0,0,High
12-03-2026,Thursday,4,13:30,14:30,Club Activities,CLUB,TBD,2,MCA,A,403,103,63,61.17,76.7,2.25,Special Event,No,No,No,Rainy,Yes,8.6,Afternoon,Provided - user uploaded timetable,Synthetic development data,60.0,71,11,3,75.40333333333332,4,44.0,0,0,0,1,Medium
12-03-2026,Thursday,5,14:30,15:30,IRP,IRP2,F_SDM,2,MCA,A,403,103,64,62.14,61.17,1.0,Theory,No,Yes,No,Cloudy,No,11.3,Afternoon,Provided - user uploaded timetable,Synthetic development data,60.0,71,11,3,69.90333333333332,5,44.0,0,1,0,0,Medium
13-03-2026,Friday,1,9:15,10:15,Cyber Security Practical,ITL21-CYBER,F_DPY_MSU_MLK_MST,2,MCA,A,401/402,103,77,74.76,62.14,18.75,Practical,No,Yes,No,Sunny,No,7.4,Morning,Provided - user uploaded timetable,Synthetic development data,60.0,72,11,3,66.67,1,45.0,0,1,0,0,Medium
13-03-2026,Friday,2,10:15,11:15,Cyber Security Practical,ITL21-CYBER,F_DPY_MSU_MLK_MST,2,MCA,A,401/402,103,88,85.44,74.76,1.0,Practical,No,No,No,Sunny,No,15.0,Morning,Provided - user uploaded timetable,Synthetic development data,60.0,72,11,3,66.02333333333333,2,45.0,0,0,0,0,High
13-03-2026,Friday,3,11:15,12:15,Research Methodology,IT25,F_MLK,2,MCA,A,403,103,73,70.87,85.44,1.0,Theory,No,No,No,Rainy,No,14.5,Morning,Provided - user uploaded timetable,Synthetic development data,60.0,72,11,3,74.11333333333333,3,45.0,0,0,0,0,Medium
13-03-2026,Friday,4,13:30,14:30,Mini Project - Faculty Interaction,ITC21,TBD,2,MCA,A,403,103,75,72.82,70.87,2.25,Project,No,No,No,Sunny,No,8.6,Afternoon,Provided - user uploaded timetable,Synthetic development data,60.0,72,11,3,77.02333333333333,4,45.0,0,0,0,0,Medium
13-03-2026,Friday,5,14:30,15:30,Mini Project - Faculty Interaction,ITC21,TBD,2,MCA,A,403,103,68,66.02,72.82,1.0,Project,No,No,No,Cloudy,No,8.6,Afternoon,Provided - user uploaded timetable,Synthetic development data,60.0,72,11,3,76.37666666666667,5,45.0,0,0,0,0,Medium
14-03-2026,Saturday,1,11:15,12:15,Training And Placement / Mini Project Training,P201,TBD,2,MCA,A,403,103,70,67.96,66.02,20.75,Project,No,No,No,Cloudy,No,8.6,Morning,Provided - user uploaded timetable,Synthetic development data,60.0,73,11,3,69.90333333333332,1,46.0,0,0,0,0,Medium
16-03-2026,Monday,1,9:15,10:15,Full Stack Development,IT22,F_ASP_RSZ,2,MCA,A,403,103,78,75.73,67.96,46.0,Theory,No,No,No,Cloudy,No,6.2,Morning,Provided - user uploaded timetable,Synthetic development data,60.0,75,12,3,68.93333333333332,1,48.0,0,0,0,0,High
16-03-2026,Monday,2,10:15,11:15,Java Programming,IT21,F_VSN_SDM,2,MCA,A,403,103,75,72.82,75.73,1.0,Theory,No,No,No,Sunny,No,7.8,Morning,Provided - user uploaded timetable,Synthetic development data,60.0,75,12,3,69.90333333333332,2,48.0,0,0,0,0,Medium
16-03-2026,Monday,3,11:15,12:15,Software Project Management,IT24,F_JSP_MST,2,MCA,A,403,103,77,74.76,72.82,1.0,Theory,No,No,No,Rainy,No,11.4,Morning,Provided - user uploaded timetable,Synthetic development data,60.0,75,12,3,72.17,3,48.0,0,0,0,0,Medium
16-03-2026,Monday,4,13:30,14:30,Java Practical,ITL21-JAVA,F_SDM_VSN_KSD_SSP,2,MCA,A,401/402,103,83,80.58,74.76,2.25,Practical,Yes,No,No,Rainy,No,5.1,Afternoon,Provided - user uploaded timetable,Synthetic development data,60.0,75,12,3,74.43666666666667,4,48.0,1,0,0,0,High
16-03-2026,Monday,5,14:30,15:30,Java Practical,ITL21-JAVA,F_SDM_VSN_KSD_SSP,2,MCA,A,401/402,103,78,75.73,80.58,1.0,Practical,No,No,No,Sunny,No,7.3,Afternoon,Provided - user uploaded timetable,Synthetic development data,60.0,75,12,3,76.05333333333333,5,48.0,0,0,0,0,High
17-03-2026,Tuesday,1,9:15,10:15,Cyber Security,IT23,F_DPY,2,MCA,A,403,103,77,74.76,75.73,18.75,Theory,No,No,No,Rainy,No,11.8,Morning,Provided - user uploaded timetable,Synthetic development data,60.0,76,12,3,77.02333333333333,1,49.0,0,0,0,0,Medium
17-03-2026,Tuesday,2,10:15,11:15,Java Programming,IT21,F_VSN_SDM,2,MCA,A,403,103,89,86.41,74.76,1.0,Theory,No,Yes,No,Cloudy,No,8.9,Morning,Provided - user uploaded timetable,Synthetic development data,60.0,76,12,3,77.02333333333333,2,49.0,0,1,0,0,High
17-03-2026,Tuesday,3,11:15,12:15,Software Project Management,IT24,F_JSP_MST,2,MCA,A,403,103,68,66.02,86.41,1.0,Theory,No,No,No,Sunny,No,2.8,Morning,Provided - user uploaded timetable,Synthetic development data,60.0,76,12,3,78.96666666666665,3,49.0,0,0,0,0,Medium
17-03-2026,Tuesday,4,13:30,14:30,Full Stack Development Practical,ITL21-FSD,F_ASP_RSZ_SP_KSD,2,MCA,A,401/402,103,78,75.73,66.02,2.25,Practical,No,No,No,Rainy,No,9.0,Afternoon,Provided - user uploaded timetable,Synthetic development data,60.0,76,12,3,75.72999999999999,4,49.0,0,0,0,0,High
17-03-2026,Tuesday,5,14:30,15:30,Full Stack Development Practical,ITL21-FSD,F_ASP_RSZ_SP_KSD,2,MCA,A,401/402,103,85,82.52,75.73,1.0,Practical,No,No,No,Cloudy,No,3.5,Afternoon,Provided - user uploaded timetable,Synthetic development data,60.0,76,12,3,76.05333333333333,5,49.0,0,0,0,0,High
18-03-2026,Wednesday,1,9:15,10:15,Java Programming,IT21,F_VSN_SDM,2,MCA,A,403,103,81,78.64,82.52,18.75,Theory,Yes,No,Yes,Rainy,No,2.8,Morning,Provided - user uploaded timetable,Synthetic development data,60.0,77,12,3,74.75666666666666,1,50.0,1,0,1,0,High
18-03-2026,Wednesday,2,10:15,11:15,Full Stack Development,IT22,F_ASP_RSZ,2,MCA,A,403,103,73,70.87,78.64,1.0,Theory,No,No,Yes,Sunny,No,14.8,Morning,Provided - user uploaded timetable,Synthetic development data,60.0,77,12,3,78.96333333333332,2,50.0,0,0,1,0,Medium
18-03-2026,Wednesday,3,11:15,12:15,Cyber Security,IT23,F_DPY,2,MCA,A,403,103,70,67.96,70.87,1.0,Theory,No,No,Yes,Sunny,No,12.0,Morning,Provided - user uploaded timetable,Synthetic development data,60.0,77,12,3,77.34333333333332,3,50.0,0,0,1,0,Medium
18-03-2026,Wednesday,4,13:30,14:30,Research Methodology,IT25,F_MLK,2,MCA,A,403,103,63,61.17,67.96,2.25,Theory,No,No,Yes,Rainy,No,14.5,Afternoon,Provided - user uploaded timetable,Synthetic development data,60.0,77,12,3,72.49,4,50.0,0,0,1,0,Medium
18-03-2026,Wednesday,5,14:30,15:30,Research Methodology,IT25,F_MLK,2,MCA,A,403,103,62,60.19,61.17,1.0,Theory,No,No,Yes,Cloudy,No,13.3,Afternoon,Provided - user uploaded timetable,Synthetic development data,60.0,77,12,3,66.66666666666667,5,50.0,0,0,1,0,Medium
20-03-2026,Friday,1,9:15,10:15,Cyber Security Practical,ITL21-CYBER,F_DPY_MSU_MLK_MST,2,MCA,A,401/402,103,84,81.55,60.19,42.75,Practical,No,No,Yes,Cloudy,No,4.0,Morning,Provided - user uploaded timetable,Synthetic development data,60.0,79,12,3,63.10666666666666,1,2.0,0,0,1,0,High
20-03-2026,Friday,2,10:15,11:15,Cyber Security Practical,ITL21-CYBER,F_DPY_MSU_MLK_MST,2,MCA,A,401/402,103,78,75.73,81.55,1.0,Practical,No,No,Yes,Sunny,No,2.4,Morning,Provided - user uploaded timetable,Synthetic development data,60.0,79,12,3,67.63666666666666,2,2.0,0,0,1,0,High
20-03-2026,Friday,3,11:15,12:15,Research Methodology,IT25,F_MLK,2,MCA,A,403,103,76,73.79,75.73,1.0,Theory,No,No,Yes,Sunny,No,5.1,Morning,Provided - user uploaded timetable,Synthetic development data,60.0,79,12,3,72.49,3,2.0,0,0,1,0,Medium
20-03-2026,Friday,4,13:30,14:30,Mini Project - Faculty Interaction,ITC21,TBD,2,MCA,A,403,103,64,62.14,73.79,2.25,Project,Yes,No,Yes,Cloudy,No,8.6,Afternoon,Provided - user uploaded timetable,Synthetic development data,60.0,79,12,3,77.02333333333333,4,2.0,1,0,1,0,Medium
20-03-2026,Friday,5,14:30,15:30,Mini Project - Faculty Interaction,ITC21,TBD,2,MCA,A,403,103,55,53.4,62.14,1.0,Project,No,No,Yes,Sunny,No,8.6,Afternoon,Provided - user uploaded timetable,Synthetic development data,60.0,79,12,3,70.55333333333333,5,2.0,0,0,1,0,Medium
21-03-2026,Saturday,1,11:15,12:15,Training And Placement / Mini Project Training,P201,TBD,2,MCA,A,403,103,69,66.99,53.4,20.75,Project,No,Yes,No,Rainy,No,8.6,Morning,Provided - user uploaded timetable,Synthetic development data,60.0,80,12,3,63.11000000000001,1,1.0,0,1,0,0,Medium
23-03-2026,Monday,1,9:15,10:15,Full Stack Development,IT22,F_ASP_RSZ,2,MCA,A,403,103,83,80.58,66.99,46.0,Theory,No,No,No,Sunny,No,14.6,Morning,Provided - user uploaded timetable,Synthetic development data,60.0,82,13,3,60.84333333333333,1,3.0,0,0,0,0,High
23-03-2026,Monday,2,10:15,11:15,Java Programming,IT21,F_VSN_SDM,2,MCA,A,403,103,70,67.96,80.58,1.0,Theory,No,No,No,Rainy,No,6.1,Morning,Provided - user uploaded timetable,Synthetic development data,60.0,82,13,3,66.99,2,3.0,0,0,0,0,Medium
23-03-2026,Monday,3,11:15,12:15,Software Project Management,IT24,F_JSP_MST,2,MCA,A,403,103,82,79.61,67.96,1.0,Theory,No,No,No,Cloudy,No,4.4,Morning,Provided - user uploaded timetable,Synthetic development data,60.0,82,13,3,71.84333333333332,3,3.0,0,0,0,0,High
23-03-2026,Monday,4,13:30,14:30,Java Practical,ITL21-JAVA,F_SDM_VSN_KSD_SSP,2,MCA,A,401/402,103,86,83.5,79.61,2.25,Practical,No,No,No,Sunny,No,5.9,Afternoon,Provided - user uploaded timetable,Synthetic development data,60.0,82,13,3,76.05,4,3.0,0,0,0,0,High
23-03-2026,Monday,5,14:30,15:30,Java Practical,ITL21-JAVA,F_SDM_VSN_KSD_SSP,2,MCA,A,401/402,103,75,72.82,83.5,1.0,Practical,No,No,No,Sunny,No,9.3,Afternoon,Provided - user uploaded timetable,Synthetic development data,60.0,82,13,3,77.02333333333333,5,3.0,0,0,0,0,Medium
24-03-2026,Tuesday,1,9:15,10:15,Cyber Security,IT23,F_DPY,2,MCA,A,403,103,75,72.82,72.82,18.75,Theory,No,No,No,Cloudy,No,4.7,Morning,Provided - user uploaded timetable,Synthetic development data,60.0,83,13,3,78.64333333333333,1,4.0,0,0,0,0,Medium
24-03-2026,Tuesday,2,10:15,11:15,Java Programming,IT21,F_VSN_SDM,2,MCA,A,403,103,83,80.58,72.82,1.0,Theory,No,No,No,Sunny,No,4.8,Morning,Provided - user uploaded timetable,Synthetic development data,60.0,83,13,3,76.38,2,4.0,0,0,0,0,High
24-03-2026,Tuesday,3,11:15,12:15,Software Project Management,IT24,F_JSP_MST,2,MCA,A,403,103,78,75.73,80.58,1.0,Theory,No,No,No,Rainy,No,15.0,Morning,Provided - user uploaded timetable,Synthetic development data,60.0,83,13,3,75.40666666666665,3,4.0,0,0,0,0,High
24-03-2026,Tuesday,4,13:30,14:30,Full Stack Development Practical,ITL21-FSD,F_ASP_RSZ_SP_KSD,2,MCA,A,401/402,103,78,75.73,75.73,2.25,Practical,No,No,No,Rainy,No,11.1,Afternoon,Provided - user uploaded timetable,Synthetic development data,60.0,83,13,3,76.37666666666667,4,4.0,0,0,0,0,High
24-03-2026,Tuesday,5,14:30,15:30,Full Stack Development Practical,ITL21-FSD,F_ASP_RSZ_SP_KSD,2,MCA,A,401/402,103,87,84.47,75.73,1.0,Practical,No,No,No,Cloudy,No,12.1,Afternoon,Provided - user uploaded timetable,Synthetic development data,60.0,83,13,3,77.34666666666668,5,4.0,0,0,0,0,High
25-03-2026,Wednesday,1,9:15,10:15,Java Programming,IT21,F_VSN_SDM,2,MCA,A,403,103,87,84.47,84.47,18.75,Theory,No,No,No,Rainy,No,11.4,Morning,Provided - user uploaded timetable,Synthetic development data,60.0,84,13,3,78.64333333333333,1,5.0,0,0,0,0,High
25-03-2026,Wednesday,2,10:15,11:15,Full Stack Development,IT22,F_ASP_RSZ,2,MCA,A,403,103,76,73.79,84.47,1.0,Theory,No,No,No,Sunny,No,6.9,Morning,Provided - user uploaded timetable,Synthetic development data,60.0,84,13,3,81.55666666666666,2,5.0,0,0,0,0,Medium
25-03-2026,Wednesday,3,11:15,12:15,Cyber Security,IT23,F_DPY,2,MCA,A,403,103,73,70.87,73.79,1.0,Theory,No,No,No,Rainy,No,14.3,Morning,Provided - user uploaded timetable,Synthetic development data,60.0,84,13,3,80.91,3,5.0,0,0,0,0,Medium
25-03-2026,Wednesday,4,13:30,14:30,Research Methodology,IT25,F_MLK,2,MCA,A,403,103,66,64.08,70.87,2.25,Theory,No,No,No,Cloudy,No,14.6,Afternoon,Provided - user uploaded timetable,Synthetic development data,60.0,84,13,3,76.37666666666667,4,5.0,0,0,0,0,Medium
25-03-2026,Wednesday,5,14:30,15:30,Research Methodology,IT25,F_MLK,2,MCA,A,403,103,69,66.99,64.08,1.0,Theory,No,No,No,Sunny,No,11.5,Afternoon,Provided - user uploaded timetable,Synthetic development data,60.0,84,13,3,69.58,5,5.0,0,0,0,0,Medium
26-03-2026,Thursday,1,9:15,10:15,Full Stack Development,IT22,F_ASP_RSZ,2,MCA,A,403,103,80,77.67,66.99,18.75,Theory,No,No,No,Rainy,No,10.3,Morning,Provided - user uploaded timetable,Synthetic development data,60.0,85,13,3,67.31333333333332,1,6.0,0,0,0,0,High
26-03-2026,Thursday,2,10:15,11:15,Cyber Security,IT23,F_DPY,2,MCA,A,403,103,84,81.55,77.67,1.0,Theory,No,No,No,Rainy,No,8.3,Morning,Provided - user uploaded timetable,Synthetic development data,60.0,85,13,3,69.58,2,6.0,0,0,0,0,High
26-03-2026,Thursday,3,11:15,12:15,Software Project Management,IT24,F_JSP_MST,2,MCA,A,403,103,76,73.79,81.55,1.0,Theory,Yes,No,No,Sunny,No,2.2,Morning,Provided - user uploaded timetable,Synthetic development data,60.0,85,13,3,75.40333333333332,3,6.0,1,0,0,0,Medium
26-03-2026,Thursday,4,13:30,14:30,Club Activities,CLUB,TBD,2,MCA,A,403,103,62,60.19,73.79,2.25,Special Event,No,No,No,Cloudy,Yes,8.6,Afternoon,Provided - user uploaded timetable,Synthetic development data,60.0,85,13,3,77.67,4,6.0,0,0,0,1,Medium
26-03-2026,Thursday,5,14:30,15:30,IRP,IRP2,F_SDM,2,MCA,A,403,103,58,56.31,60.19,1.0,Theory,Yes,No,No,Rainy,No,7.6,Afternoon,Provided - user uploaded timetable,Synthetic development data,60.0,85,13,3,71.84333333333332,5,6.0,1,0,0,0,Medium
27-03-2026,Friday,1,9:15,10:15,Cyber Security Practical,ITL21-CYBER,F_DPY_MSU_MLK_MST,2,MCA,A,401/402,103,98,95.15,56.31,18.75,Practical,No,Yes,No,Cloudy,No,6.9,Morning,Provided - user uploaded timetable,Synthetic development data,60.0,86,13,3,63.429999999999986,1,7.0,0,1,0,0,High
27-03-2026,Friday,2,10:15,11:15,Cyber Security Practical,ITL21-CYBER,F_DPY_MSU_MLK_MST,2,MCA,A,401/402,103,86,83.5,95.15,1.0,Practical,No,Yes,No,Sunny,No,11.1,Morning,Provided - user uploaded timetable,Synthetic development data,60.0,86,13,3,70.55,2,7.0,0,1,0,0,High
27-03-2026,Friday,3,11:15,12:15,Research Methodology,IT25,F_MLK,2,MCA,A,403,103,77,74.76,83.5,1.0,Theory,No,No,No,Rainy,No,12.2,Morning,Provided - user uploaded timetable,Synthetic development data,60.0,86,13,3,78.32,3,7.0,0,0,0,0,Medium
27-03-2026,Friday,4,13:30,14:30,Mini Project - Faculty Interaction,ITC21,TBD,2,MCA,A,403,103,76,73.79,74.76,2.25,Project,No,No,No,Sunny,No,8.6,Afternoon,Provided - user uploaded timetable,Synthetic development data,60.0,86,13,3,84.47,4,7.0,0,0,0,0,Medium
27-03-2026,Friday,5,14:30,15:30,Mini Project - Faculty Interaction,ITC21,TBD,2,MCA,A,403,103,75,72.82,73.79,1.0,Project,No,No,No,Sunny,No,8.6,Afternoon,Provided - user uploaded timetable,Synthetic development data,60.0,86,13,3,77.35000000000001,5,7.0,0,0,0,0,Medium
28-03-2026,Saturday,1,11:15,12:15,Training And Placement / Mini Project Training,P201,TBD,2,MCA,A,403,103,75,72.82,72.82,20.75,Project,No,No,No,Rainy,No,8.6,Morning,Provided - user uploaded timetable,Synthetic development data,60.0,87,13,3,73.79,1,8.0,0,0,0,0,Medium
30-03-2026,Monday,1,9:15,10:15,Full Stack Development,IT22,F_ASP_RSZ,2,MCA,A,403,103,73,70.87,72.82,46.0,Theory,No,No,No,Sunny,No,8.5,Morning,Provided - user uploaded timetable,Synthetic development data,60.0,89,14,3,73.14333333333333,1,10.0,0,0,0,0,Medium
30-03-2026,Monday,2,10:15,11:15,Java Programming,IT21,F_VSN_SDM,2,MCA,A,403,103,81,78.64,70.87,1.0,Theory,No,Yes,No,Cloudy,No,5.0,Morning,Provided - user uploaded timetable,Synthetic development data,60.0,89,14,3,72.17,2,10.0,0,1,0,0,High
30-03-2026,Monday,3,11:15,12:15,Software Project Management,IT24,F_JSP_MST,2,MCA,A,403,103,81,78.64,78.64,1.0,Theory,Yes,No,No,Rainy,No,14.4,Morning,Provided - user uploaded timetable,Synthetic development data,60.0,89,14,3,74.11,3,10.0,1,0,0,0,High
30-03-2026,Monday,4,13:30,14:30,Java Practical,ITL21-JAVA,F_SDM_VSN_KSD_SSP,2,MCA,A,401/402,103,88,85.44,78.64,2.25,Practical,No,No,No,Sunny,No,10.2,Afternoon,Provided - user uploaded timetable,Synthetic development data,60.0,89,14,3,76.05,4,10.0,0,0,0,0,High
30-03-2026,Monday,5,14:30,15:30,Java Practical,ITL21-JAVA,F_SDM_VSN_KSD_SSP,2,MCA,A,401/402,103,74,71.84,85.44,1.0,Practical,No,No,No,Sunny,No,6.6,Afternoon,Provided - user uploaded timetable,Synthetic development data,60.0,89,14,3,80.90666666666665,5,10.0,0,0,0,0,Medium
31-03-2026,Tuesday,1,9:15,10:15,Cyber Security,IT23,F_DPY,2,MCA,A,403,103,78,75.73,71.84,18.75,Theory,No,No,No,Sunny,No,3.7,Morning,Provided - user uploaded timetable,Synthetic development data,60.0,90,14,3,78.64,1,11.0,0,0,0,0,High
31-03-2026,Tuesday,2,10:15,11:15,Java Programming,IT21,F_VSN_SDM,2,MCA,A,403,103,82,79.61,75.73,1.0,Theory,No,No,No,Rainy,No,8.7,Morning,Provided - user uploaded timetable,Synthetic development data,60.0,90,14,3,77.67,2,11.0,0,0,0,0,High
31-03-2026,Tuesday,3,11:15,12:15,Software Project Management,IT24,F_JSP_MST,2,MCA,A,403,103,74,71.84,79.61,1.0,Theory,No,Yes,No,Rainy,No,3.2,Morning,Provided - user uploaded timetable,Synthetic development data,60.0,90,14,3,75.72666666666667,3,11.0,0,1,0,0,Medium
31-03-2026,Tuesday,4,13:30,14:30,Full Stack Development Practical,ITL21-FSD,F_ASP_RSZ_SP_KSD,2,MCA,A,401/402,103,76,73.79,71.84,2.25,Practical,No,No,No,Cloudy,No,2.2,Afternoon,Provided - user uploaded timetable,Synthetic development data,60.0,90,14,3,75.72666666666667,4,11.0,0,0,0,0,Medium
31-03-2026,Tuesday,5,14:30,15:30,Full Stack Development Practical,ITL21-FSD,F_ASP_RSZ_SP_KSD,2,MCA,A,401/402,103,81,78.64,73.79,1.0,Practical,No,No,No,Rainy,No,13.7,Afternoon,Provided - user uploaded timetable,Synthetic development data,60.0,90,14,3,75.08,5,11.0,0,0,0,0,High
01-04-2026,Wednesday,1,9:15,10:15,Java Programming,IT21,F_VSN_SDM,2,MCA,A,403,103,67,65.05,78.64,18.75,Theory,No,No,No,Cloudy,No,3.4,Morning,Provided - user uploaded timetable,Synthetic development data,60.0,91,14,4,74.75666666666666,1,12.0,0,0,0,0,Medium
01-04-2026,Wednesday,2,10:15,11:15,Full Stack Development,IT22,F_ASP_RSZ,2,MCA,A,403,103,78,75.73,65.05,1.0,Theory,No,No,No,Cloudy,No,12.9,Morning,Provided - user uploaded timetable,Synthetic development data,60.0,91,14,4,72.49333333333333,2,12.0,0,0,0,0,High
01-04-2026,Wednesday,3,11:15,12:15,Cyber Security,IT23,F_DPY,2,MCA,A,403,103,73,70.87,75.73,1.0,Theory,No,No,No,Cloudy,No,6.4,Morning,Provided - user uploaded timetable,Synthetic development data,60.0,91,14,4,73.14,3,12.0,0,0,0,0,Medium
01-04-2026,Wednesday,4,13:30,14:30,Research Methodology,IT25,F_MLK,2,MCA,A,403,103,75,72.82,70.87,2.25,Theory,No,No,No,Rainy,No,3.8,Afternoon,Provided - user uploaded timetable,Synthetic development data,60.0,91,14,4,70.55,4,12.0,0,0,0,0,Medium
01-04-2026,Wednesday,5,14:30,15:30,Research Methodology,IT25,F_MLK,2,MCA,A,403,103,81,78.64,72.82,1.0,Theory,No,No,No,Sunny,No,8.2,Afternoon,Provided - user uploaded timetable,Synthetic development data,60.0,91,14,4,73.13999999999999,5,12.0,0,0,0,0,High
02-04-2026,Thursday,1,9:15,10:15,Full Stack Development,IT22,F_ASP_RSZ,2,MCA,A,403,103,72,69.9,78.64,18.75,Theory,No,No,Yes,Cloudy,No,12.8,Morning,Provided - user uploaded timetable,Synthetic development data,60.0,92,14,4,74.11,1,13.0,0,0,1,0,Medium
02-04-2026,Thursday,2,10:15,11:15,Cyber Security,IT23,F_DPY,2,MCA,A,403,103,68,66.02,69.9,1.0,Theory,Yes,No,Yes,Cloudy,No,10.7,Morning,Provided - user uploaded timetable,Synthetic development data,60.0,92,14,4,73.78666666666666,2,13.0,1,0,1,0,Medium
02-04-2026,Thursday,3,11:15,12:15,Software Project Management,IT24,F_JSP_MST,2,MCA,A,403,103,75,72.82,66.02,1.0,Theory,No,No,Yes,Cloudy,No,10.6,Morning,Provided - user uploaded timetable,Synthetic development data,60.0,92,14,4,71.52,3,13.0,0,0,1,0,Medium
02-04-2026,Thursday,4,13:30,14:30,Club Activities,CLUB,TBD,2,MCA,A,403,103,61,59.22,72.82,2.25,Special Event,No,No,Yes,Sunny,Yes,8.6,Afternoon,Provided - user uploaded timetable,Synthetic development data,60.0,92,14,4,69.58,4,13.0,0,0,1,1,Medium
02-04-2026,Thursday,5,14:30,15:30,IRP,IRP2,F_SDM,2,MCA,A,403,103,58,56.31,59.22,1.0,Theory,No,No,Yes,Rainy,No,7.2,Afternoon,Provided - user uploaded timetable,Synthetic development data,60.0,92,14,4,66.01999999999998,5,13.0,0,0,1,0,Medium
04-04-2026,Saturday,1,11:15,12:15,Training And Placement / Mini Project Training,P201,TBD,2,MCA,A,403,103,59,57.28,56.31,44.75,Project,No,No,Yes,Cloudy,No,8.6,Morning,Provided - user uploaded timetable,Synthetic development data,60.0,94,14,4,62.783333333333324,1,2.0,0,0,1,0,Medium
06-04-2026,Monday,1,9:15,10:15,Full Stack Development,IT22,F_ASP_RSZ,2,MCA,A,403,103,65,63.11,57.28,46.0,Theory,No,No,No,Rainy,No,10.9,Morning,Provided - user uploaded timetable,Synthetic development data,60.0,96,15,4,57.60333333333333,1,2.0,0,0,0,0,Medium
06-04-2026,Monday,2,10:15,11:15,Java Programming,IT21,F_VSN_SDM,2,MCA,A,403,103,87,84.47,63.11,1.0,Theory,No,No,No,Cloudy,No,12.0,Morning,Provided - user uploaded timetable,Synthetic development data,60.0,96,15,4,58.9,2,2.0,0,0,0,0,High
06-04-2026,Monday,3,11:15,12:15,Software Project Management,IT24,F_JSP_MST,2,MCA,A,403,103,87,84.47,84.47,1.0,Theory,No,No,No,Cloudy,No,15.0,Morning,Provided - user uploaded timetable,Synthetic development data,60.0,96,15,4,68.28666666666666,3,2.0,0,0,0,0,High
06-04-2026,Monday,4,13:30,14:30,Java Practical,ITL21-JAVA,F_SDM_VSN_KSD_SSP,2,MCA,A,401/402,103,72,69.9,84.47,2.25,Practical,No,No,No,Sunny,No,3.5,Afternoon,Provided - user uploaded timetable,Synthetic development data,60.0,96,15,4,77.35,4,2.0,0,0,0,0,Medium
06-04-2026,Monday,5,14:30,15:30,Java Practical,ITL21-JAVA,F_SDM_VSN_KSD_SSP,2,MCA,A,401/402,103,81,78.64,69.9,1.0,Practical,No,No,No,Cloudy,No,6.5,Afternoon,Provided - user uploaded timetable,Synthetic development data,60.0,96,15,4,79.61333333333333,5,2.0,0,0,0,0,High
07-04-2026,Tuesday,1,9:15,10:15,Cyber Security,IT23,F_DPY,2,MCA,A,403,103,79,76.7,78.64,18.75,Theory,No,No,No,Cloudy,No,5.0,Morning,Provided - user uploaded timetable,Synthetic development data,60.0,97,15,4,77.67,1,3.0,0,0,0,0,High
07-04-2026,Tuesday,2,10:15,11:15,Java Programming,IT21,F_VSN_SDM,2,MCA,A,403,103,88,85.44,76.7,1.0,Theory,No,No,No,Rainy,No,10.5,Morning,Provided - user uploaded timetable,Synthetic development data,60.0,97,15,4,75.08,2,3.0,0,0,0,0,High
07-04-2026,Tuesday,3,11:15,12:15,Software Project Management,IT24,F_JSP_MST,2,MCA,A,403,103,84,81.55,85.44,1.0,Theory,No,No,No,Sunny,No,7.8,Morning,Provided - user uploaded timetable,Synthetic development data,60.0,97,15,4,80.25999999999999,3,3.0,0,0,0,0,High
07-04-2026,Tuesday,4,13:30,14:30,Full Stack Development Practical,ITL21-FSD,F_ASP_RSZ_SP_KSD,2,MCA,A,401/402,103,77,74.76,81.55,2.25,Practical,No,Yes,No,Sunny,No,4.7,Afternoon,Provided - user uploaded timetable,Synthetic development data,60.0,97,15,4,81.23,4,3.0,0,1,0,0,Medium
07-04-2026,Tuesday,5,14:30,15:30,Full Stack Development Practical,ITL21-FSD,F_ASP_RSZ_SP_KSD,2,MCA,A,401/402,103,80,77.67,74.76,1.0,Practical,No,No,No,Sunny,No,9.5,Afternoon,Provided - user uploaded timetable,Synthetic development data,60.0,97,15,4,80.58333333333333,5,3.0,0,0,0,0,High
08-04-2026,Wednesday,1,9:15,10:15,Java Programming,IT21,F_VSN_SDM,2,MCA,A,403,103,85,82.52,77.67,18.75,Theory,No,No,No,Rainy,No,3.1,Morning,Provided - user uploaded timetable,Synthetic development data,60.0,98,15,4,77.99333333333334,1,4.0,0,0,0,0,High
08-04-2026,Wednesday,2,10:15,11:15,Full Stack Development,IT22,F_ASP_RSZ,2,MCA,A,403,103,81,78.64,82.52,1.0,Theory,No,Yes,No,Cloudy,No,3.5,Morning,Provided - user uploaded timetable,Synthetic development data,60.0,98,15,4,78.31666666666666,2,4.0,0,1,0,0,High
08-04-2026,Wednesday,3,11:15,12:15,Cyber Security,IT23,F_DPY,2,MCA,A,403,103,72,69.9,78.64,1.0,Theory,No,No,No,Cloudy,No,7.4,Morning,Provided - user uploaded timetable,Synthetic development data,60.0,98,15,4,79.61,3,4.0,0,0,0,0,Medium
08-04-2026,Wednesday,4,13:30,14:30,Research Methodology,IT25,F_MLK,2,MCA,A,403,103,77,74.76,69.9,2.25,Theory,No,No,No,Sunny,No,8.3,Afternoon,Provided - user uploaded timetable,Synthetic development data,60.0,98,15,4,77.02,4,4.0,0,0,0,0,Medium
08-04-2026,Wednesday,5,14:30,15:30,Research Methodology,IT25,F_MLK,2,MCA,A,403,103,66,64.08,74.76,1.0,Theory,No,No,No,Sunny,No,9.2,Afternoon,Provided - user uploaded timetable,Synthetic development data,60.0,98,15,4,74.43333333333334,5,4.0,0,0,0,0,Medium
09-04-2026,Thursday,1,9:15,10:15,Full Stack Development,IT22,F_ASP_RSZ,2,MCA,A,403,103,83,80.58,64.08,18.75,Theory,No,No,No,Cloudy,No,4.9,Morning,Provided - user uploaded timetable,Synthetic development data,60.0,99,15,4,69.58,1,5.0,0,0,0,0,High
09-04-2026,Thursday,2,10:15,11:15,Cyber Security,IT23,F_DPY,2,MCA,A,403,103,73,70.87,80.58,1.0,Theory,No,No,No,Rainy,No,11.7,Morning,Provided - user uploaded timetable,Synthetic development data,60.0,99,15,4,73.14,2,5.0,0,0,0,0,Medium
09-04-2026,Thursday,3,11:15,12:15,Software Project Management,IT24,F_JSP_MST,2,MCA,A,403,103,78,75.73,70.87,1.0,Theory,No,No,No,Sunny,No,9.4,Morning,Provided - user uploaded timetable,Synthetic development data,60.0,99,15,4,71.84333333333332,3,5.0,0,0,0,0,High
09-04-2026,Thursday,4,13:30,14:30,Club Activities,CLUB,TBD,2,MCA,A,403,103,73,70.87,75.73,2.25,Special Event,No,No,No,Cloudy,Yes,8.6,Afternoon,Provided - user uploaded timetable,Synthetic development data,60.0,99,15,4,75.72666666666667,4,5.0,0,0,0,1,Medium
09-04-2026,Thursday,5,14:30,15:30,IRP,IRP2,F_SDM,2,MCA,A,403,103,63,61.17,70.87,1.0,Theory,No,No,No,Rainy,No,7.7,Afternoon,Provided - user uploaded timetable,Synthetic development data,60.0,99,15,4,72.49000000000001,5,5.0,0,0,0,0,Medium
10-04-2026,Friday,1,9:15,10:15,Cyber Security Practical,ITL21-CYBER,F_DPY_MSU_MLK_MST,2,MCA,A,401/402,103,75,72.82,61.17,18.75,Practical,No,No,No,Sunny,No,12.6,Morning,Provided - user uploaded timetable,Synthetic development data,60.0,100,15,4,69.25666666666667,1,6.0,0,0,0,0,Medium
10-04-2026,Friday,2,10:15,11:15,Cyber Security Practical,ITL21-CYBER,F_DPY_MSU_MLK_MST,2,MCA,A,401/402,103,94,91.26,72.82,1.0,Practical,No,No,No,Rainy,No,5.7,Morning,Provided - user uploaded timetable,Synthetic development data,60.0,100,15,4,68.28666666666666,2,6.0,0,0,0,0,High
10-04-2026,Friday,3,11:15,12:15,Research Methodology,IT25,F_MLK,2,MCA,A,403,103,77,74.76,91.26,1.0,Theory,No,No,No,Rainy,No,5.8,Morning,Provided - user uploaded timetable,Synthetic development data,60.0,100,15,4,75.08333333333333,3,6.0,0,0,0,0,Medium
10-04-2026,Friday,4,13:30,14:30,Mini Project - Faculty Interaction,ITC21,TBD,2,MCA,A,403,103,72,69.9,74.76,2.25,Project,No,No,No,Rainy,No,8.6,Afternoon,Provided - user uploaded timetable,Synthetic development data,60.0,100,15,4,79.61333333333333,4,6.0,0,0,0,0,Medium
10-04-2026,Friday,5,14:30,15:30,Mini Project - Faculty Interaction,ITC21,TBD,2,MCA,A,403,103,69,66.99,69.9,1.0,Project,No,No,No,Sunny,No,8.6,Afternoon,Provided - user uploaded timetable,Synthetic development data,60.0,100,15,4,78.64,5,6.0,0,0,0,0,Medium
11-04-2026,Saturday,1,11:15,12:15,Training And Placement / Mini Project Training,P201,TBD,2,MCA,A,403,103,65,63.11,66.99,20.75,Project,No,No,No,Sunny,No,8.6,Morning,Provided - user uploaded timetable,Synthetic development data,60.0,101,15,4,70.55,1,7.0,0,0,0,0,Medium
13-04-2026,Monday,1,9:15,10:15,Full Stack Development,IT22,F_ASP_RSZ,2,MCA,A,403,103,80,77.67,63.11,46.0,Theory,No,No,No,Cloudy,No,6.3,Morning,Provided - user uploaded timetable,Synthetic development data,60.0,103,16,4,66.66666666666667,1,9.0,0,0,0,0,High
13-04-2026,Monday,2,10:15,11:15,Java Programming,IT21,F_VSN_SDM,2,MCA,A,403,103,73,70.87,77.67,1.0,Theory,Yes,No,No,Rainy,No,3.2,Morning,Provided - user uploaded timetable,Synthetic development data,60.0,103,16,4,69.25666666666666,2,9.0,1,0,0,0,Medium
13-04-2026,Monday,3,11:15,12:15,Software Project Management,IT24,F_JSP_MST,2,MCA,A,403,103,73,70.87,70.87,1.0,Theory,No,No,No,Rainy,No,6.7,Morning,Provided - user uploaded timetable,Synthetic development data,60.0,103,16,4,70.55,3,9.0,0,0,0,0,Medium
13-04-2026,Monday,4,13:30,14:30,Java Practical,ITL21-JAVA,F_SDM_VSN_KSD_SSP,2,MCA,A,401/402,103,86,83.5,70.87,2.25,Practical,Yes,No,No,Sunny,No,14.6,Afternoon,Provided - user uploaded timetable,Synthetic development data,60.0,103,16,4,73.13666666666666,4,9.0,1,0,0,0,High
13-04-2026,Monday,5,14:30,15:30,Java Practical,ITL21-JAVA,F_SDM_VSN_KSD_SSP,2,MCA,A,401/402,103,83,80.58,83.5,1.0,Practical,No,No,No,Cloudy,No,12.8,Afternoon,Provided - user uploaded timetable,Synthetic development data,60.0,103,16,4,75.08,5,9.0,0,0,0,0,High
14-04-2026,Tuesday,1,9:15,10:15,Cyber Security,IT23,F_DPY,2,MCA,A,403,103,75,72.82,80.58,18.75,Theory,No,No,No,Cloudy,No,3.2,Morning,Provided - user uploaded timetable,Synthetic development data,60.0,104,16,4,78.31666666666666,1,10.0,0,0,0,0,Medium
14-04-2026,Tuesday,2,10:15,11:15,Java Programming,IT21,F_VSN_SDM,2,MCA,A,403,103,76,73.79,72.82,1.0,Theory,No,Yes,No,Rainy,No,13.7,Morning,Provided - user uploaded timetable,Synthetic development data,60.0,104,16,4,78.96666666666665,2,10.0,0,1,0,0,Medium
14-04-2026,Tuesday,3,11:15,12:15,Software Project Management,IT24,F_JSP_MST,2,MCA,A,403,103,82,79.61,73.79,1.0,Theory,No,No,No,Cloudy,No,11.4,Morning,Provided - user uploaded timetable,Synthetic development data,60.0,104,16,4,75.73,3,10.0,0,0,0,0,High
14-04-2026,Tuesday,4,13:30,14:30,Full Stack Development Practical,ITL21-FSD,F_ASP_RSZ_SP_KSD,2,MCA,A,401/402,103,74,71.84,79.61,2.25,Practical,No,No,No,Sunny,No,11.1,Afternoon,Provided - user uploaded timetable,Synthetic development data,60.0,104,16,4,75.40666666666667,4,10.0,0,0,0,0,Medium
14-04-2026,Tuesday,5,14:30,15:30,Full Stack Development Practical,ITL21-FSD,F_ASP_RSZ_SP_KSD,2,MCA,A,401/402,103,88,85.44,71.84,1.0,Practical,Yes,No,No,Sunny,No,9.7,Afternoon,Provided - user uploaded timetable,Synthetic development data,60.0,104,16,4,75.08,5,10.0,1,0,0,0,High
15-04-2026,Wednesday,1,9:15,10:15,Java Programming,IT21,F_VSN_SDM,2,MCA,A,403,103,72,69.9,85.44,18.75,Theory,No,No,No,Sunny,No,8.9,Morning,Provided - user uploaded timetable,Synthetic development data,60.0,105,16,4,78.96333333333332,1,11.0,0,0,0,0,Medium
15-04-2026,Wednesday,2,10:15,11:15,Full Stack Development,IT22,F_ASP_RSZ,2,MCA,A,403,103,72,69.9,69.9,1.0,Theory,Yes,No,No,Cloudy,No,6.6,Morning,Provided - user uploaded timetable,Synthetic development data,60.0,105,16,4,75.72666666666666,2,11.0,1,0,0,0,Medium
15-04-2026,Wednesday,3,11:15,12:15,Cyber Security,IT23,F_DPY,2,MCA,A,403,103,71,68.93,69.9,1.0,Theory,No,No,No,Cloudy,No,10.0,Morning,Provided - user uploaded timetable,Synthetic development data,60.0,105,16,4,75.08,3,11.0,0,0,0,0,Medium
15-04-2026,Wednesday,4,13:30,14:30,Research Methodology,IT25,F_MLK,2,MCA,A,403,103,71,68.93,68.93,2.25,Theory,No,No,No,Sunny,No,3.8,Afternoon,Provided - user uploaded timetable,Synthetic development data,60.0,105,16,4,69.57666666666667,4,11.0,0,0,0,0,Medium
15-04-2026,Wednesday,5,14:30,15:30,Research Methodology,IT25,F_MLK,2,MCA,A,403,103,74,71.84,68.93,1.0,Theory,No,No,No,Cloudy,No,14.5,Afternoon,Provided - user uploaded timetable,Synthetic development data,60.0,105,16,4,69.25333333333333,5,11.0,0,0,0,0,Medium
16-04-2026,Thursday,1,9:15,10:15,Full Stack Development,IT22,F_ASP_RSZ,2,MCA,A,403,103,74,71.84,71.84,18.75,Theory,No,No,No,Rainy,No,2.9,Morning,Provided - user uploaded timetable,Synthetic development data,60.0,106,16,4,69.9,1,12.0,0,0,0,0,Medium
16-04-2026,Thursday,2,10:15,11:15,Cyber Security,IT23,F_DPY,2,MCA,A,403,103,67,65.05,71.84,1.0,Theory,No,Yes,No,Cloudy,No,14.1,Morning,Provided - user uploaded timetable,Synthetic development data,60.0,106,16,4,70.86999999999999,2,12.0,0,1,0,0,Medium
16-04-2026,Thursday,3,11:15,12:15,Software Project Management,IT24,F_JSP_MST,2,MCA,A,403,103,75,72.82,65.05,1.0,Theory,No,No,No,Rainy,No,7.5,Morning,Provided - user uploaded timetable,Synthetic development data,60.0,106,16,4,69.57666666666667,3,12.0,0,0,0,0,Medium
16-04-2026,Thursday,4,13:30,14:30,Club Activities,CLUB,TBD,2,MCA,A,403,103,73,70.87,72.82,2.25,Special Event,No,No,No,Cloudy,Yes,8.6,Afternoon,Provided - user uploaded timetable,Synthetic development data,60.0,106,16,4,69.90333333333332,4,12.0,0,0,0,1,Medium
16-04-2026,Thursday,5,14:30,15:30,IRP,IRP2,F_SDM,2,MCA,A,403,103,62,60.19,70.87,1.0,Theory,No,No,No,Sunny,No,9.6,Afternoon,Provided - user uploaded timetable,Synthetic development data,60.0,106,16,4,69.58,5,12.0,0,0,0,0,Medium
17-04-2026,Friday,1,9:15,10:15,Cyber Security Practical,ITL21-CYBER,F_DPY_MSU_MLK_MST,2,MCA,A,401/402,103,83,80.58,60.19,18.75,Practical,No,No,No,Rainy,No,10.9,Morning,Provided - user uploaded timetable,Synthetic development data,60.0,107,16,4,67.96,1,13.0,0,0,0,0,High
17-04-2026,Friday,2,10:15,11:15,Cyber Security Practical,ITL21-CYBER,F_DPY_MSU_MLK_MST,2,MCA,A,401/402,103,86,83.5,80.58,1.0,Practical,Yes,No,No,Rainy,No,14.4,Morning,Provided - user uploaded timetable,Synthetic development data,60.0,107,16,4,70.54666666666667,2,13.0,1,0,0,0,High
17-04-2026,Friday,3,11:15,12:15,Research Methodology,IT25,F_MLK,2,MCA,A,403,103,89,86.41,83.5,1.0,Theory,No,No,No,Cloudy,No,3.5,Morning,Provided - user uploaded timetable,Synthetic development data,60.0,107,16,4,74.75666666666666,3,13.0,0,0,0,0,High
17-04-2026,Friday,4,13:30,14:30,Mini Project - Faculty Interaction,ITC21,TBD,2,MCA,A,403,103,72,69.9,86.41,2.25,Project,No,Yes,No,Rainy,No,8.6,Afternoon,Provided - user uploaded timetable,Synthetic development data,60.0,107,16,4,83.49666666666666,4,13.0,0,1,0,0,Medium
17-04-2026,Friday,5,14:30,15:30,Mini Project - Faculty Interaction,ITC21,TBD,2,MCA,A,403,103,78,75.73,69.9,1.0,Project,No,No,No,Sunny,No,8.6,Afternoon,Provided - user uploaded timetable,Synthetic development data,60.0,107,16,4,79.93666666666665,5,13.0,0,0,0,0,High
18-04-2026,Saturday,1,11:15,12:15,Training And Placement / Mini Project Training,P201,TBD,2,MCA,A,403,103,71,68.93,75.73,20.75,Project,No,No,No,Rainy,No,8.6,Morning,Provided - user uploaded timetable,Synthetic development data,60.0,108,16,4,77.34666666666668,1,14.0,0,0,0,0,Medium
20-04-2026,Monday,1,9:15,10:15,Full Stack Development,IT22,F_ASP_RSZ,2,MCA,A,403,103,82,79.61,68.93,46.0,Theory,No,No,No,Sunny,No,13.6,Morning,Provided - user uploaded timetable,Synthetic development data,60.0,110,17,4,71.52,1,16.0,0,0,0,0,High
20-04-2026,Monday,2,10:15,11:15,Java Programming,IT21,F_VSN_SDM,2,MCA,A,403,103,86,83.5,79.61,1.0,Theory,No,Yes,No,Rainy,No,8.6,Morning,Provided - user uploaded timetable,Synthetic development data,60.0,110,17,4,74.75666666666667,2,16.0,0,1,0,0,High
20-04-2026,Monday,3,11:15,12:15,Software Project Management,IT24,F_JSP_MST,2,MCA,A,403,103,84,81.55,83.5,1.0,Theory,Yes,No,No,Sunny,No,2.6,Morning,Provided - user uploaded timetable,Synthetic development data,60.0,110,17,4,77.34666666666666,3,16.0,1,0,0,0,High
20-04-2026,Monday,4,13:30,14:30,Java Practical,ITL21-JAVA,F_SDM_VSN_KSD_SSP,2,MCA,A,401/402,103,74,71.84,81.55,2.25,Practical,No,No,No,Sunny,No,14.1,Afternoon,Provided - user uploaded timetable,Synthetic development data,60.0,110,17,4,81.55333333333333,4,16.0,0,0,0,0,Medium
20-04-2026,Monday,5,14:30,15:30,Java Practical,ITL21-JAVA,F_SDM_VSN_KSD_SSP,2,MCA,A,401/402,103,79,76.7,71.84,1.0,Practical,No,No,No,Rainy,No,11.6,Afternoon,Provided - user uploaded timetable,Synthetic development data,60.0,110,17,4,78.96333333333332,5,16.0,0,0,0,0,High
21-04-2026,Tuesday,1,9:15,10:15,Cyber Security,IT23,F_DPY,2,MCA,A,403,103,76,73.79,76.7,18.75,Theory,No,No,No,Sunny,No,6.8,Morning,Provided - user uploaded timetable,Synthetic development data,60.0,111,17,4,76.69666666666666,1,17.0,0,0,0,0,Medium
21-04-2026,Tuesday,2,10:15,11:15,Java Programming,IT21,F_VSN_SDM,2,MCA,A,403,103,85,82.52,73.79,1.0,Theory,No,No,No,Rainy,No,10.1,Morning,Provided - user uploaded timetable,Synthetic development data,60.0,111,17,4,74.11,2,17.0,0,0,0,0,High
21-04-2026,Tuesday,3,11:15,12:15,Software Project Management,IT24,F_JSP_MST,2,MCA,A,403,103,83,80.58,82.52,1.0,Theory,No,No,No,Cloudy,No,15.0,Morning,Provided - user uploaded timetable,Synthetic development data,60.0,111,17,4,77.67,3,17.0,0,0,0,0,High
21-04-2026,Tuesday,4,13:30,14:30,Full Stack Development Practical,ITL21-FSD,F_ASP_RSZ_SP_KSD,2,MCA,A,401/402,103,88,85.44,80.58,2.25,Practical,No,No,No,Rainy,No,11.9,Afternoon,Provided - user uploaded timetable,Synthetic development data,60.0,111,17,4,78.96333333333332,4,17.0,0,0,0,0,High
21-04-2026,Tuesday,5,14:30,15:30,Full Stack Development Practical,ITL21-FSD,F_ASP_RSZ_SP_KSD,2,MCA,A,401/402,103,87,84.47,85.44,1.0,Practical,No,Yes,No,Cloudy,No,2.3,Afternoon,Provided - user uploaded timetable,Synthetic development data,60.0,111,17,4,82.84666666666665,5,17.0,0,1,0,0,High
22-04-2026,Wednesday,1,9:15,10:15,Java Programming,IT21,F_VSN_SDM,2,MCA,A,403,103,83,80.58,84.47,18.75,Theory,No,No,No,Rainy,No,7.4,Morning,Provided - user uploaded timetable,Synthetic development data,60.0,112,17,4,83.49666666666667,1,18.0,0,0,0,0,High
22-04-2026,Wednesday,2,10:15,11:15,Full Stack Development,IT22,F_ASP_RSZ,2,MCA,A,403,103,72,69.9,80.58,1.0,Theory,No,No,No,Rainy,No,3.1,Morning,Provided - user uploaded timetable,Synthetic development data,60.0,112,17,4,83.49666666666666,2,18.0,0,0,0,0,Medium
22-04-2026,Wednesday,3,11:15,12:15,Cyber Security,IT23,F_DPY,2,MCA,A,403,103,69,66.99,69.9,1.0,Theory,No,No,No,Cloudy,No,3.0,Morning,Provided - user uploaded timetable,Synthetic development data,60.0,112,17,4,78.31666666666666,3,18.0,0,0,0,0,Medium
22-04-2026,Wednesday,4,13:30,14:30,Research Methodology,IT25,F_MLK,2,MCA,A,403,103,76,73.79,66.99,2.25,Theory,No,No,No,Sunny,No,5.1,Afternoon,Provided - user uploaded timetable,Synthetic development data,60.0,112,17,4,72.49,4,18.0,0,0,0,0,Medium
22-04-2026,Wednesday,5,14:30,15:30,Research Methodology,IT25,F_MLK,2,MCA,A,403,103,71,68.93,73.79,1.0,Theory,No,No,No,Cloudy,No,11.1,Afternoon,Provided - user uploaded timetable,Synthetic development data,60.0,112,17,4,70.22666666666667,5,18.0,0,0,0,0,Medium
23-04-2026,Thursday,1,9:15,10:15,Full Stack Development,IT22,F_ASP_RSZ,2,MCA,A,403,103,79,76.7,68.93,18.75,Theory,No,No,No,Rainy,No,9.8,Morning,Provided - user uploaded timetable,Synthetic development data,60.0,113,17,4,69.90333333333332,1,19.0,0,0,0,0,High
23-04-2026,Thursday,2,10:15,11:15,Cyber Security,IT23,F_DPY,2,MCA,A,403,103,72,69.9,76.7,1.0,Theory,No,No,No,Sunny,No,3.2,Morning,Provided - user uploaded timetable,Synthetic development data,60.0,113,17,4,73.14,2,19.0,0,0,0,0,Medium
23-04-2026,Thursday,3,11:15,12:15,Software Project Management,IT24,F_JSP_MST,2,MCA,A,403,103,78,75.73,69.9,1.0,Theory,No,No,No,Rainy,No,2.6,Morning,Provided - user uploaded timetable,Synthetic development data,60.0,113,17,4,71.84333333333332,3,19.0,0,0,0,0,High
23-04-2026,Thursday,4,13:30,14:30,Club Activities,CLUB,TBD,2,MCA,A,403,103,66,64.08,75.73,2.25,Special Event,No,No,No,Sunny,Yes,8.6,Afternoon,Provided - user uploaded timetable,Synthetic development data,60.0,113,17,4,74.11,4,19.0,0,0,0,1,Medium
23-04-2026,Thursday,5,14:30,15:30,IRP,IRP2,F_SDM,2,MCA,A,403,103,68,66.02,64.08,1.0,Theory,Yes,No,No,Cloudy,No,9.2,Afternoon,Provided - user uploaded timetable,Synthetic development data,60.0,113,17,4,69.90333333333332,5,19.0,1,0,0,0,Medium
24-04-2026,Friday,1,9:15,10:15,Cyber Security Practical,ITL21-CYBER,F_DPY_MSU_MLK_MST,2,MCA,A,401/402,103,93,90.29,66.02,18.75,Practical,No,No,No,Cloudy,No,3.6,Morning,Provided - user uploaded timetable,Synthetic development data,60.0,114,17,4,68.61,1,20.0,0,0,0,0,High
24-04-2026,Friday,2,10:15,11:15,Cyber Security Practical,ITL21-CYBER,F_DPY_MSU_MLK_MST,2,MCA,A,401/402,103,87,84.47,90.29,1.0,Practical,No,Yes,No,Rainy,No,7.6,Morning,Provided - user uploaded timetable,Synthetic development data,60.0,114,17,4,73.46333333333332,2,20.0,0,1,0,0,High
24-04-2026,Friday,3,11:15,12:15,Research Methodology,IT25,F_MLK,2,MCA,A,403,103,82,79.61,84.47,1.0,Theory,No,No,No,Cloudy,No,10.9,Morning,Provided - user uploaded timetable,Synthetic development data,60.0,114,17,4,80.25999999999999,3,20.0,0,0,0,0,High
24-04-2026,Friday,4,13:30,14:30,Mini Project - Faculty Interaction,ITC21,TBD,2,MCA,A,403,103,64,62.14,79.61,2.25,Project,No,No,No,Sunny,No,8.6,Afternoon,Provided - user uploaded timetable,Synthetic development data,60.0,114,17,4,84.79,4,20.0,0,0,0,0,Medium
24-04-2026,Friday,5,14:30,15:30,Mini Project - Faculty Interaction,ITC21,TBD,2,MCA,A,403,103,73,70.87,62.14,1.0,Project,No,No,No,Sunny,No,8.6,Afternoon,Provided - user uploaded timetable,Synthetic development data,60.0,114,17,4,75.40666666666665,5,20.0,0,0,0,0,Medium
25-04-2026,Saturday,1,11:15,12:15,Training And Placement / Mini Project Training,P201,TBD,2,MCA,A,403,103,79,76.7,70.87,20.75,Project,No,No,No,Rainy,No,8.6,Morning,Provided - user uploaded timetable,Synthetic development data,60.0,115,17,4,70.87333333333333,1,21.0,0,0,0,0,High
27-04-2026,Monday,1,9:15,10:15,Full Stack Development,IT22,F_ASP_RSZ,2,MCA,A,403,103,76,73.79,76.7,46.0,Theory,Yes,No,No,Sunny,No,13.6,Morning,Provided - user uploaded timetable,Synthetic development data,60.0,117,18,4,69.90333333333332,1,23.0,1,0,0,0,Medium
27-04-2026,Monday,2,10:15,11:15,Java Programming,IT21,F_VSN_SDM,2,MCA,A,403,103,89,86.41,73.79,1.0,Theory,No,Yes,No,Cloudy,No,8.9,Morning,Provided - user uploaded timetable,Synthetic development data,60.0,117,18,4,73.78666666666668,2,23.0,0,1,0,0,High
27-04-2026,Monday,3,11:15,12:15,Software Project Management,IT24,F_JSP_MST,2,MCA,A,403,103,88,85.44,86.41,1.0,Theory,No,No,No,Sunny,No,3.3,Morning,Provided - user uploaded timetable,Synthetic development data,60.0,117,18,4,78.96666666666665,3,23.0,0,0,0,0,High
27-04-2026,Monday,4,13:30,14:30,Java Practical,ITL21-JAVA,F_SDM_VSN_KSD_SSP,2,MCA,A,401/402,103,80,77.67,85.44,2.25,Practical,No,No,No,Rainy,No,2.7,Afternoon,Provided - user uploaded timetable,Synthetic development data,60.0,117,18,4,81.88,4,23.0,0,0,0,0,High
27-04-2026,Monday,5,14:30,15:30,Java Practical,ITL21-JAVA,F_SDM_VSN_KSD_SSP,2,MCA,A,401/402,103,80,77.67,77.67,1.0,Practical,No,No,No,Cloudy,No,6.6,Afternoon,Provided - user uploaded timetable,Synthetic development data,60.0,117,18,4,83.17333333333333,5,23.0,0,0,0,0,High
28-04-2026,Tuesday,1,9:15,10:15,Cyber Security,IT23,F_DPY,2,MCA,A,403,103,74,71.84,77.67,18.75,Theory,No,No,No,Rainy,No,8.2,Morning,Provided - user uploaded timetable,Synthetic development data,60.0,118,18,4,80.25999999999999,1,24.0,0,0,0,0,Medium
28-04-2026,Tuesday,2,10:15,11:15,Java Programming,IT21,F_VSN_SDM,2,MCA,A,403,103,83,80.58,71.84,1.0,Theory,No,No,No,Sunny,No,6.4,Morning,Provided - user uploaded timetable,Synthetic development data,60.0,118,18,4,75.72666666666667,2,24.0,0,0,0,0,High
28-04-2026,Tuesday,3,11:15,12:15,Software Project Management,IT24,F_JSP_MST,2,MCA,A,403,103,88,85.44,80.58,1.0,Theory,No,No,No,Cloudy,No,2.8,Morning,Provided - user uploaded timetable,Synthetic development data,60.0,118,18,4,76.69666666666666,3,24.0,0,0,0,0,High
28-04-2026,Tuesday,4,13:30,14:30,Full Stack Development Practical,ITL21-FSD,F_ASP_RSZ_SP_KSD,2,MCA,A,401/402,103,77,74.76,85.44,2.25,Practical,No,No,No,Sunny,No,12.1,Afternoon,Provided - user uploaded timetable,Synthetic development data,60.0,118,18,4,79.28666666666666,4,24.0,0,0,0,0,Medium
28-04-2026,Tuesday,5,14:30,15:30,Full Stack Development Practical,ITL21-FSD,F_ASP_RSZ_SP_KSD,2,MCA,A,401/402,103,87,84.47,74.76,1.0,Practical,No,No,No,Sunny,No,6.9,Afternoon,Provided - user uploaded timetable,Synthetic development data,60.0,118,18,4,80.25999999999999,5,24.0,0,0,0,0,High
29-04-2026,Wednesday,1,9:15,10:15,Java Programming,IT21,F_VSN_SDM,2,MCA,A,403,103,82,79.61,84.47,18.75,Theory,No,No,No,Rainy,No,11.0,Morning,Provided - user uploaded timetable,Synthetic development data,60.0,119,18,4,81.55666666666667,1,25.0,0,0,0,0,High
29-04-2026,Wednesday,2,10:15,11:15,Full Stack Development,IT22,F_ASP_RSZ,2,MCA,A,403,103,81,78.64,79.61,1.0,Theory,No,No,No,Rainy,No,14.3,Morning,Provided - user uploaded timetable,Synthetic development data,60.0,119,18,4,79.61333333333333,2,25.0,0,0,0,0,High
29-04-2026,Wednesday,3,11:15,12:15,Cyber Security,IT23,F_DPY,2,MCA,A,403,103,76,73.79,78.64,1.0,Theory,No,No,No,Rainy,No,2.4,Morning,Provided - user uploaded timetable,Synthetic development data,60.0,119,18,4,80.90666666666665,3,25.0,0,0,0,0,Medium
29-04-2026,Wednesday,4,13:30,14:30,Research Methodology,IT25,F_MLK,2,MCA,A,403,103,84,81.55,73.79,2.25,Theory,No,No,No,Rainy,No,4.9,Afternoon,Provided - user uploaded timetable,Synthetic development data,60.0,119,18,4,77.34666666666666,4,25.0,0,0,0,0,High
29-04-2026,Wednesday,5,14:30,15:30,Research Methodology,IT25,F_MLK,2,MCA,A,403,103,68,66.02,81.55,1.0,Theory,No,No,No,Sunny,No,6.3,Afternoon,Provided - user uploaded timetable,Synthetic development data,60.0,119,18,4,77.99333333333334,5,25.0,0,0,0,0,Medium
30-04-2026,Thursday,1,9:15,10:15,Full Stack Development,IT22,F_ASP_RSZ,2,MCA,A,403,103,79,76.7,66.02,18.75,Theory,No,No,Yes,Cloudy,No,13.5,Morning,Provided - user uploaded timetable,Synthetic development data,60.0,120,18,4,73.78666666666666,1,26.0,0,0,1,0,High
30-04-2026,Thursday,2,10:15,11:15,Cyber Security,IT23,F_DPY,2,MCA,A,403,103,65,63.11,76.7,1.0,Theory,No,No,Yes,Cloudy,No,12.3,Morning,Provided - user uploaded timetable,Synthetic development data,60.0,120,18,4,74.75666666666666,2,26.0,0,0,1,0,Medium
30-04-2026,Thursday,3,11:15,12:15,Software Project Management,IT24,F_JSP_MST,2,MCA,A,403,103,70,67.96,63.11,1.0,Theory,No,No,Yes,Sunny,No,4.1,Morning,Provided - user uploaded timetable,Synthetic development data,60.0,120,18,4,68.61,3,26.0,0,0,1,0,Medium
30-04-2026,Thursday,4,13:30,14:30,Club Activities,CLUB,TBD,2,MCA,A,403,103,64,62.14,67.96,2.25,Special Event,Yes,No,Yes,Cloudy,Yes,8.6,Afternoon,Provided - user uploaded timetable,Synthetic development data,60.0,120,18,4,69.25666666666666,4,26.0,1,0,1,1,Medium
30-04-2026,Thursday,5,14:30,15:30,IRP,IRP2,F_SDM,2,MCA,A,403,103,58,56.31,62.14,1.0,Theory,Yes,No,Yes,Sunny,No,3.0,Afternoon,Provided - user uploaded timetable,Synthetic development data,60.0,120,18,4,64.40333333333332,5,26.0,1,0,1,0,Medium
02-05-2026,Saturday,1,11:15,12:15,Training And Placement / Mini Project Training,P201,TBD,2,MCA,A,403,103,58,56.31,56.31,44.75,Project,No,No,Yes,Rainy,No,8.6,Morning,Provided - user uploaded timetable,Synthetic development data,60.0,122,18,5,62.136666666666656,1,2.0,0,0,1,0,Medium
04-05-2026,Monday,1,9:15,10:15,Full Stack Development,IT22,F_ASP_RSZ,2,MCA,A,403,103,80,77.67,56.31,46.0,Theory,No,No,No,Rainy,No,12.9,Morning,Provided - user uploaded timetable,Synthetic development data,60.0,124,19,5,58.25333333333333,1,2.0,0,0,0,0,High
04-05-2026,Monday,2,10:15,11:15,Java Programming,IT21,F_VSN_SDM,2,MCA,A,403,103,83,80.58,77.67,1.0,Theory,No,No,No,Cloudy,No,3.1,Morning,Provided - user uploaded timetable,Synthetic development data,60.0,124,19,5,63.43,2,2.0,0,0,0,0,High
04-05-2026,Monday,3,11:15,12:15,Software Project Management,IT24,F_JSP_MST,2,MCA,A,403,103,84,81.55,80.58,1.0,Theory,No,No,No,Cloudy,No,4.6,Morning,Provided - user uploaded timetable,Synthetic development data,60.0,124,19,5,71.52,3,2.0,0,0,0,0,High
04-05-2026,Monday,4,13:30,14:30,Java Practical,ITL21-JAVA,F_SDM_VSN_KSD_SSP,2,MCA,A,401/402,103,93,90.29,81.55,2.25,Practical,Yes,No,No,Cloudy,No,14.7,Afternoon,Provided - user uploaded timetable,Synthetic development data,60.0,124,19,5,79.93333333333332,4,2.0,1,0,0,0,High
04-05-2026,Monday,5,14:30,15:30,Java Practical,ITL21-JAVA,F_SDM_VSN_KSD_SSP,2,MCA,A,401/402,103,81,78.64,90.29,1.0,Practical,No,Yes,No,Cloudy,No,8.1,Afternoon,Provided - user uploaded timetable,Synthetic development data,60.0,124,19,5,84.14,5,2.0,0,1,0,0,High
05-05-2026,Tuesday,1,9:15,10:15,Cyber Security,IT23,F_DPY,2,MCA,A,403,103,71,68.93,78.64,18.75,Theory,No,No,No,Sunny,No,9.2,Morning,Provided - user uploaded timetable,Synthetic development data,60.0,125,19,5,83.49333333333333,1,3.0,0,0,0,0,Medium
05-05-2026,Tuesday,2,10:15,11:15,Java Programming,IT21,F_VSN_SDM,2,MCA,A,403,103,83,80.58,68.93,1.0,Theory,No,No,No,Cloudy,No,14.6,Morning,Provided - user uploaded timetable,Synthetic development data,60.0,125,19,5,79.28666666666668,2,3.0,0,0,0,0,High
05-05-2026,Tuesday,3,11:15,12:15,Software Project Management,IT24,F_JSP_MST,2,MCA,A,403,103,80,77.67,80.58,1.0,Theory,No,No,No,Rainy,No,13.5,Morning,Provided - user uploaded timetable,Synthetic development data,60.0,125,19,5,76.05,3,3.0,0,0,0,0,High
05-05-2026,Tuesday,4,13:30,14:30,Full Stack Development Practical,ITL21-FSD,F_ASP_RSZ_SP_KSD,2,MCA,A,401/402,103,89,86.41,77.67,2.25,Practical,No,Yes,No,Rainy,No,2.5,Afternoon,Provided - user uploaded timetable,Synthetic development data,60.0,125,19,5,75.72666666666667,4,3.0,0,1,0,0,High
05-05-2026,Tuesday,5,14:30,15:30,Full Stack Development Practical,ITL21-FSD,F_ASP_RSZ_SP_KSD,2,MCA,A,401/402,103,95,92.23,86.41,1.0,Practical,No,No,No,Rainy,No,10.8,Afternoon,Provided - user uploaded timetable,Synthetic development data,60.0,125,19,5,81.55333333333333,5,3.0,0,0,0,0,High
06-05-2026,Wednesday,1,9:15,10:15,Java Programming,IT21,F_VSN_SDM,2,MCA,A,403,103,84,81.55,92.23,18.75,Theory,No,No,No,Rainy,No,6.2,Morning,Provided - user uploaded timetable,Synthetic development data,60.0,126,19,5,85.43666666666667,1,4.0,0,0,0,0,High
06-05-2026,Wednesday,2,10:15,11:15,Full Stack Development,IT22,F_ASP_RSZ,2,MCA,A,403,103,76,73.79,81.55,1.0,Theory,No,No,No,Sunny,No,12.2,Morning,Provided - user uploaded timetable,Synthetic development data,60.0,126,19,5,86.72999999999998,2,4.0,0,0,0,0,Medium
06-05-2026,Wednesday,3,11:15,12:15,Cyber Security,IT23,F_DPY,2,MCA,A,403,103,77,74.76,73.79,1.0,Theory,No,No,No,Cloudy,No,3.5,Morning,Provided - user uploaded timetable,Synthetic development data,60.0,126,19,5,82.52333333333333,3,4.0,0,0,0,0,Medium
06-05-2026,Wednesday,4,13:30,14:30,Research Methodology,IT25,F_MLK,2,MCA,A,403,103,77,74.76,74.76,2.25,Theory,No,No,No,Rainy,No,11.9,Afternoon,Provided - user uploaded timetable,Synthetic development data,60.0,126,19,5,76.7,4,4.0,0,0,0,0,Medium
06-05-2026,Wednesday,5,14:30,15:30,Research Methodology,IT25,F_MLK,2,MCA,A,403,103,75,72.82,74.76,1.0,Theory,No,No,No,Rainy,No,12.1,Afternoon,Provided - user uploaded timetable,Synthetic development data,60.0,126,19,5,74.43666666666667,5,4.0,0,0,0,0,Medium
07-05-2026,Thursday,1,9:15,10:15,Full Stack Development,IT22,F_ASP_RSZ,2,MCA,A,403,103,77,74.76,72.82,18.75,Theory,No,No,No,Cloudy,No,12.6,Morning,Provided - user uploaded timetable,Synthetic development data,60.0,127,19,5,74.11333333333333,1,5.0,0,0,0,0,Medium
07-05-2026,Thursday,2,10:15,11:15,Cyber Security,IT23,F_DPY,2,MCA,A,403,103,75,72.82,74.76,1.0,Theory,No,No,No,Cloudy,No,13.2,Morning,Provided - user uploaded timetable,Synthetic development data,60.0,127,19,5,74.11333333333333,2,5.0,0,0,0,0,Medium
07-05-2026,Thursday,3,11:15,12:15,Software Project Management,IT24,F_JSP_MST,2,MCA,A,403,103,87,84.47,72.82,1.0,Theory,No,No,No,Sunny,No,3.7,Morning,Provided - user uploaded timetable,Synthetic development data,60.0,127,19,5,73.46666666666665,3,5.0,0,0,0,0,High
07-05-2026,Thursday,4,13:30,14:30,Club Activities,CLUB,TBD,2,MCA,A,403,103,64,62.14,84.47,2.25,Special Event,No,No,No,Cloudy,Yes,8.6,Afternoon,Provided - user uploaded timetable,Synthetic development data,60.0,127,19,5,77.35,4,5.0,0,0,0,1,Medium
07-05-2026,Thursday,5,14:30,15:30,IRP,IRP2,F_SDM,2,MCA,A,403,103,69,66.99,62.14,1.0,Theory,No,No,No,Rainy,No,3.2,Afternoon,Provided - user uploaded timetable,Synthetic development data,60.0,127,19,5,73.14333333333332,5,5.0,0,0,0,0,Medium
08-05-2026,Friday,1,9:15,10:15,Cyber Security Practical,ITL21-CYBER,F_DPY_MSU_MLK_MST,2,MCA,A,401/402,103,78,75.73,66.99,18.75,Practical,No,No,No,Rainy,No,4.6,Morning,Provided - user uploaded timetable,Synthetic development data,60.0,128,19,5,71.19999999999999,1,6.0,0,0,0,0,High
08-05-2026,Friday,2,10:15,11:15,Cyber Security Practical,ITL21-CYBER,F_DPY_MSU_MLK_MST,2,MCA,A,401/402,103,89,86.41,75.73,1.0,Practical,No,No,No,Cloudy,No,10.3,Morning,Provided - user uploaded timetable,Synthetic development data,60.0,128,19,5,68.28666666666668,2,6.0,0,0,0,0,High
08-05-2026,Friday,3,11:15,12:15,Research Methodology,IT25,F_MLK,2,MCA,A,403,103,80,77.67,86.41,1.0,Theory,No,Yes,No,Cloudy,No,8.4,Morning,Provided - user uploaded timetable,Synthetic development data,60.0,128,19,5,76.37666666666667,3,6.0,0,1,0,0,High
08-05-2026,Friday,4,13:30,14:30,Mini Project - Faculty Interaction,ITC21,TBD,2,MCA,A,403,103,83,80.58,77.67,2.25,Project,No,No,No,Cloudy,No,8.6,Afternoon,Provided - user uploaded timetable,Synthetic development data,60.0,128,19,5,79.93666666666665,4,6.0,0,0,0,0,High
08-05-2026,Friday,5,14:30,15:30,Mini Project - Faculty Interaction,ITC21,TBD,2,MCA,A,403,103,71,68.93,80.58,1.0,Project,No,No,No,Sunny,No,8.6,Afternoon,Provided - user uploaded timetable,Synthetic development data,60.0,128,19,5,81.55333333333333,5,6.0,0,0,0,0,Medium
09-05-2026,Saturday,1,11:15,12:15,Training And Placement / Mini Project Training,P201,TBD,2,MCA,A,403,103,70,67.96,68.93,20.75,Project,No,No,No,Sunny,No,8.6,Morning,Provided - user uploaded timetable,Synthetic development data,60.0,129,19,5,75.72666666666667,1,7.0,0,0,0,0,Medium
11-05-2026,Monday,1,9:15,10:15,Full Stack Development,IT22,F_ASP_RSZ,2,MCA,A,403,103,76,73.79,67.96,46.0,Theory,No,No,No,Cloudy,No,7.5,Morning,Provided - user uploaded timetable,Synthetic development data,60.0,131,20,5,72.49,1,9.0,0,0,0,0,Medium
11-05-2026,Monday,2,10:15,11:15,Java Programming,IT21,F_VSN_SDM,2,MCA,A,403,103,82,79.61,73.79,1.0,Theory,No,No,No,Cloudy,No,4.8,Morning,Provided - user uploaded timetable,Synthetic development data,60.0,131,20,5,70.22666666666667,2,9.0,0,0,0,0,High
11-05-2026,Monday,3,11:15,12:15,Software Project Management,IT24,F_JSP_MST,2,MCA,A,403,103,86,83.5,79.61,1.0,Theory,No,No,No,Rainy,No,7.2,Morning,Provided - user uploaded timetable,Synthetic development data,60.0,131,20,5,73.78666666666666,3,9.0,0,0,0,0,High
11-05-2026,Monday,4,13:30,14:30,Java Practical,ITL21-JAVA,F_SDM_VSN_KSD_SSP,2,MCA,A,401/402,103,77,74.76,83.5,2.25,Practical,No,No,No,Rainy,No,14.6,Afternoon,Provided - user uploaded timetable,Synthetic development data,60.0,131,20,5,78.96666666666665,4,9.0,0,0,0,0,Medium
11-05-2026,Monday,5,14:30,15:30,Java Practical,ITL21-JAVA,F_SDM_VSN_KSD_SSP,2,MCA,A,401/402,103,83,80.58,74.76,1.0,Practical,No,No,No,Rainy,No,9.9,Afternoon,Provided - user uploaded timetable,Synthetic development data,60.0,131,20,5,79.29,5,9.0,0,0,0,0,High
12-05-2026,Tuesday,1,9:15,10:15,Cyber Security,IT23,F_DPY,2,MCA,A,403,103,82,79.61,80.58,18.75,Theory,No,No,No,Sunny,No,10.5,Morning,Provided - user uploaded timetable,Synthetic development data,60.0,132,20,5,79.61333333333333,1,10.0,0,0,0,0,High
12-05-2026,Tuesday,2,10:15,11:15,Java Programming,IT21,F_VSN_SDM,2,MCA,A,403,103,81,78.64,79.61,1.0,Theory,No,No,No,Cloudy,No,7.3,Morning,Provided - user uploaded timetable,Synthetic development data,60.0,132,20,5,78.31666666666666,2,10.0,0,0,0,0,High
12-05-2026,Tuesday,3,11:15,12:15,Software Project Management,IT24,F_JSP_MST,2,MCA,A,403,103,77,74.76,78.64,1.0,Theory,No,No,No,Rainy,No,12.6,Morning,Provided - user uploaded timetable,Synthetic development data,60.0,132,20,5,79.61,3,10.0,0,0,0,0,Medium
12-05-2026,Tuesday,4,13:30,14:30,Full Stack Development Practical,ITL21-FSD,F_ASP_RSZ_SP_KSD,2,MCA,A,401/402,103,92,89.32,74.76,2.25,Practical,No,No,No,Rainy,No,9.0,Afternoon,Provided - user uploaded timetable,Synthetic development data,60.0,132,20,5,77.67,4,10.0,0,0,0,0,High
12-05-2026,Tuesday,5,14:30,15:30,Full Stack Development Practical,ITL21-FSD,F_ASP_RSZ_SP_KSD,2,MCA,A,401/402,103,75,72.82,89.32,1.0,Practical,No,No,No,Rainy,No,6.7,Afternoon,Provided - user uploaded timetable,Synthetic development data,60.0,132,20,5,80.90666666666665,5,10.0,0,0,0,0,Medium
13-05-2026,Wednesday,1,9:15,10:15,Java Programming,IT21,F_VSN_SDM,2,MCA,A,403,103,83,80.58,72.82,18.75,Theory,No,No,No,Cloudy,No,5.4,Morning,Provided - user uploaded timetable,Synthetic development data,60.0,133,20,5,78.96666666666665,1,11.0,0,0,0,0,High
13-05-2026,Wednesday,2,10:15,11:15,Full Stack Development,IT22,F_ASP_RSZ,2,MCA,A,403,103,75,72.82,80.58,1.0,Theory,No,No,No,Cloudy,No,2.7,Morning,Provided - user uploaded timetable,Synthetic development data,60.0,133,20,5,80.90666666666665,2,11.0,0,0,0,0,Medium
13-05-2026,Wednesday,3,11:15,12:15,Cyber Security,IT23,F_DPY,2,MCA,A,403,103,68,66.02,72.82,1.0,Theory,No,No,No,Rainy,No,2.9,Morning,Provided - user uploaded timetable,Synthetic development data,60.0,133,20,5,75.40666666666665,3,11.0,0,0,0,0,Medium
13-05-2026,Wednesday,4,13:30,14:30,Research Methodology,IT25,F_MLK,2,MCA,A,403,103,76,73.79,66.02,2.25,Theory,No,No,No,Rainy,No,7.0,Afternoon,Provided - user uploaded timetable,Synthetic development data,60.0,133,20,5,73.13999999999999,4,11.0,0,0,0,0,Medium
13-05-2026,Wednesday,5,14:30,15:30,Research Methodology,IT25,F_MLK,2,MCA,A,403,103,74,71.84,73.79,1.0,Theory,No,Yes,No,Sunny,No,3.8,Afternoon,Provided - user uploaded timetable,Synthetic development data,60.0,133,20,5,70.87666666666667,5,11.0,0,1,0,0,Medium
14-05-2026,Thursday,1,9:15,10:15,Full Stack Development,IT22,F_ASP_RSZ,2,MCA,A,403,103,78,75.73,71.84,18.75,Theory,No,No,No,Cloudy,No,10.2,Morning,Provided - user uploaded timetable,Synthetic development data,60.0,134,20,5,70.55,1,12.0,0,0,0,0,High
14-05-2026,Thursday,2,10:15,11:15,Cyber Security,IT23,F_DPY,2,MCA,A,403,103,75,72.82,75.73,1.0,Theory,No,No,No,Cloudy,No,2.1,Morning,Provided - user uploaded timetable,Synthetic development data,60.0,134,20,5,73.78666666666668,2,12.0,0,0,0,0,Medium
14-05-2026,Thursday,3,11:15,12:15,Software Project Management,IT24,F_JSP_MST,2,MCA,A,403,103,79,76.7,72.82,1.0,Theory,No,No,No,Sunny,No,13.6,Morning,Provided - user uploaded timetable,Synthetic development data,60.0,134,20,5,73.46333333333332,3,12.0,0,0,0,0,High
14-05-2026,Thursday,4,13:30,14:30,Club Activities,CLUB,TBD,2,MCA,A,403,103,70,67.96,76.7,2.25,Special Event,No,No,No,Sunny,Yes,8.6,Afternoon,Provided - user uploaded timetable,Synthetic development data,60.0,134,20,5,75.08333333333333,4,12.0,0,0,0,1,Medium
14-05-2026,Thursday,5,14:30,15:30,IRP,IRP2,F_SDM,2,MCA,A,403,103,61,59.22,67.96,1.0,Theory,No,No,No,Sunny,No,4.9,Afternoon,Provided - user uploaded timetable,Synthetic development data,60.0,134,20,5,72.49333333333333,5,12.0,0,0,0,0,Medium
15-05-2026,Friday,1,9:15,10:15,Cyber Security Practical,ITL21-CYBER,F_DPY_MSU_MLK_MST,2,MCA,A,401/402,103,88,85.44,59.22,18.75,Practical,No,No,No,Sunny,No,5.0,Morning,Provided - user uploaded timetable,Synthetic development data,60.0,135,20,5,67.96,1,13.0,0,0,0,0,High
15-05-2026,Friday,2,10:15,11:15,Cyber Security Practical,ITL21-CYBER,F_DPY_MSU_MLK_MST,2,MCA,A,401/402,103,88,85.44,85.44,1.0,Practical,No,No,No,Rainy,No,2.3,Morning,Provided - user uploaded timetable,Synthetic development data,60.0,135,20,5,70.87333333333332,2,13.0,0,0,0,0,High
15-05-2026,Friday,3,11:15,12:15,Research Methodology,IT25,F_MLK,2,MCA,A,403,103,80,77.67,85.44,1.0,Theory,No,No,No,Rainy,No,10.5,Morning,Provided - user uploaded timetable,Synthetic development data,60.0,135,20,5,76.69999999999999,3,13.0,0,0,0,0,High
15-05-2026,Friday,4,13:30,14:30,Mini Project - Faculty Interaction,ITC21,TBD,2,MCA,A,403,103,79,76.7,77.67,2.25,Project,Yes,No,No,Cloudy,No,8.6,Afternoon,Provided - user uploaded timetable,Synthetic development data,60.0,135,20,5,82.85000000000001,4,13.0,1,0,0,0,High
15-05-2026,Friday,5,14:30,15:30,Mini Project - Faculty Interaction,ITC21,TBD,2,MCA,A,403,103,73,70.87,76.7,1.0,Project,No,No,No,Rainy,No,8.6,Afternoon,Provided - user uploaded timetable,Synthetic development data,60.0,135,20,5,79.93666666666667,5,13.0,0,0,0,0,Medium
16-05-2026,Saturday,1,11:15,12:15,Training And Placement / Mini Project Training,P201,TBD,2,MCA,A,403,103,67,65.05,70.87,20.75,Project,No,No,No,Rainy,No,8.6,Morning,Provided - user uploaded timetable,Synthetic development data,60.0,136,20,5,75.08,1,14.0,0,0,0,0,Medium
18-05-2026,Monday,1,9:15,10:15,Full Stack Development,IT22,F_ASP_RSZ,2,MCA,A,403,103,79,76.7,65.05,46.0,Theory,No,No,No,Rainy,No,4.6,Morning,Provided - user uploaded timetable,Synthetic development data,60.0,138,21,5,70.87333333333333,1,16.0,0,0,0,0,High
18-05-2026,Monday,2,10:15,11:15,Java Programming,IT21,F_VSN_SDM,2,MCA,A,403,103,78,75.73,76.7,1.0,Theory,No,No,No,Sunny,No,6.7,Morning,Provided - user uploaded timetable,Synthetic development data,60.0,138,21,5,70.87333333333333,2,16.0,0,0,0,0,High
18-05-2026,Monday,3,11:15,12:15,Software Project Management,IT24,F_JSP_MST,2,MCA,A,403,103,85,82.52,75.73,1.0,Theory,No,No,No,Rainy,No,8.5,Morning,Provided - user uploaded timetable,Synthetic development data,60.0,138,21,5,72.49333333333334,3,16.0,0,0,0,0,High
18-05-2026,Monday,4,13:30,14:30,Java Practical,ITL21-JAVA,F_SDM_VSN_KSD_SSP,2,MCA,A,401/402,103,79,76.7,82.52,2.25,Practical,No,No,No,Cloudy,No,5.0,Afternoon,Provided - user uploaded timetable,Synthetic development data,60.0,138,21,5,78.31666666666666,4,16.0,0,0,0,0,High
18-05-2026,Monday,5,14:30,15:30,Java Practical,ITL21-JAVA,F_SDM_VSN_KSD_SSP,2,MCA,A,401/402,103,80,77.67,76.7,1.0,Practical,Yes,Yes,No,Sunny,No,12.9,Afternoon,Provided - user uploaded timetable,Synthetic development data,60.0,138,21,5,78.31666666666666,5,16.0,1,1,0,0,High
19-05-2026,Tuesday,1,9:15,10:15,Cyber Security,IT23,F_DPY,2,MCA,A,403,103,78,75.73,77.67,18.75,Theory,No,Yes,No,Sunny,No,2.1,Morning,Provided - user uploaded timetable,Synthetic development data,60.0,139,21,5,78.96333333333332,1,17.0,0,1,0,0,High
19-05-2026,Tuesday,2,10:15,11:15,Java Programming,IT21,F_VSN_SDM,2,MCA,A,403,103,84,81.55,75.73,1.0,Theory,No,No,No,Cloudy,No,6.6,Morning,Provided - user uploaded timetable,Synthetic development data,60.0,139,21,5,76.7,2,17.0,0,0,0,0,High
19-05-2026,Tuesday,3,11:15,12:15,Software Project Management,IT24,F_JSP_MST,2,MCA,A,403,103,75,72.82,81.55,1.0,Theory,No,No,No,Rainy,No,3.2,Morning,Provided - user uploaded timetable,Synthetic development data,60.0,139,21,5,78.31666666666666,3,17.0,0,0,0,0,Medium
19-05-2026,Tuesday,4,13:30,14:30,Full Stack Development Practical,ITL21-FSD,F_ASP_RSZ_SP_KSD,2,MCA,A,401/402,103,82,79.61,72.82,2.25,Practical,No,No,No,Cloudy,No,7.2,Afternoon,Provided - user uploaded timetable,Synthetic development data,60.0,139,21,5,76.69999999999999,4,17.0,0,0,0,0,High
19-05-2026,Tuesday,5,14:30,15:30,Full Stack Development Practical,ITL21-FSD,F_ASP_RSZ_SP_KSD,2,MCA,A,401/402,103,82,79.61,79.61,1.0,Practical,No,No,No,Rainy,No,13.1,Afternoon,Provided - user uploaded timetable,Synthetic development data,60.0,139,21,5,77.99333333333333,5,17.0,0,0,0,0,High
20-05-2026,Wednesday,1,9:15,10:15,Java Programming,IT21,F_VSN_SDM,2,MCA,A,403,103,82,79.61,79.61,18.75,Theory,No,No,No,Cloudy,No,3.5,Morning,Provided - user uploaded timetable,Synthetic development data,60.0,140,21,5,77.34666666666665,1,18.0,0,0,0,0,High
20-05-2026,Wednesday,2,10:15,11:15,Full Stack Development,IT22,F_ASP_RSZ,2,MCA,A,403,103,68,66.02,79.61,1.0,Theory,No,Yes,No,Cloudy,No,10.5,Morning,Provided - user uploaded timetable,Synthetic development data,60.0,140,21,5,79.61,2,18.0,0,1,0,0,Medium
20-05-2026,Wednesday,3,11:15,12:15,Cyber Security,IT23,F_DPY,2,MCA,A,403,103,73,70.87,66.02,1.0,Theory,Yes,No,No,Rainy,No,12.0,Morning,Provided - user uploaded timetable,Synthetic development data,60.0,140,21,5,75.08,3,18.0,1,0,0,0,Medium
20-05-2026,Wednesday,4,13:30,14:30,Research Methodology,IT25,F_MLK,2,MCA,A,403,103,68,66.02,70.87,2.25,Theory,No,No,No,Rainy,No,13.4,Afternoon,Provided - user uploaded timetable,Synthetic development data,60.0,140,21,5,72.16666666666667,4,18.0,0,0,0,0,Medium
20-05-2026,Wednesday,5,14:30,15:30,Research Methodology,IT25,F_MLK,2,MCA,A,403,103,66,64.08,66.02,1.0,Theory,No,No,No,Rainy,No,3.2,Afternoon,Provided - user uploaded timetable,Synthetic development data,60.0,140,21,5,67.63666666666666,5,18.0,0,0,0,0,Medium
21-05-2026,Thursday,1,9:15,10:15,Full Stack Development,IT22,F_ASP_RSZ,2,MCA,A,403,103,85,82.52,64.08,18.75,Theory,No,No,No,Cloudy,No,12.6,Morning,Provided - user uploaded timetable,Synthetic development data,60.0,141,21,5,66.99,1,19.0,0,0,0,0,High
21-05-2026,Thursday,2,10:15,11:15,Cyber Security,IT23,F_DPY,2,MCA,A,403,103,79,76.7,82.52,1.0,Theory,Yes,No,No,Rainy,No,7.8,Morning,Provided - user uploaded timetable,Synthetic development data,60.0,141,21,5,70.87333333333332,2,19.0,1,0,0,0,High
21-05-2026,Thursday,3,11:15,12:15,Software Project Management,IT24,F_JSP_MST,2,MCA,A,403,103,81,78.64,76.7,1.0,Theory,No,No,No,Sunny,No,14.7,Morning,Provided - user uploaded timetable,Synthetic development data,60.0,141,21,5,74.43333333333332,3,19.0,0,0,0,0,High
21-05-2026,Thursday,4,13:30,14:30,Club Activities,CLUB,TBD,2,MCA,A,403,103,65,63.11,78.64,2.25,Special Event,No,Yes,No,Cloudy,Yes,8.6,Afternoon,Provided - user uploaded timetable,Synthetic development data,60.0,141,21,5,79.28666666666665,4,19.0,0,1,0,1,Medium
21-05-2026,Thursday,5,14:30,15:30,IRP,IRP2,F_SDM,2,MCA,A,403,103,71,68.93,63.11,1.0,Theory,No,No,No,Sunny,No,12.7,Afternoon,Provided - user uploaded timetable,Synthetic development data,60.0,141,21,5,72.81666666666666,5,19.0,0,0,0,0,Medium
22-05-2026,Friday,1,9:15,10:15,Cyber Security Practical,ITL21-CYBER,F_DPY_MSU_MLK_MST,2,MCA,A,401/402,103,92,89.32,68.93,18.75,Practical,No,Yes,No,Cloudy,No,12.8,Morning,Provided - user uploaded timetable,Synthetic development data,60.0,142,21,5,70.22666666666667,1,20.0,0,1,0,0,High
22-05-2026,Friday,2,10:15,11:15,Cyber Security Practical,ITL21-CYBER,F_DPY_MSU_MLK_MST,2,MCA,A,401/402,103,87,84.47,89.32,1.0,Practical,No,No,No,Rainy,No,6.9,Morning,Provided - user uploaded timetable,Synthetic development data,60.0,142,21,5,73.78666666666666,2,20.0,0,0,0,0,High
22-05-2026,Friday,3,11:15,12:15,Research Methodology,IT25,F_MLK,2,MCA,A,403,103,87,84.47,84.47,1.0,Theory,No,No,No,Cloudy,No,3.8,Morning,Provided - user uploaded timetable,Synthetic development data,60.0,142,21,5,80.90666666666667,3,20.0,0,0,0,0,High
22-05-2026,Friday,4,13:30,14:30,Mini Project - Faculty Interaction,ITC21,TBD,2,MCA,A,403,103,69,66.99,84.47,2.25,Project,No,No,No,Sunny,No,8.6,Afternoon,Provided - user uploaded timetable,Synthetic development data,60.0,142,21,5,86.08666666666666,4,20.0,0,0,0,0,Medium
22-05-2026,Friday,5,14:30,15:30,Mini Project - Faculty Interaction,ITC21,TBD,2,MCA,A,403,103,81,78.64,66.99,1.0,Project,No,No,No,Sunny,No,8.6,Afternoon,Provided - user uploaded timetable,Synthetic development data,60.0,142,21,5,78.64333333333332,5,20.0,0,0,0,0,High
23-05-2026,Saturday,1,11:15,12:15,Training And Placement / Mini Project Training,P201,TBD,2,MCA,A,403,103,70,67.96,78.64,20.75,Project,No,No,No,Rainy,No,8.6,Morning,Provided - user uploaded timetable,Synthetic development data,60.0,143,21,5,76.7,1,21.0,0,0,0,0,Medium
25-05-2026,Monday,1,9:15,10:15,Full Stack Development,IT22,F_ASP_RSZ,2,MCA,A,403,103,78,75.73,67.96,46.0,Theory,No,No,No,Sunny,No,3.3,Morning,Provided - user uploaded timetable,Synthetic development data,60.0,145,22,5,71.19666666666666,1,23.0,0,0,0,0,High
25-05-2026,Monday,2,10:15,11:15,Java Programming,IT21,F_VSN_SDM,2,MCA,A,403,103,92,89.32,75.73,1.0,Theory,No,No,No,Cloudy,No,8.6,Morning,Provided - user uploaded timetable,Synthetic development data,60.0,145,22,5,74.11,2,23.0,0,0,0,0,High
25-05-2026,Monday,3,11:15,12:15,Software Project Management,IT24,F_JSP_MST,2,MCA,A,403,103,89,86.41,89.32,1.0,Theory,No,No,No,Rainy,No,11.9,Morning,Provided - user uploaded timetable,Synthetic development data,60.0,145,22,5,77.67,3,23.0,0,0,0,0,High
25-05-2026,Monday,4,13:30,14:30,Java Practical,ITL21-JAVA,F_SDM_VSN_KSD_SSP,2,MCA,A,401/402,103,85,82.52,86.41,2.25,Practical,No,No,No,Cloudy,No,7.9,Afternoon,Provided - user uploaded timetable,Synthetic development data,60.0,145,22,5,83.82,4,23.0,0,0,0,0,High
25-05-2026,Monday,5,14:30,15:30,Java Practical,ITL21-JAVA,F_SDM_VSN_KSD_SSP,2,MCA,A,401/402,103,83,80.58,82.52,1.0,Practical,No,No,No,Rainy,No,13.5,Afternoon,Provided - user uploaded timetable,Synthetic development data,60.0,145,22,5,86.08333333333331,5,23.0,0,0,0,0,High
26-05-2026,Tuesday,1,9:15,10:15,Cyber Security,IT23,F_DPY,2,MCA,A,403,103,76,73.79,80.58,18.75,Theory,No,Yes,No,Cloudy,No,9.3,Morning,Provided - user uploaded timetable,Synthetic development data,60.0,146,22,5,83.16999999999999,1,24.0,0,1,0,0,Medium
26-05-2026,Tuesday,2,10:15,11:15,Java Programming,IT21,F_VSN_SDM,2,MCA,A,403,103,85,82.52,73.79,1.0,Theory,No,No,No,Rainy,No,7.4,Morning,Provided - user uploaded timetable,Synthetic development data,60.0,146,22,5,78.96333333333332,2,24.0,0,0,0,0,High
26-05-2026,Tuesday,3,11:15,12:15,Software Project Management,IT24,F_JSP_MST,2,MCA,A,403,103,78,75.73,82.52,1.0,Theory,No,No,No,Cloudy,No,13.4,Morning,Provided - user uploaded timetable,Synthetic development data,60.0,146,22,5,78.96333333333332,3,24.0,0,0,0,0,High
26-05-2026,Tuesday,4,13:30,14:30,Full Stack Development Practical,ITL21-FSD,F_ASP_RSZ_SP_KSD,2,MCA,A,401/402,103,91,88.35,75.73,2.25,Practical,No,Yes,No,Sunny,No,2.3,Afternoon,Provided - user uploaded timetable,Synthetic development data,60.0,146,22,5,77.34666666666668,4,24.0,0,1,0,0,High
26-05-2026,Tuesday,5,14:30,15:30,Full Stack Development Practical,ITL21-FSD,F_ASP_RSZ_SP_KSD,2,MCA,A,401/402,103,76,73.79,88.35,1.0,Practical,No,No,No,Sunny,No,5.5,Afternoon,Provided - user uploaded timetable,Synthetic development data,60.0,146,22,5,82.19999999999999,5,24.0,0,0,0,0,Medium
27-05-2026,Wednesday,1,9:15,10:15,Java Programming,IT21,F_VSN_SDM,2,MCA,A,403,103,87,84.47,73.79,18.75,Theory,No,No,No,Rainy,No,5.7,Morning,Provided - user uploaded timetable,Synthetic development data,60.0,147,22,5,79.29,1,25.0,0,0,0,0,High
27-05-2026,Wednesday,2,10:15,11:15,Full Stack Development,IT22,F_ASP_RSZ,2,MCA,A,403,103,78,75.73,84.47,1.0,Theory,No,No,No,Cloudy,No,7.4,Morning,Provided - user uploaded timetable,Synthetic development data,60.0,147,22,5,82.20333333333333,2,25.0,0,0,0,0,High
27-05-2026,Wednesday,3,11:15,12:15,Cyber Security,IT23,F_DPY,2,MCA,A,403,103,73,70.87,75.73,1.0,Theory,No,No,No,Rainy,No,2.7,Morning,Provided - user uploaded timetable,Synthetic development data,60.0,147,22,5,77.99666666666667,3,25.0,0,0,0,0,Medium
27-05-2026,Wednesday,4,13:30,14:30,Research Methodology,IT25,F_MLK,2,MCA,A,403,103,76,73.79,70.87,2.25,Theory,No,No,No,Cloudy,No,12.8,Afternoon,Provided - user uploaded timetable,Synthetic development data,60.0,147,22,5,77.02333333333333,4,25.0,0,0,0,0,Medium
27-05-2026,Wednesday,5,14:30,15:30,Research Methodology,IT25,F_MLK,2,MCA,A,403,103,74,71.84,73.79,1.0,Theory,No,No,No,Rainy,No,6.8,Afternoon,Provided - user uploaded timetable,Synthetic development data,60.0,147,22,5,73.46333333333334,5,25.0,0,0,0,0,Medium
28-05-2026,Thursday,1,9:15,10:15,Full Stack Development,IT22,F_ASP_RSZ,2,MCA,A,403,103,81,78.64,71.84,18.75,Theory,No,No,No,Sunny,No,14.1,Morning,Provided - user uploaded timetable,Synthetic development data,60.0,148,22,5,72.16666666666667,1,26.0,0,0,0,0,High
28-05-2026,Thursday,2,10:15,11:15,Cyber Security,IT23,F_DPY,2,MCA,A,403,103,76,73.79,78.64,1.0,Theory,No,No,No,Rainy,No,10.0,Morning,Provided - user uploaded timetable,Synthetic development data,60.0,148,22,5,74.75666666666666,2,26.0,0,0,0,0,Medium
28-05-2026,Thursday,3,11:15,12:15,Software Project Management,IT24,F_JSP_MST,2,MCA,A,403,103,78,75.73,73.79,1.0,Theory,No,No,No,Rainy,No,9.2,Morning,Provided - user uploaded timetable,Synthetic development data,60.0,148,22,5,74.75666666666666,3,26.0,0,0,0,0,High
28-05-2026,Thursday,4,13:30,14:30,Club Activities,CLUB,TBD,2,MCA,A,403,103,65,63.11,75.73,2.25,Special Event,Yes,No,No,Rainy,Yes,8.6,Afternoon,Provided - user uploaded timetable,Synthetic development data,60.0,148,22,5,76.05333333333334,4,26.0,1,0,0,1,Medium
28-05-2026,Thursday,5,14:30,15:30,IRP,IRP2,F_SDM,2,MCA,A,403,103,67,65.05,63.11,1.0,Theory,No,No,No,Sunny,No,12.2,Afternoon,Provided - user uploaded timetable,Synthetic development data,60.0,148,22,5,70.87666666666667,5,26.0,0,0,0,0,Medium
29-05-2026,Friday,1,9:15,10:15,Cyber Security Practical,ITL21-CYBER,F_DPY_MSU_MLK_MST,2,MCA,A,401/402,103,91,88.35,65.05,18.75,Practical,No,No,No,Rainy,No,13.5,Morning,Provided - user uploaded timetable,Synthetic development data,60.0,149,22,5,67.96333333333332,1,27.0,0,0,0,0,High
29-05-2026,Friday,2,10:15,11:15,Cyber Security Practical,ITL21-CYBER,F_DPY_MSU_MLK_MST,2,MCA,A,401/402,103,77,74.76,88.35,1.0,Practical,No,No,No,Sunny,No,7.0,Morning,Provided - user uploaded timetable,Synthetic development data,60.0,149,22,5,72.17,2,27.0,0,0,0,0,Medium
29-05-2026,Friday,3,11:15,12:15,Research Methodology,IT25,F_MLK,2,MCA,A,403,103,74,71.84,74.76,1.0,Theory,No,No,No,Rainy,No,12.7,Morning,Provided - user uploaded timetable,Synthetic development data,60.0,149,22,5,76.05333333333333,3,27.0,0,0,0,0,Medium
29-05-2026,Friday,4,13:30,14:30,Mini Project - Faculty Interaction,ITC21,TBD,2,MCA,A,403,103,66,64.08,71.84,2.25,Project,No,No,No,Cloudy,No,8.6,Afternoon,Provided - user uploaded timetable,Synthetic development data,60.0,149,22,5,78.31666666666666,4,27.0,0,0,0,0,Medium
29-05-2026,Friday,5,14:30,15:30,Mini Project - Faculty Interaction,ITC21,TBD,2,MCA,A,403,103,65,63.11,64.08,1.0,Project,No,No,No,Rainy,No,8.6,Afternoon,Provided - user uploaded timetable,Synthetic development data,60.0,149,22,5,70.22666666666667,5,27.0,0,0,0,0,Medium
30-05-2026,Saturday,1,11:15,12:15,Training And Placement / Mini Project Training,P201,TBD,2,MCA,A,403,103,67,65.05,63.11,20.75,Project,No,No,No,Sunny,No,8.6,Morning,Provided - user uploaded timetable,Synthetic development data,60.0,150,22,5,66.34333333333333,1,28.0,0,0,0,0,Medium
01-06-2026,Monday,1,8:30,9:15,Mobile Application Development,IT31,SSP_Visiting,3,MCA,A,403,103,88,85.44,65.05,45.25,Theory,Yes,No,No,Cloudy,No,6.7,Morning,Provided,Synthetic development data,45.0,1,23,6,64.08,1,30.0,1,0,0,0,High
01-06-2026,Monday,2,9:15,10:15,Mobile Application Development,IT31,SSP_Visiting,3,MCA,A,403,103,81,78.64,85.44,0.75,Theory,No,No,No,Rainy,No,7.8,Morning,Provided,Synthetic development data,60.0,1,23,6,71.19999999999999,2,30.0,0,0,0,0,High
01-06-2026,Monday,3,10:15,11:15,Innovation and Entrepreneurship Development,IT34,JSP_Visiting,3,MCA,A,403,103,88,85.44,78.64,1.0,Theory,No,No,No,Rainy,No,12.4,Morning,Provided,Synthetic development data,60.0,1,23,6,76.37666666666667,3,30.0,0,0,0,0,High
01-06-2026,Monday,4,11:15,12:15,Innovation and Entrepreneurship Development,IT34,JSP_Visiting,3,MCA,A,403,103,75,72.82,85.44,1.0,Theory,No,No,No,Cloudy,No,7.4,Morning,Provided,Synthetic development data,60.0,1,23,6,83.17333333333333,4,30.0,0,0,0,0,Medium
01-06-2026,Monday,5,13:30,15:30,"Practical based on Mobile Application Development, Machine Learning and Software Testing",IT31L,SSP_Visiting_SP_MLK_DPY,3,MCA,A,401/402,103,84,81.55,72.82,2.25,Practical,No,No,No,Cloudy,No,2.3,Afternoon,Provided,Synthetic development data,120.0,1,23,6,78.96666666666665,5,30.0,0,0,0,0,High
02-06-2026,Tuesday,1,8:30,9:15,Mobile Application Development,IT31,SSP_Visiting,3,MCA,A,403,103,92,89.32,81.55,19.0,Theory,No,No,No,Rainy,No,5.7,Morning,Provided,Synthetic development data,45.0,2,23,6,79.93666666666665,1,31.0,0,0,0,0,High
02-06-2026,Tuesday,2,9:15,10:15,Mobile Application Development,IT31,SSP_Visiting,3,MCA,A,403,103,78,75.73,89.32,0.75,Theory,No,No,No,Sunny,No,5.0,Morning,Provided,Synthetic development data,60.0,2,23,6,81.22999999999999,2,31.0,0,0,0,0,High
02-06-2026,Tuesday,3,10:15,11:15,Data Science and Machine Learning,IT32,SP_MLK,3,MCA,A,403,103,75,72.82,75.73,1.0,Theory,No,No,No,Sunny,No,12.3,Morning,Provided,Synthetic development data,60.0,2,23,6,82.19999999999999,3,31.0,0,0,0,0,Medium
02-06-2026,Tuesday,4,11:15,12:15,Principles of Cloud Management and Security,IT35,KSD_SDM,3,MCA,A,403,103,86,83.5,72.82,1.0,Theory,No,No,No,Rainy,No,7.8,Morning,Provided,Synthetic development data,60.0,2,23,6,79.28999999999998,4,31.0,0,0,0,0,High
02-06-2026,Tuesday,5,13:30,15:30,Data Science and Machine Learning,IT32,SP_MLK,3,MCA,A,403,103,80,77.67,83.5,2.25,Theory,No,No,No,Cloudy,No,5.6,Afternoon,Provided,Synthetic development data,120.0,2,23,6,77.34999999999998,5,31.0,0,0,0,0,High
03-06-2026,Wednesday,1,8:30,9:15,Mobile Application Development,IT31,SSP_Visiting,3,MCA,A,403,103,75,72.82,77.67,19.0,Theory,Yes,Yes,No,Cloudy,No,12.5,Morning,Provided,Synthetic development data,45.0,3,23,6,77.99666666666666,1,32.0,1,1,0,0,Medium
03-06-2026,Wednesday,2,9:15,10:15,Mobile Application Development,IT31,SSP_Visiting,3,MCA,A,403,103,76,73.79,72.82,0.75,Theory,No,No,No,Rainy,No,2.2,Morning,Provided,Synthetic development data,60.0,3,23,6,77.99666666666666,2,32.0,0,0,0,0,Medium
03-06-2026,Wednesday,3,10:15,11:15,Data Science and Machine Learning,IT32,SP_MLK,3,MCA,A,403,103,77,74.76,73.79,1.0,Theory,No,No,No,Cloudy,No,4.3,Morning,Provided,Synthetic development data,60.0,3,23,6,74.75999999999999,3,32.0,0,0,0,0,Medium
03-06-2026,Wednesday,4,11:15,12:15,Principles of Cloud Management and Security,IT35,KSD_SDM,3,MCA,A,403,103,79,76.7,74.76,1.0,Theory,Yes,No,No,Rainy,No,12.8,Morning,Provided,Synthetic development data,60.0,3,23,6,73.78999999999999,4,32.0,1,0,0,0,High
03-06-2026,Wednesday,5,13:30,15:30,Innovation and Entrepreneurship Development,IT34,JSP_Visiting,3,MCA,A,403,103,85,82.52,76.7,2.25,Theory,No,No,No,Cloudy,No,9.2,Afternoon,Provided,Synthetic development data,120.0,3,23,6,75.08333333333333,5,32.0,0,0,0,0,High
04-06-2026,Thursday,1,8:30,9:15,Mobile Application Development,IT31,SSP_Visiting,3,MCA,A,403,103,75,72.82,82.52,19.0,Theory,No,No,No,Cloudy,No,12.1,Morning,Provided,Synthetic development data,45.0,4,23,6,77.99333333333333,1,33.0,0,0,0,0,Medium
04-06-2026,Thursday,2,9:15,10:15,Mobile Application Development,IT31,SSP_Visiting,3,MCA,A,403,103,82,79.61,72.82,0.75,Theory,No,No,No,Cloudy,No,12.9,Morning,Provided,Synthetic development data,60.0,4,23,6,77.34666666666665,2,33.0,0,0,0,0,High
04-06-2026,Thursday,3,10:15,11:15,Data Science and Machine Learning,IT32,SP_MLK,3,MCA,A,403,103,78,75.73,79.61,1.0,Theory,No,No,No,Sunny,No,14.2,Morning,Provided,Synthetic development data,60.0,4,23,6,78.31666666666666,3,33.0,0,0,0,0,High
04-06-2026,Thursday,4,11:15,12:15,Software Testing and Quality Assurance,IT33,DPY,3,MCA,A,403,103,78,75.73,75.73,1.0,Theory,No,No,No,Cloudy,No,2.8,Morning,Provided,Synthetic development data,60.0,4,23,6,76.05333333333333,4,33.0,0,0,0,0,High
04-06-2026,Thursday,5,13:30,15:30,"Practical based on Mobile Application Development, Machine Learning and Software Testing",IT31L,SSP_Visiting_SP_MLK_DPY,3,MCA,A,401/402,103,84,81.55,75.73,2.25,Practical,No,No,No,Cloudy,No,12.4,Afternoon,Provided,Synthetic development data,120.0,4,23,6,77.02333333333333,5,33.0,0,0,0,0,High
05-06-2026,Friday,1,8:30,9:15,"Practical based on Mobile Application Development, Machine Learning and Software Testing",IT31L,SSP_Visiting_SP_MLK_DPY,3,MCA,A,401/402,103,84,81.55,81.55,19.0,Practical,No,No,No,Sunny,No,11.2,Morning,Provided,Synthetic development data,45.0,5,23,6,77.67,1,34.0,0,0,0,0,High
05-06-2026,Friday,2,9:15,10:15,"Practical based on Mobile Application Development, Machine Learning and Software Testing",IT31L,SSP_Visiting_SP_MLK_DPY,3,MCA,A,401/402,103,94,91.26,81.55,0.75,Practical,No,Yes,No,Rainy,No,4.7,Morning,Provided,Synthetic development data,60.0,5,23,6,79.61,2,34.0,0,1,0,0,High
05-06-2026,Friday,3,10:15,11:15,Data Science and Machine Learning,IT32,SP_MLK,3,MCA,A,403,103,85,82.52,91.26,1.0,Theory,No,No,No,Rainy,No,14.1,Morning,Provided,Synthetic development data,60.0,5,23,6,84.78666666666666,3,34.0,0,0,0,0,High
05-06-2026,Friday,4,11:15,12:15,Principles of Cloud Management and Security,IT35,KSD_SDM,3,MCA,A,403,103,75,72.82,82.52,1.0,Theory,No,No,No,Rainy,No,7.3,Morning,Provided,Synthetic development data,60.0,5,23,6,85.11,4,34.0,0,0,0,0,Medium
08-06-2026,Monday,1,8:30,9:15,Mobile Application Development,IT31,SSP_Visiting,3,MCA,A,403,103,81,78.64,72.82,69.25,Theory,No,No,No,Cloudy,No,13.5,Morning,Provided,Synthetic development data,45.0,8,24,6,82.19999999999999,1,37.0,0,0,0,0,High
08-06-2026,Monday,2,9:15,10:15,Mobile Application Development,IT31,SSP_Visiting,3,MCA,A,403,103,73,70.87,78.64,0.75,Theory,No,No,No,Cloudy,No,9.9,Morning,Provided,Synthetic development data,60.0,8,24,6,77.99333333333333,2,37.0,0,0,0,0,Medium
08-06-2026,Monday,3,10:15,11:15,Innovation and Entrepreneurship Development,IT34,JSP_Visiting,3,MCA,A,403,103,90,87.38,70.87,1.0,Theory,No,No,No,Rainy,No,8.8,Morning,Provided,Synthetic development data,60.0,8,24,6,74.11,3,37.0,0,0,0,0,High
08-06-2026,Monday,4,11:15,12:15,Innovation and Entrepreneurship Development,IT34,JSP_Visiting,3,MCA,A,403,103,92,89.32,87.38,1.0,Theory,No,No,No,Rainy,No,4.1,Morning,Provided,Synthetic development data,60.0,8,24,6,78.96333333333332,4,37.0,0,0,0,0,High
08-06-2026,Monday,5,13:30,15:30,"Practical based on Mobile Application Development, Machine Learning and Software Testing",IT31L,SSP_Visiting_SP_MLK_DPY,3,MCA,A,401/402,103,79,76.7,89.32,2.25,Practical,No,No,No,Cloudy,No,13.9,Afternoon,Provided,Synthetic development data,120.0,8,24,6,82.52333333333333,5,37.0,0,0,0,0,High
09-06-2026,Tuesday,1,8:30,9:15,Mobile Application Development,IT31,SSP_Visiting,3,MCA,A,403,103,79,76.7,76.7,19.0,Theory,No,No,No,Sunny,No,9.2,Morning,Provided,Synthetic development data,45.0,9,24,6,84.46666666666665,1,38.0,0,0,0,0,High
09-06-2026,Tuesday,2,9:15,10:15,Mobile Application Development,IT31,SSP_Visiting,3,MCA,A,403,103,76,73.79,76.7,0.75,Theory,No,No,No,Cloudy,No,2.1,Morning,Provided,Synthetic development data,60.0,9,24,6,80.90666666666667,2,38.0,0,0,0,0,Medium
09-06-2026,Tuesday,3,10:15,11:15,Data Science and Machine Learning,IT32,SP_MLK,3,MCA,A,403,103,70,67.96,73.79,1.0,Theory,Yes,No,No,Rainy,No,2.2,Morning,Provided,Synthetic development data,60.0,9,24,6,75.73,3,38.0,1,0,0,0,Medium
09-06-2026,Tuesday,4,11:15,12:15,Principles of Cloud Management and Security,IT35,KSD_SDM,3,MCA,A,403,103,75,72.82,67.96,1.0,Theory,No,No,No,Rainy,No,12.1,Morning,Provided,Synthetic development data,60.0,9,24,6,72.81666666666666,4,38.0,0,0,0,0,Medium
09-06-2026,Tuesday,5,13:30,15:30,Data Science and Machine Learning,IT32,SP_MLK,3,MCA,A,403,103,72,69.9,72.82,2.25,Theory,No,No,No,Rainy,No,4.1,Afternoon,Provided,Synthetic development data,120.0,9,24,6,71.52333333333333,5,38.0,0,0,0,0,Medium
10-06-2026,Wednesday,1,8:30,9:15,Mobile Application Development,IT31,SSP_Visiting,3,MCA,A,403,103,93,90.29,69.9,19.0,Theory,No,No,No,Sunny,No,9.8,Morning,Provided,Synthetic development data,45.0,10,24,6,70.22666666666666,1,39.0,0,0,0,0,High
10-06-2026,Wednesday,2,9:15,10:15,Mobile Application Development,IT31,SSP_Visiting,3,MCA,A,403,103,78,75.73,90.29,0.75,Theory,No,No,No,Cloudy,No,10.9,Morning,Provided,Synthetic development data,60.0,10,24,6,77.67,2,39.0,0,0,0,0,High
10-06-2026,Wednesday,3,10:15,11:15,Data Science and Machine Learning,IT32,SP_MLK,3,MCA,A,403,103,75,72.82,75.73,1.0,Theory,No,No,No,Sunny,No,5.6,Morning,Provided,Synthetic development data,60.0,10,24,6,78.64,3,39.0,0,0,0,0,Medium
10-06-2026,Wednesday,4,11:15,12:15,Principles of Cloud Management and Security,IT35,KSD_SDM,3,MCA,A,403,103,84,81.55,72.82,1.0,Theory,No,No,No,Cloudy,Yes,9.4,Morning,Provided,Synthetic development data,60.0,10,24,6,79.61333333333333,4,39.0,0,0,0,1,High
10-06-2026,Wednesday,5,13:30,15:30,Innovation and Entrepreneurship Development,IT34,JSP_Visiting,3,MCA,A,403,103,81,78.64,81.55,2.25,Theory,No,No,No,Cloudy,No,5.1,Afternoon,Provided,Synthetic development data,120.0,10,24,6,76.69999999999999,5,39.0,0,0,0,0,High
11-06-2026,Thursday,1,8:30,9:15,Mobile Application Development,IT31,SSP_Visiting,3,MCA,A,403,103,85,82.52,78.64,19.0,Theory,No,No,No,Rainy,No,14.3,Morning,Provided,Synthetic development data,45.0,11,24,6,77.66999999999999,1,40.0,0,0,0,0,High
11-06-2026,Thursday,2,9:15,10:15,Mobile Application Development,IT31,SSP_Visiting,3,MCA,A,403,103,83,80.58,82.52,0.75,Theory,No,No,No,Sunny,No,13.2,Morning,Provided,Synthetic development data,60.0,11,24,6,80.90333333333332,2,40.0,0,0,0,0,High
11-06-2026,Thursday,3,10:15,11:15,Data Science and Machine Learning,IT32,SP_MLK,3,MCA,A,403,103,83,80.58,80.58,1.0,Theory,No,Yes,No,Rainy,No,5.7,Morning,Provided,Synthetic development data,60.0,11,24,6,80.58,3,40.0,0,1,0,0,High
11-06-2026,Thursday,4,11:15,12:15,Software Testing and Quality Assurance,IT33,DPY,3,MCA,A,403,103,81,78.64,80.58,1.0,Theory,No,No,No,Sunny,No,8.9,Morning,Provided,Synthetic development data,60.0,11,24,6,81.22666666666665,4,40.0,0,0,0,0,High
11-06-2026,Thursday,5,13:30,15:30,"Practical based on Mobile Application Development, Machine Learning and Software Testing",IT31L,SSP_Visiting_SP_MLK_DPY,3,MCA,A,401/402,103,90,87.38,78.64,2.25,Practical,No,No,No,Sunny,No,8.5,Afternoon,Provided,Synthetic development data,120.0,11,24,6,79.93333333333332,5,40.0,0,0,0,0,High
12-06-2026,Friday,1,8:30,9:15,"Practical based on Mobile Application Development, Machine Learning and Software Testing",IT31L,SSP_Visiting_SP_MLK_DPY,3,MCA,A,401/402,103,89,86.41,87.38,19.0,Practical,No,No,No,Sunny,No,14.5,Morning,Provided,Synthetic development data,45.0,12,24,6,82.19999999999999,1,41.0,0,0,0,0,High
12-06-2026,Friday,2,9:15,10:15,"Practical based on Mobile Application Development, Machine Learning and Software Testing",IT31L,SSP_Visiting_SP_MLK_DPY,3,MCA,A,401/402,103,86,83.5,86.41,0.75,Practical,No,Yes,No,Rainy,No,7.1,Morning,Provided,Synthetic development data,60.0,12,24,6,84.14333333333333,2,41.0,0,1,0,0,High
12-06-2026,Friday,3,10:15,11:15,Data Science and Machine Learning,IT32,SP_MLK,3,MCA,A,403,103,77,74.76,83.5,1.0,Theory,No,No,No,Cloudy,No,9.3,Morning,Provided,Synthetic development data,60.0,12,24,6,85.76333333333332,3,41.0,0,0,0,0,Medium
12-06-2026,Friday,4,11:15,12:15,Principles of Cloud Management and Security,IT35,KSD_SDM,3,MCA,A,403,103,85,82.52,74.76,1.0,Theory,No,No,No,Rainy,No,14.1,Morning,Provided,Synthetic development data,60.0,12,24,6,81.55666666666666,4,41.0,0,0,0,0,High
15-06-2026,Monday,1,8:30,9:15,Mobile Application Development,IT31,SSP_Visiting,3,MCA,A,403,103,84,81.55,82.52,69.25,Theory,No,No,No,Sunny,No,4.1,Morning,Provided,Synthetic development data,45.0,15,25,6,80.26,1,44.0,0,0,0,0,High
15-06-2026,Monday,2,9:15,10:15,Mobile Application Development,IT31,SSP_Visiting,3,MCA,A,403,103,91,88.35,81.55,0.75,Theory,No,Yes,No,Cloudy,No,9.2,Morning,Provided,Synthetic development data,60.0,15,25,6,79.61,2,44.0,0,1,0,0,High
15-06-2026,Monday,3,10:15,11:15,Innovation and Entrepreneurship Development,IT34,JSP_Visiting,3,MCA,A,403,103,81,78.64,88.35,1.0,Theory,No,Yes,No,Sunny,No,3.4,Morning,Provided,Synthetic development data,60.0,15,25,6,84.13999999999999,3,44.0,0,1,0,0,High
15-06-2026,Monday,4,11:15,12:15,Innovation and Entrepreneurship Development,IT34,JSP_Visiting,3,MCA,A,403,103,84,81.55,78.64,1.0,Theory,No,No,No,Cloudy,No,10.0,Morning,Provided,Synthetic development data,60.0,15,25,6,82.84666666666666,4,44.0,0,0,0,0,High
15-06-2026,Monday,5,13:30,15:30,"Practical based on Mobile Application Development, Machine Learning and Software Testing",IT31L,SSP_Visiting_SP_MLK_DPY,3,MCA,A,401/402,103,84,81.55,81.55,2.25,Practical,No,No,No,Rainy,No,6.8,Afternoon,Provided,Synthetic development data,120.0,15,25,6,82.84666666666665,5,44.0,0,0,0,0,High
16-06-2026,Tuesday,1,8:30,9:15,Mobile Application Development,IT31,SSP_Visiting,3,MCA,A,403,103,78,75.73,81.55,19.0,Theory,No,No,No,Cloudy,No,14.6,Morning,Provided,Synthetic development data,45.0,16,25,6,80.58,1,45.0,0,0,0,0,High
16-06-2026,Tuesday,2,9:15,10:15,Mobile Application Development,IT31,SSP_Visiting,3,MCA,A,403,103,81,78.64,75.73,0.75,Theory,No,No,No,Rainy,No,7.4,Morning,Provided,Synthetic development data,60.0,16,25,6,79.61,2,45.0,0,0,0,0,High
16-06-2026,Tuesday,3,10:15,11:15,Data Science and Machine Learning,IT32,SP_MLK,3,MCA,A,403,103,83,80.58,78.64,1.0,Theory,No,No,No,Rainy,No,3.8,Morning,Provided,Synthetic development data,60.0,16,25,6,78.64,3,45.0,0,0,0,0,High
16-06-2026,Tuesday,4,11:15,12:15,Principles of Cloud Management and Security,IT35,KSD_SDM,3,MCA,A,403,103,73,70.87,80.58,1.0,Theory,No,No,No,Cloudy,No,12.8,Morning,Provided,Synthetic development data,60.0,16,25,6,78.31666666666666,4,45.0,0,0,0,0,Medium
16-06-2026,Tuesday,5,13:30,15:30,Data Science and Machine Learning,IT32,SP_MLK,3,MCA,A,403,103,73,70.87,70.87,2.25,Theory,Yes,No,No,Cloudy,No,12.7,Afternoon,Provided,Synthetic development data,120.0,16,25,6,76.69666666666666,5,45.0,1,0,0,0,Medium
17-06-2026,Wednesday,1,8:30,9:15,Mobile Application Development,IT31,SSP_Visiting,3,MCA,A,403,103,88,85.44,70.87,19.0,Theory,No,No,No,Cloudy,Yes,11.0,Morning,Provided,Synthetic development data,45.0,17,25,6,74.10666666666667,1,46.0,0,0,0,1,High
17-06-2026,Wednesday,2,9:15,10:15,Mobile Application Development,IT31,SSP_Visiting,3,MCA,A,403,103,80,77.67,85.44,0.75,Theory,No,No,No,Cloudy,No,11.7,Morning,Provided,Synthetic development data,60.0,17,25,6,75.72666666666667,2,46.0,0,0,0,0,High
17-06-2026,Wednesday,3,10:15,11:15,Data Science and Machine Learning,IT32,SP_MLK,3,MCA,A,403,103,74,71.84,77.67,1.0,Theory,No,No,No,Cloudy,No,5.4,Morning,Provided,Synthetic development data,60.0,17,25,6,77.99333333333333,3,46.0,0,0,0,0,Medium
17-06-2026,Wednesday,4,11:15,12:15,Principles of Cloud Management and Security,IT35,KSD_SDM,3,MCA,A,403,103,88,85.44,71.84,1.0,Theory,No,No,No,Cloudy,No,10.3,Morning,Provided,Synthetic development data,60.0,17,25,6,78.31666666666666,4,46.0,0,0,0,0,High
17-06-2026,Wednesday,5,13:30,15:30,Innovation and Entrepreneurship Development,IT34,JSP_Visiting,3,MCA,A,403,103,70,67.96,85.44,2.25,Theory,No,No,No,Sunny,No,2.5,Afternoon,Provided,Synthetic development data,120.0,17,25,6,78.31666666666666,5,46.0,0,0,0,0,Medium
18-06-2026,Thursday,1,8:30,9:15,Mobile Application Development,IT31,SSP_Visiting,3,MCA,A,403,103,82,79.61,67.96,19.0,Theory,No,No,No,Rainy,No,4.6,Morning,Provided,Synthetic development data,45.0,18,25,6,75.07999999999998,1,47.0,0,0,0,0,High
18-06-2026,Thursday,2,9:15,10:15,Mobile Application Development,IT31,SSP_Visiting,3,MCA,A,403,103,77,74.76,79.61,0.75,Theory,No,No,No,Rainy,No,14.1,Morning,Provided,Synthetic development data,60.0,18,25,6,77.67,2,47.0,0,0,0,0,Medium
18-06-2026,Thursday,3,10:15,11:15,Data Science and Machine Learning,IT32,SP_MLK,3,MCA,A,403,103,71,68.93,74.76,1.0,Theory,No,No,No,Rainy,No,11.6,Morning,Provided,Synthetic development data,60.0,18,25,6,74.11,3,47.0,0,0,0,0,Medium
18-06-2026,Thursday,4,11:15,12:15,Software Testing and Quality Assurance,IT33,DPY,3,MCA,A,403,103,80,77.67,68.93,1.0,Theory,No,No,No,Sunny,Yes,5.0,Morning,Provided,Synthetic development data,60.0,18,25,6,74.43333333333334,4,47.0,0,0,0,1,High
18-06-2026,Thursday,5,13:30,15:30,"Practical based on Mobile Application Development, Machine Learning and Software Testing",IT31L,SSP_Visiting_SP_MLK_DPY,3,MCA,A,401/402,103,86,83.5,77.67,2.25,Practical,No,Yes,No,Sunny,No,3.4,Afternoon,Provided,Synthetic development data,120.0,18,25,6,73.78666666666666,5,47.0,0,1,0,0,High
19-06-2026,Friday,1,8:30,9:15,"Practical based on Mobile Application Development, Machine Learning and Software Testing",IT31L,SSP_Visiting_SP_MLK_DPY,3,MCA,A,401/402,103,87,84.47,83.5,19.0,Practical,No,No,No,Rainy,No,14.3,Morning,Provided,Synthetic development data,45.0,19,25,6,76.7,1,48.0,0,0,0,0,High
19-06-2026,Friday,2,9:15,10:15,"Practical based on Mobile Application Development, Machine Learning and Software Testing",IT31L,SSP_Visiting_SP_MLK_DPY,3,MCA,A,401/402,103,89,86.41,84.47,0.75,Practical,No,No,No,Rainy,No,3.5,Morning,Provided,Synthetic development data,60.0,19,25,6,81.88,2,48.0,0,0,0,0,High
19-06-2026,Friday,3,10:15,11:15,Data Science and Machine Learning,IT32,SP_MLK,3,MCA,A,403,103,76,73.79,86.41,1.0,Theory,No,No,No,Rainy,No,5.3,Morning,Provided,Synthetic development data,60.0,19,25,6,84.79333333333332,3,48.0,0,0,0,0,Medium
19-06-2026,Friday,4,11:15,12:15,Principles of Cloud Management and Security,IT35,KSD_SDM,3,MCA,A,403,103,80,77.67,73.79,1.0,Theory,No,No,No,Cloudy,No,4.4,Morning,Provided,Synthetic development data,60.0,19,25,6,81.55666666666667,4,48.0,0,0,0,0,High
22-06-2026,Monday,1,8:30,9:15,Mobile Application Development,IT31,SSP_Visiting,3,MCA,A,403,103,82,79.61,77.67,69.25,Theory,No,No,No,Cloudy,No,2.1,Morning,Provided,Synthetic development data,45.0,22,26,6,79.28999999999999,1,51.0,0,0,0,0,High
22-06-2026,Monday,2,9:15,10:15,Mobile Application Development,IT31,SSP_Visiting,3,MCA,A,403,103,83,80.58,79.61,0.75,Theory,No,No,No,Sunny,No,6.1,Morning,Provided,Synthetic development data,60.0,22,26,6,77.02333333333333,2,51.0,0,0,0,0,High
22-06-2026,Monday,3,10:15,11:15,Innovation and Entrepreneurship Development,IT34,JSP_Visiting,3,MCA,A,403,103,85,82.52,80.58,1.0,Theory,No,No,No,Cloudy,No,14.7,Morning,Provided,Synthetic development data,60.0,22,26,6,79.28666666666666,3,51.0,0,0,0,0,High
22-06-2026,Monday,4,11:15,12:15,Innovation and Entrepreneurship Development,IT34,JSP_Visiting,3,MCA,A,403,103,85,82.52,82.52,1.0,Theory,No,No,No,Sunny,No,6.4,Morning,Provided,Synthetic development data,60.0,22,26,6,80.90333333333332,4,51.0,0,0,0,0,High
22-06-2026,Monday,5,13:30,15:30,"Practical based on Mobile Application Development, Machine Learning and Software Testing",IT31L,SSP_Visiting_SP_MLK_DPY,3,MCA,A,401/402,103,86,83.5,82.52,2.25,Practical,No,No,No,Rainy,No,8.6,Afternoon,Provided,Synthetic development data,120.0,22,26,6,81.87333333333332,5,51.0,0,0,0,0,High
23-06-2026,Tuesday,1,8:30,9:15,Mobile Application Development,IT31,SSP_Visiting,3,MCA,A,403,103,77,74.76,83.5,19.0,Theory,No,No,No,Rainy,No,11.7,Morning,Provided,Synthetic development data,45.0,23,26,6,82.84666666666665,1,52.0,0,0,0,0,Medium
23-06-2026,Tuesday,2,9:15,10:15,Mobile Application Development,IT31,SSP_Visiting,3,MCA,A,403,103,90,87.38,74.76,0.75,Theory,No,No,No,Cloudy,No,9.2,Morning,Provided,Synthetic development data,60.0,23,26,6,80.25999999999999,2,52.0,0,0,0,0,High
23-06-2026,Tuesday,3,10:15,11:15,Data Science and Machine Learning,IT32,SP_MLK,3,MCA,A,403,103,77,74.76,87.38,1.0,Theory,No,No,No,Rainy,Yes,11.7,Morning,Provided,Synthetic development data,60.0,23,26,6,81.88,3,52.0,0,0,0,1,Medium
23-06-2026,Tuesday,4,11:15,12:15,Principles of Cloud Management and Security,IT35,KSD_SDM,3,MCA,A,403,103,71,68.93,74.76,1.0,Theory,No,No,No,Sunny,No,10.6,Morning,Provided,Synthetic development data,60.0,23,26,6,78.96666666666667,4,52.0,0,0,0,0,Medium
23-06-2026,Tuesday,5,13:30,15:30,Data Science and Machine Learning,IT32,SP_MLK,3,MCA,A,403,103,73,70.87,68.93,2.25,Theory,Yes,No,No,Rainy,No,9.9,Afternoon,Provided,Synthetic development data,120.0,23,26,6,77.02333333333333,5,52.0,1,0,0,0,Medium
24-06-2026,Wednesday,1,8:30,9:15,Mobile Application Development,IT31,SSP_Visiting,3,MCA,A,403,103,78,75.73,70.87,19.0,Theory,No,No,No,Cloudy,No,10.4,Morning,Provided,Synthetic development data,45.0,24,26,6,71.52,1,53.0,0,0,0,0,High
24-06-2026,Wednesday,2,9:15,10:15,Mobile Application Development,IT31,SSP_Visiting,3,MCA,A,403,103,68,66.02,75.73,0.75,Theory,No,No,No,Cloudy,No,12.4,Morning,Provided,Synthetic development data,60.0,24,26,6,71.84333333333335,2,53.0,0,0,0,0,Medium
24-06-2026,Wednesday,3,10:15,11:15,Data Science and Machine Learning,IT32,SP_MLK,3,MCA,A,403,103,69,66.99,66.02,1.0,Theory,No,No,No,Cloudy,No,11.2,Morning,Provided,Synthetic development data,60.0,24,26,6,70.87333333333333,3,53.0,0,0,0,0,Medium
24-06-2026,Wednesday,4,11:15,12:15,Principles of Cloud Management and Security,IT35,KSD_SDM,3,MCA,A,403,103,82,79.61,66.99,1.0,Theory,No,No,No,Cloudy,No,12.3,Morning,Provided,Synthetic development data,60.0,24,26,6,69.58,4,53.0,0,0,0,0,High
24-06-2026,Wednesday,5,13:30,15:30,Innovation and Entrepreneurship Development,IT34,JSP_Visiting,3,MCA,A,403,103,81,78.64,79.61,2.25,Theory,No,No,No,Sunny,No,3.9,Afternoon,Provided,Synthetic development data,120.0,24,26,6,70.87333333333332,5,53.0,0,0,0,0,High
25-06-2026,Thursday,1,8:30,9:15,Mobile Application Development,IT31,SSP_Visiting,3,MCA,A,403,103,88,85.44,78.64,19.0,Theory,No,No,No,Cloudy,No,10.8,Morning,Provided,Synthetic development data,45.0,25,26,6,75.07999999999998,1,54.0,0,0,0,0,High
25-06-2026,Thursday,2,9:15,10:15,Mobile Application Development,IT31,SSP_Visiting,3,MCA,A,403,103,85,82.52,85.44,0.75,Theory,No,No,No,Cloudy,No,11.6,Morning,Provided,Synthetic development data,60.0,25,26,6,81.23,2,54.0,0,0,0,0,High
25-06-2026,Thursday,3,10:15,11:15,Data Science and Machine Learning,IT32,SP_MLK,3,MCA,A,403,103,76,73.79,82.52,1.0,Theory,No,No,No,Sunny,No,5.9,Morning,Provided,Synthetic development data,60.0,25,26,6,82.19999999999999,3,54.0,0,0,0,0,Medium
25-06-2026,Thursday,4,11:15,12:15,Software Testing and Quality Assurance,IT33,DPY,3,MCA,A,403,103,75,72.82,73.79,1.0,Theory,No,No,No,Rainy,No,13.4,Morning,Provided,Synthetic development data,60.0,25,26,6,80.58333333333333,4,54.0,0,0,0,0,Medium
25-06-2026,Thursday,5,13:30,15:30,"Practical based on Mobile Application Development, Machine Learning and Software Testing",IT31L,SSP_Visiting_SP_MLK_DPY,3,MCA,A,401/402,103,83,80.58,72.82,2.25,Practical,No,No,No,Rainy,No,6.0,Afternoon,Provided,Synthetic development data,120.0,25,26,6,76.37666666666667,5,54.0,0,0,0,0,High
26-06-2026,Friday,1,8:30,9:15,"Practical based on Mobile Application Development, Machine Learning and Software Testing",IT31L,SSP_Visiting_SP_MLK_DPY,3,MCA,A,401/402,103,97,94.17,80.58,19.0,Practical,No,No,No,Cloudy,No,5.2,Morning,Provided,Synthetic development data,45.0,26,26,6,75.73,1,55.0,0,0,0,0,High
26-06-2026,Friday,2,9:15,10:15,"Practical based on Mobile Application Development, Machine Learning and Software Testing",IT31L,SSP_Visiting_SP_MLK_DPY,3,MCA,A,401/402,103,91,88.35,94.17,0.75,Practical,No,No,No,Sunny,No,13.3,Morning,Provided,Synthetic development data,60.0,26,26,6,82.52333333333333,2,55.0,0,0,0,0,High
26-06-2026,Friday,3,10:15,11:15,Data Science and Machine Learning,IT32,SP_MLK,3,MCA,A,403,103,74,71.84,88.35,1.0,Theory,No,No,No,Sunny,No,5.2,Morning,Provided,Synthetic development data,60.0,26,26,6,87.69999999999999,3,55.0,0,0,0,0,Medium
26-06-2026,Friday,4,11:15,12:15,Principles of Cloud Management and Security,IT35,KSD_SDM,3,MCA,A,403,103,81,78.64,71.84,1.0,Theory,No,No,No,Sunny,No,7.4,Morning,Provided,Synthetic development data,60.0,26,26,6,84.78666666666668,4,55.0,0,0,0,0,High
29-06-2026,Monday,1,8:30,9:15,Mobile Application Development,IT31,SSP_Visiting,3,MCA,A,403,103,84,81.55,78.64,69.25,Theory,No,No,No,Rainy,No,6.8,Morning,Provided,Synthetic development data,45.0,29,27,6,79.61,1,58.0,0,0,0,0,High
29-06-2026,Monday,2,9:15,10:15,Mobile Application Development,IT31,SSP_Visiting,3,MCA,A,403,103,82,79.61,81.55,0.75,Theory,No,No,No,Sunny,Yes,13.7,Morning,Provided,Synthetic development data,60.0,29,27,6,77.34333333333332,2,58.0,0,0,0,1,High
29-06-2026,Monday,3,10:15,11:15,Innovation and Entrepreneurship Development,IT34,JSP_Visiting,3,MCA,A,403,103,87,84.47,79.61,1.0,Theory,No,Yes,No,Rainy,No,7.9,Morning,Provided,Synthetic development data,60.0,29,27,6,79.93333333333332,3,58.0,0,1,0,0,High
29-06-2026,Monday,4,11:15,12:15,Innovation and Entrepreneurship Development,IT34,JSP_Visiting,3,MCA,A,403,103,86,83.5,84.47,1.0,Theory,No,No,No,Cloudy,No,11.0,Morning,Provided,Synthetic development data,60.0,29,27,6,81.87666666666665,4,58.0,0,0,0,0,High
29-06-2026,Monday,5,13:30,15:30,"Practical based on Mobile Application Development, Machine Learning and Software Testing",IT31L,SSP_Visiting_SP_MLK_DPY,3,MCA,A,401/402,103,88,85.44,83.5,2.25,Practical,No,No,No,Cloudy,No,12.3,Afternoon,Provided,Synthetic development data,120.0,29,27,6,82.52666666666666,5,58.0,0,0,0,0,High
30-06-2026,Tuesday,1,8:30,9:15,Mobile Application Development,IT31,SSP_Visiting,3,MCA,A,403,103,89,86.41,85.44,19.0,Theory,No,No,No,Rainy,No,10.2,Morning,Provided,Synthetic development data,45.0,30,27,6,84.46999999999998,1,59.0,0,0,0,0,High
30-06-2026,Tuesday,2,9:15,10:15,Mobile Application Development,IT31,SSP_Visiting,3,MCA,A,403,103,81,78.64,86.41,0.75,Theory,No,No,No,Rainy,No,14.3,Morning,Provided,Synthetic development data,60.0,30,27,6,85.11666666666666,2,59.0,0,0,0,0,High
30-06-2026,Tuesday,3,10:15,11:15,Data Science and Machine Learning,IT32,SP_MLK,3,MCA,A,403,103,74,71.84,78.64,1.0,Theory,No,No,No,Sunny,No,12.4,Morning,Provided,Synthetic development data,60.0,30,27,6,83.49666666666666,3,59.0,0,0,0,0,Medium
30-06-2026,Tuesday,4,11:15,12:15,Principles of Cloud Management and Security,IT35,KSD_SDM,3,MCA,A,403,103,76,73.79,71.84,1.0,Theory,No,No,No,Rainy,No,7.2,Morning,Provided,Synthetic development data,60.0,30,27,6,78.96333333333332,4,59.0,0,0,0,0,Medium
30-06-2026,Tuesday,5,13:30,15:30,Data Science and Machine Learning,IT32,SP_MLK,3,MCA,A,403,103,70,67.96,73.79,2.25,Theory,No,No,No,Rainy,No,14.4,Afternoon,Provided,Synthetic development data,120.0,30,27,6,74.75666666666667,5,59.0,0,0,0,0,Medium
01-07-2026,Wednesday,1,8:30,9:15,Mobile Application Development,IT31,SSP_Visiting,3,MCA,A,403,103,89,86.41,67.96,19.0,Theory,No,No,No,Rainy,No,8.8,Morning,Provided,Synthetic development data,45.0,31,27,7,71.19666666666666,1,60.0,0,0,0,0,High
01-07-2026,Wednesday,2,9:15,10:15,Mobile Application Development,IT31,SSP_Visiting,3,MCA,A,403,103,83,80.58,86.41,0.75,Theory,No,No,No,Sunny,No,2.3,Morning,Provided,Synthetic development data,60.0,31,27,7,76.05333333333333,2,60.0,0,0,0,0,High
01-07-2026,Wednesday,3,10:15,11:15,Data Science and Machine Learning,IT32,SP_MLK,3,MCA,A,403,103,77,74.76,80.58,1.0,Theory,No,No,No,Sunny,No,5.4,Morning,Provided,Synthetic development data,60.0,31,27,7,78.31666666666665,3,60.0,0,0,0,0,Medium
01-07-2026,Wednesday,4,11:15,12:15,Principles of Cloud Management and Security,IT35,KSD_SDM,3,MCA,A,403,103,79,76.7,74.76,1.0,Theory,No,No,No,Sunny,No,10.1,Morning,Provided,Synthetic development data,60.0,31,27,7,80.58333333333333,4,60.0,0,0,0,0,High
01-07-2026,Wednesday,5,13:30,15:30,Innovation and Entrepreneurship Development,IT34,JSP_Visiting,3,MCA,A,403,103,80,77.67,76.7,2.25,Theory,No,No,No,Sunny,No,4.0,Afternoon,Provided,Synthetic development data,120.0,31,27,7,77.34666666666666,5,60.0,0,0,0,0,High
02-07-2026,Thursday,1,8:30,9:15,Mobile Application Development,IT31,SSP_Visiting,3,MCA,A,403,103,78,75.73,77.67,19.0,Theory,No,No,No,Cloudy,No,9.6,Morning,Provided,Synthetic development data,45.0,32,27,7,76.37666666666667,1,61.0,0,0,0,0,High
02-07-2026,Thursday,2,9:15,10:15,Mobile Application Development,IT31,SSP_Visiting,3,MCA,A,403,103,88,85.44,75.73,0.75,Theory,No,Yes,No,Rainy,No,6.7,Morning,Provided,Synthetic development data,60.0,32,27,7,76.7,2,61.0,0,1,0,0,High
02-07-2026,Thursday,3,10:15,11:15,Data Science and Machine Learning,IT32,SP_MLK,3,MCA,A,403,103,71,68.93,85.44,1.0,Theory,Yes,Yes,No,Rainy,No,8.9,Morning,Provided,Synthetic development data,60.0,32,27,7,79.61333333333333,3,61.0,1,1,0,0,Medium
02-07-2026,Thursday,4,11:15,12:15,Software Testing and Quality Assurance,IT33,DPY,3,MCA,A,403,103,68,66.02,68.93,1.0,Theory,No,No,No,Cloudy,No,2.0,Morning,Provided,Synthetic development data,60.0,32,27,7,76.7,4,61.0,0,0,0,0,Medium
02-07-2026,Thursday,5,13:30,15:30,"Practical based on Mobile Application Development, Machine Learning and Software Testing",IT31L,SSP_Visiting_SP_MLK_DPY,3,MCA,A,401/402,103,84,81.55,66.02,2.25,Practical,No,No,No,Cloudy,No,13.0,Afternoon,Provided,Synthetic development data,120.0,32,27,7,73.46333333333332,5,61.0,0,0,0,0,High
03-07-2026,Friday,1,8:30,9:15,"Practical based on Mobile Application Development, Machine Learning and Software Testing",IT31L,SSP_Visiting_SP_MLK_DPY,3,MCA,A,401/402,103,87,84.47,81.55,19.0,Practical,No,No,No,Rainy,No,6.7,Morning,Provided,Synthetic development data,45.0,33,27,7,72.16666666666667,1,62.0,0,0,0,0,High
03-07-2026,Friday,2,9:15,10:15,"Practical based on Mobile Application Development, Machine Learning and Software Testing",IT31L,SSP_Visiting_SP_MLK_DPY,3,MCA,A,401/402,103,92,89.32,84.47,0.75,Practical,No,No,No,Cloudy,No,3.8,Morning,Provided,Synthetic development data,60.0,33,27,7,77.34666666666666,2,62.0,0,0,0,0,High
03-07-2026,Friday,3,10:15,11:15,Data Science and Machine Learning,IT32,SP_MLK,3,MCA,A,403,103,81,78.64,89.32,1.0,Theory,No,No,No,Sunny,No,7.7,Morning,Provided,Synthetic development data,60.0,33,27,7,85.11333333333333,3,62.0,0,0,0,0,High
03-07-2026,Friday,4,11:15,12:15,Principles of Cloud Management and Security,IT35,KSD_SDM,3,MCA,A,403,103,70,67.96,78.64,1.0,Theory,No,No,No,Rainy,No,8.3,Morning,Provided,Synthetic development data,60.0,33,27,7,84.14333333333332,4,62.0,0,0,0,0,Medium
06-07-2026,Monday,1,8:30,9:15,Mobile Application Development,IT31,SSP_Visiting,3,MCA,A,403,103,83,80.58,67.96,69.25,Theory,No,No,No,Rainy,No,10.3,Morning,Provided,Synthetic development data,45.0,36,28,7,78.64,1,65.0,0,0,0,0,High
06-07-2026,Monday,2,9:15,10:15,Mobile Application Development,IT31,SSP_Visiting,3,MCA,A,403,103,82,79.61,80.58,0.75,Theory,No,No,No,Sunny,No,8.8,Morning,Provided,Synthetic development data,60.0,36,28,7,75.72666666666665,2,65.0,0,0,0,0,High
06-07-2026,Monday,3,10:15,11:15,Innovation and Entrepreneurship Development,IT34,JSP_Visiting,3,MCA,A,403,103,80,77.67,79.61,1.0,Theory,No,No,No,Cloudy,No,2.6,Morning,Provided,Synthetic development data,60.0,36,28,7,76.05,3,65.0,0,0,0,0,High
06-07-2026,Monday,4,11:15,12:15,Innovation and Entrepreneurship Development,IT34,JSP_Visiting,3,MCA,A,403,103,79,76.7,77.67,1.0,Theory,No,No,No,Sunny,No,13.3,Morning,Provided,Synthetic development data,60.0,36,28,7,79.28666666666668,4,65.0,0,0,0,0,High
06-07-2026,Monday,5,13:30,15:30,"Practical based on Mobile Application Development, Machine Learning and Software Testing",IT31L,SSP_Visiting_SP_MLK_DPY,3,MCA,A,401/402,103,82,79.61,76.7,2.25,Practical,No,Yes,No,Rainy,No,7.9,Afternoon,Provided,Synthetic development data,120.0,36,28,7,77.99333333333333,5,65.0,0,1,0,0,High
07-07-2026,Tuesday,1,8:30,9:15,Mobile Application Development,IT31,SSP_Visiting,3,MCA,A,403,103,86,83.5,79.61,19.0,Theory,No,No,No,Sunny,No,3.0,Morning,Provided,Synthetic development data,45.0,37,28,7,77.99333333333334,1,66.0,0,0,0,0,High
07-07-2026,Tuesday,2,9:15,10:15,Mobile Application Development,IT31,SSP_Visiting,3,MCA,A,403,103,71,68.93,83.5,0.75,Theory,No,No,No,Sunny,No,12.0,Morning,Provided,Synthetic development data,60.0,37,28,7,79.93666666666667,2,66.0,0,0,0,0,Medium
07-07-2026,Tuesday,3,10:15,11:15,Data Science and Machine Learning,IT32,SP_MLK,3,MCA,A,403,103,75,72.82,68.93,1.0,Theory,No,No,No,Sunny,No,10.6,Morning,Provided,Synthetic development data,60.0,37,28,7,77.34666666666668,3,66.0,0,0,0,0,Medium
07-07-2026,Tuesday,4,11:15,12:15,Principles of Cloud Management and Security,IT35,KSD_SDM,3,MCA,A,403,103,73,70.87,72.82,1.0,Theory,Yes,No,No,Cloudy,No,10.4,Morning,Provided,Synthetic development data,60.0,37,28,7,75.08333333333333,4,66.0,1,0,0,0,Medium
07-07-2026,Tuesday,5,13:30,15:30,Data Science and Machine Learning,IT32,SP_MLK,3,MCA,A,403,103,65,63.11,70.87,2.25,Theory,No,No,No,Rainy,No,7.5,Afternoon,Provided,Synthetic development data,120.0,37,28,7,70.87333333333333,5,66.0,0,0,0,0,Medium
08-07-2026,Wednesday,1,8:30,9:15,Mobile Application Development,IT31,SSP_Visiting,3,MCA,A,403,103,81,78.64,63.11,19.0,Theory,No,No,No,Cloudy,No,7.3,Morning,Provided,Synthetic development data,45.0,38,28,7,68.93333333333332,1,67.0,0,0,0,0,High
08-07-2026,Wednesday,2,9:15,10:15,Mobile Application Development,IT31,SSP_Visiting,3,MCA,A,403,103,74,71.84,78.64,0.75,Theory,No,No,No,Rainy,No,9.0,Morning,Provided,Synthetic development data,60.0,38,28,7,70.87333333333333,2,67.0,0,0,0,0,Medium
08-07-2026,Wednesday,3,10:15,11:15,Data Science and Machine Learning,IT32,SP_MLK,3,MCA,A,403,103,82,79.61,71.84,1.0,Theory,No,No,No,Cloudy,No,2.7,Morning,Provided,Synthetic development data,60.0,38,28,7,71.19666666666666,3,67.0,0,0,0,0,High
08-07-2026,Wednesday,4,11:15,12:15,Principles of Cloud Management and Security,IT35,KSD_SDM,3,MCA,A,403,103,76,73.79,79.61,1.0,Theory,No,No,No,Rainy,No,5.9,Morning,Provided,Synthetic development data,60.0,38,28,7,76.69666666666666,4,67.0,0,0,0,0,Medium
08-07-2026,Wednesday,5,13:30,15:30,Innovation and Entrepreneurship Development,IT34,JSP_Visiting,3,MCA,A,403,103,69,66.99,73.79,2.25,Theory,No,No,No,Cloudy,No,14.8,Afternoon,Provided,Synthetic development data,120.0,38,28,7,75.08,5,67.0,0,0,0,0,Medium
09-07-2026,Thursday,1,8:30,9:15,Mobile Application Development,IT31,SSP_Visiting,3,MCA,A,403,103,79,76.7,66.99,19.0,Theory,No,No,No,Sunny,No,10.6,Morning,Provided,Synthetic development data,45.0,39,28,7,73.46333333333332,1,68.0,0,0,0,0,High
09-07-2026,Thursday,2,9:15,10:15,Mobile Application Development,IT31,SSP_Visiting,3,MCA,A,403,103,91,88.35,76.7,0.75,Theory,No,No,No,Rainy,No,7.4,Morning,Provided,Synthetic development data,60.0,39,28,7,72.49333333333333,2,68.0,0,0,0,0,High
09-07-2026,Thursday,3,10:15,11:15,Data Science and Machine Learning,IT32,SP_MLK,3,MCA,A,403,103,79,76.7,88.35,1.0,Theory,No,No,No,Sunny,No,4.9,Morning,Provided,Synthetic development data,60.0,39,28,7,77.34666666666665,3,68.0,0,0,0,0,High
09-07-2026,Thursday,4,11:15,12:15,Software Testing and Quality Assurance,IT33,DPY,3,MCA,A,403,103,77,74.76,76.7,1.0,Theory,No,No,No,Cloudy,No,11.7,Morning,Provided,Synthetic development data,60.0,39,28,7,80.58333333333333,4,68.0,0,0,0,0,Medium
09-07-2026,Thursday,5,13:30,15:30,"Practical based on Mobile Application Development, Machine Learning and Software Testing",IT31L,SSP_Visiting_SP_MLK_DPY,3,MCA,A,401/402,103,88,85.44,74.76,2.25,Practical,No,No,No,Rainy,No,5.4,Afternoon,Provided,Synthetic development data,120.0,39,28,7,79.93666666666667,5,68.0,0,0,0,0,High
10-07-2026,Friday,1,8:30,9:15,"Practical based on Mobile Application Development, Machine Learning and Software Testing",IT31L,SSP_Visiting_SP_MLK_DPY,3,MCA,A,401/402,103,91,88.35,85.44,19.0,Practical,No,No,No,Sunny,No,4.1,Morning,Provided,Synthetic development data,45.0,40,28,7,78.96666666666665,1,69.0,0,0,0,0,High
10-07-2026,Friday,2,9:15,10:15,"Practical based on Mobile Application Development, Machine Learning and Software Testing",IT31L,SSP_Visiting_SP_MLK_DPY,3,MCA,A,401/402,103,88,85.44,88.35,0.75,Practical,No,No,No,Rainy,No,4.0,Morning,Provided,Synthetic development data,60.0,40,28,7,82.85000000000001,2,69.0,0,0,0,0,High
10-07-2026,Friday,3,10:15,11:15,Data Science and Machine Learning,IT32,SP_MLK,3,MCA,A,403,103,81,78.64,85.44,1.0,Theory,No,No,No,Rainy,No,11.5,Morning,Provided,Synthetic development data,60.0,40,28,7,86.40999999999998,3,69.0,0,0,0,0,High
10-07-2026,Friday,4,11:15,12:15,Principles of Cloud Management and Security,IT35,KSD_SDM,3,MCA,A,403,103,78,75.73,78.64,1.0,Theory,No,No,No,Rainy,No,10.4,Morning,Provided,Synthetic development data,60.0,40,28,7,84.14333333333333,4,69.0,0,0,0,0,High
13-07-2026,Monday,1,8:30,9:15,Mobile Application Development,IT31,SSP_Visiting,3,MCA,A,403,103,85,82.52,75.73,69.25,Theory,No,No,No,Sunny,Yes,2.9,Morning,Provided,Synthetic development data,45.0,43,29,7,79.93666666666667,1,72.0,0,0,0,1,High
13-07-2026,Monday,2,9:15,10:15,Mobile Application Development,IT31,SSP_Visiting,3,MCA,A,403,103,65,63.11,82.52,0.75,Theory,No,No,No,Sunny,No,3.5,Morning,Provided,Synthetic development data,60.0,43,29,7,78.96333333333332,2,72.0,0,0,0,0,Medium
13-07-2026,Monday,3,10:15,11:15,Innovation and Entrepreneurship Development,IT34,JSP_Visiting,3,MCA,A,403,103,93,90.29,63.11,1.0,Theory,No,No,No,Cloudy,No,10.2,Morning,Provided,Synthetic development data,60.0,43,29,7,73.78666666666668,3,72.0,0,0,0,0,High
13-07-2026,Monday,4,11:15,12:15,Innovation and Entrepreneurship Development,IT34,JSP_Visiting,3,MCA,A,403,103,82,79.61,90.29,1.0,Theory,No,No,No,Rainy,No,9.4,Morning,Provided,Synthetic development data,60.0,43,29,7,78.64,4,72.0,0,0,0,0,High
13-07-2026,Monday,5,13:30,15:30,"Practical based on Mobile Application Development, Machine Learning and Software Testing",IT31L,SSP_Visiting_SP_MLK_DPY,3,MCA,A,401/402,103,88,85.44,79.61,2.25,Practical,No,No,No,Rainy,No,10.9,Afternoon,Provided,Synthetic development data,120.0,43,29,7,77.67,5,72.0,0,0,0,0,High
14-07-2026,Tuesday,1,8:30,9:15,Mobile Application Development,IT31,SSP_Visiting,3,MCA,A,403,103,79,76.7,85.44,19.0,Theory,No,Yes,No,Rainy,No,4.3,Morning,Provided,Synthetic development data,45.0,44,29,7,85.11333333333333,1,73.0,0,1,0,0,High
14-07-2026,Tuesday,2,9:15,10:15,Mobile Application Development,IT31,SSP_Visiting,3,MCA,A,403,103,81,78.64,76.7,0.75,Theory,No,No,No,Cloudy,No,11.4,Morning,Provided,Synthetic development data,60.0,44,29,7,80.58333333333333,2,73.0,0,0,0,0,High
14-07-2026,Tuesday,3,10:15,11:15,Data Science and Machine Learning,IT32,SP_MLK,3,MCA,A,403,103,82,79.61,78.64,1.0,Theory,Yes,No,No,Sunny,No,14.2,Morning,Provided,Synthetic development data,60.0,44,29,7,80.25999999999999,3,73.0,1,0,0,0,High
14-07-2026,Tuesday,4,11:15,12:15,Principles of Cloud Management and Security,IT35,KSD_SDM,3,MCA,A,403,103,81,78.64,79.61,1.0,Theory,No,No,No,Cloudy,Yes,9.8,Morning,Provided,Synthetic development data,60.0,44,29,7,78.31666666666666,4,73.0,0,0,0,1,High
14-07-2026,Tuesday,5,13:30,15:30,Data Science and Machine Learning,IT32,SP_MLK,3,MCA,A,403,103,73,70.87,78.64,2.25,Theory,No,No,No,Cloudy,No,4.5,Afternoon,Provided,Synthetic development data,120.0,44,29,7,78.96333333333332,5,73.0,0,0,0,0,Medium
15-07-2026,Wednesday,1,8:30,9:15,Mobile Application Development,IT31,SSP_Visiting,3,MCA,A,403,103,86,83.5,70.87,19.0,Theory,No,Yes,No,Sunny,No,10.8,Morning,Provided,Synthetic development data,45.0,45,29,7,76.37333333333333,1,74.0,0,1,0,0,High
15-07-2026,Wednesday,2,9:15,10:15,Mobile Application Development,IT31,SSP_Visiting,3,MCA,A,403,103,86,83.5,83.5,0.75,Theory,No,No,No,Cloudy,No,6.5,Morning,Provided,Synthetic development data,60.0,45,29,7,77.67,2,74.0,0,0,0,0,High
15-07-2026,Wednesday,3,10:15,11:15,Data Science and Machine Learning,IT32,SP_MLK,3,MCA,A,403,103,81,78.64,83.5,1.0,Theory,No,No,No,Cloudy,No,2.6,Morning,Provided,Synthetic development data,60.0,45,29,7,79.29,3,74.0,0,0,0,0,High
15-07-2026,Wednesday,4,11:15,12:15,Principles of Cloud Management and Security,IT35,KSD_SDM,3,MCA,A,403,103,72,69.9,78.64,1.0,Theory,No,No,No,Rainy,No,5.9,Morning,Provided,Synthetic development data,60.0,45,29,7,81.88,4,74.0,0,0,0,0,Medium
15-07-2026,Wednesday,5,13:30,15:30,Innovation and Entrepreneurship Development,IT34,JSP_Visiting,3,MCA,A,403,103,86,83.5,69.9,2.25,Theory,No,No,No,Cloudy,No,13.8,Afternoon,Provided,Synthetic development data,120.0,45,29,7,77.34666666666666,5,74.0,0,0,0,0,High
16-07-2026,Thursday,1,8:30,9:15,Mobile Application Development,IT31,SSP_Visiting,3,MCA,A,403,103,82,79.61,83.5,19.0,Theory,No,No,No,Cloudy,No,7.3,Morning,Provided,Synthetic development data,45.0,46,29,7,77.34666666666666,1,75.0,0,0,0,0,High
16-07-2026,Thursday,2,9:15,10:15,Mobile Application Development,IT31,SSP_Visiting,3,MCA,A,403,103,83,80.58,79.61,0.75,Theory,No,Yes,No,Sunny,No,13.2,Morning,Provided,Synthetic development data,60.0,46,29,7,77.67,2,75.0,0,1,0,0,High
16-07-2026,Thursday,3,10:15,11:15,Data Science and Machine Learning,IT32,SP_MLK,3,MCA,A,403,103,86,83.5,80.58,1.0,Theory,No,No,No,Cloudy,No,8.6,Morning,Provided,Synthetic development data,60.0,46,29,7,81.23,3,75.0,0,0,0,0,High
16-07-2026,Thursday,4,11:15,12:15,Software Testing and Quality Assurance,IT33,DPY,3,MCA,A,403,103,78,75.73,83.5,1.0,Theory,No,No,No,Cloudy,No,8.7,Morning,Provided,Synthetic development data,60.0,46,29,7,81.23,4,75.0,0,0,0,0,High
16-07-2026,Thursday,5,13:30,15:30,"Practical based on Mobile Application Development, Machine Learning and Software Testing",IT31L,SSP_Visiting_SP_MLK_DPY,3,MCA,A,401/402,103,81,78.64,75.73,2.25,Practical,No,Yes,No,Cloudy,No,2.1,Afternoon,Provided,Synthetic development data,120.0,46,29,7,79.93666666666667,5,75.0,0,1,0,0,High
17-07-2026,Friday,1,8:30,9:15,"Practical based on Mobile Application Development, Machine Learning and Software Testing",IT31L,SSP_Visiting_SP_MLK_DPY,3,MCA,A,401/402,103,86,83.5,78.64,19.0,Practical,No,No,No,Rainy,No,10.3,Morning,Provided,Synthetic development data,45.0,47,29,7,79.29,1,76.0,0,0,0,0,High
17-07-2026,Friday,2,9:15,10:15,"Practical based on Mobile Application Development, Machine Learning and Software Testing",IT31L,SSP_Visiting_SP_MLK_DPY,3,MCA,A,401/402,103,95,92.23,83.5,0.75,Practical,No,No,No,Cloudy,No,3.4,Morning,Provided,Synthetic development data,60.0,47,29,7,79.29,2,76.0,0,0,0,0,High
17-07-2026,Friday,3,10:15,11:15,Data Science and Machine Learning,IT32,SP_MLK,3,MCA,A,403,103,76,73.79,92.23,1.0,Theory,No,No,No,Cloudy,No,8.2,Morning,Provided,Synthetic development data,60.0,47,29,7,84.79,3,76.0,0,0,0,0,Medium
17-07-2026,Friday,4,11:15,12:15,Principles of Cloud Management and Security,IT35,KSD_SDM,3,MCA,A,403,103,79,76.7,73.79,1.0,Theory,No,No,No,Sunny,No,5.4,Morning,Provided,Synthetic development data,60.0,47,29,7,83.17333333333333,4,76.0,0,0,0,0,High
20-07-2026,Monday,1,8:30,9:15,Mobile Application Development,IT31,SSP_Visiting,3,MCA,A,403,103,89,86.41,76.7,69.25,Theory,Yes,No,No,Cloudy,No,7.1,Morning,Provided,Synthetic development data,45.0,50,30,7,80.90666666666665,1,79.0,1,0,0,0,High
20-07-2026,Monday,2,9:15,10:15,Mobile Application Development,IT31,SSP_Visiting,3,MCA,A,403,103,76,73.79,86.41,0.75,Theory,Yes,No,No,Rainy,No,9.0,Morning,Provided,Synthetic development data,60.0,50,30,7,78.96666666666665,2,79.0,1,0,0,0,Medium
20-07-2026,Monday,3,10:15,11:15,Innovation and Entrepreneurship Development,IT34,JSP_Visiting,3,MCA,A,403,103,77,74.76,73.79,1.0,Theory,Yes,No,No,Cloudy,No,2.2,Morning,Provided,Synthetic development data,60.0,50,30,7,78.96666666666665,3,79.0,1,0,0,0,Medium
20-07-2026,Monday,4,11:15,12:15,Innovation and Entrepreneurship Development,IT34,JSP_Visiting,3,MCA,A,403,103,71,68.93,74.76,1.0,Theory,No,No,No,Sunny,No,5.7,Morning,Provided,Synthetic development data,60.0,50,30,7,78.32,4,79.0,0,0,0,0,Medium
20-07-2026,Monday,5,13:30,15:30,"Practical based on Mobile Application Development, Machine Learning and Software Testing",IT31L,SSP_Visiting_SP_MLK_DPY,3,MCA,A,401/402,103,79,76.7,68.93,2.25,Practical,No,No,No,Sunny,No,14.9,Afternoon,Provided,Synthetic development data,120.0,50,30,7,72.49333333333334,5,79.0,0,0,0,0,High
21-07-2026,Tuesday,1,8:30,9:15,Mobile Application Development,IT31,SSP_Visiting,3,MCA,A,403,103,85,82.52,76.7,19.0,Theory,Yes,No,No,Rainy,No,2.7,Morning,Provided,Synthetic development data,45.0,51,30,7,73.46333333333332,1,80.0,1,0,0,0,High
21-07-2026,Tuesday,2,9:15,10:15,Mobile Application Development,IT31,SSP_Visiting,3,MCA,A,403,103,79,76.7,82.52,0.75,Theory,No,Yes,No,Cloudy,No,6.2,Morning,Provided,Synthetic development data,60.0,51,30,7,76.05,2,80.0,0,1,0,0,High
21-07-2026,Tuesday,3,10:15,11:15,Data Science and Machine Learning,IT32,SP_MLK,3,MCA,A,403,103,64,62.14,76.7,1.0,Theory,No,No,No,Sunny,No,6.2,Morning,Provided,Synthetic development data,60.0,51,30,7,78.64,3,80.0,0,0,0,0,Medium
21-07-2026,Tuesday,4,11:15,12:15,Principles of Cloud Management and Security,IT35,KSD_SDM,3,MCA,A,403,103,90,87.38,62.14,1.0,Theory,No,No,No,Sunny,No,6.9,Morning,Provided,Synthetic development data,60.0,51,30,7,73.78666666666665,4,80.0,0,0,0,0,High
21-07-2026,Tuesday,5,13:30,15:30,Data Science and Machine Learning,IT32,SP_MLK,3,MCA,A,403,103,65,63.11,87.38,2.25,Theory,No,No,No,Rainy,No,10.9,Afternoon,Provided,Synthetic development data,120.0,51,30,7,75.40666666666665,5,80.0,0,0,0,0,Medium
22-07-2026,Wednesday,1,8:30,9:15,Mobile Application Development,IT31,SSP_Visiting,3,MCA,A,403,103,83,80.58,63.11,19.0,Theory,No,Yes,No,Rainy,No,5.2,Morning,Provided,Synthetic development data,45.0,52,30,7,70.87666666666667,1,81.0,0,1,0,0,High
22-07-2026,Wednesday,2,9:15,10:15,Mobile Application Development,IT31,SSP_Visiting,3,MCA,A,403,103,85,82.52,80.58,0.75,Theory,No,No,No,Sunny,No,8.0,Morning,Provided,Synthetic development data,60.0,52,30,7,77.02333333333333,2,81.0,0,0,0,0,High
22-07-2026,Wednesday,3,10:15,11:15,Data Science and Machine Learning,IT32,SP_MLK,3,MCA,A,403,103,81,78.64,82.52,1.0,Theory,No,No,No,Rainy,No,10.4,Morning,Provided,Synthetic development data,60.0,52,30,7,75.40333333333332,3,81.0,0,0,0,0,High
22-07-2026,Wednesday,4,11:15,12:15,Principles of Cloud Management and Security,IT35,KSD_SDM,3,MCA,A,403,103,80,77.67,78.64,1.0,Theory,No,No,No,Cloudy,No,6.2,Morning,Provided,Synthetic development data,60.0,52,30,7,80.57999999999998,4,81.0,0,0,0,0,High
22-07-2026,Wednesday,5,13:30,15:30,Innovation and Entrepreneurship Development,IT34,JSP_Visiting,3,MCA,A,403,103,78,75.73,77.67,2.25,Theory,No,No,No,Sunny,No,14.3,Afternoon,Provided,Synthetic development data,120.0,52,30,7,79.61,5,81.0,0,0,0,0,High
23-07-2026,Thursday,1,8:30,9:15,Mobile Application Development,IT31,SSP_Visiting,3,MCA,A,403,103,75,72.82,75.73,19.0,Theory,No,No,No,Sunny,Yes,14.7,Morning,Provided,Synthetic development data,45.0,53,30,7,77.34666666666668,1,82.0,0,0,0,1,Medium
23-07-2026,Thursday,2,9:15,10:15,Mobile Application Development,IT31,SSP_Visiting,3,MCA,A,403,103,75,72.82,72.82,0.75,Theory,No,No,No,Cloudy,No,3.6,Morning,Provided,Synthetic development data,60.0,53,30,7,75.40666666666665,2,82.0,0,0,0,0,Medium
23-07-2026,Thursday,3,10:15,11:15,Data Science and Machine Learning,IT32,SP_MLK,3,MCA,A,403,103,78,75.73,72.82,1.0,Theory,No,No,No,Rainy,No,6.5,Morning,Provided,Synthetic development data,60.0,53,30,7,73.78999999999998,3,82.0,0,0,0,0,High
23-07-2026,Thursday,4,11:15,12:15,Software Testing and Quality Assurance,IT33,DPY,3,MCA,A,403,103,82,79.61,75.73,1.0,Theory,No,No,No,Cloudy,No,4.7,Morning,Provided,Synthetic development data,60.0,53,30,7,73.78999999999999,4,82.0,0,0,0,0,High
23-07-2026,Thursday,5,13:30,15:30,"Practical based on Mobile Application Development, Machine Learning and Software Testing",IT31L,SSP_Visiting_SP_MLK_DPY,3,MCA,A,401/402,103,87,84.47,79.61,2.25,Practical,No,No,No,Rainy,No,4.4,Afternoon,Provided,Synthetic development data,120.0,53,30,7,76.05333333333333,5,82.0,0,0,0,0,High
24-07-2026,Friday,1,8:30,9:15,"Practical based on Mobile Application Development, Machine Learning and Software Testing",IT31L,SSP_Visiting_SP_MLK_DPY,3,MCA,A,401/402,103,90,87.38,84.47,19.0,Practical,No,No,No,Sunny,No,8.4,Morning,Provided,Synthetic development data,45.0,54,30,7,79.93666666666667,1,83.0,0,0,0,0,High
24-07-2026,Friday,2,9:15,10:15,"Practical based on Mobile Application Development, Machine Learning and Software Testing",IT31L,SSP_Visiting_SP_MLK_DPY,3,MCA,A,401/402,103,83,80.58,87.38,0.75,Practical,No,No,No,Cloudy,No,9.3,Morning,Provided,Synthetic development data,60.0,54,30,7,83.82,2,83.0,0,0,0,0,High
24-07-2026,Friday,3,10:15,11:15,Data Science and Machine Learning,IT32,SP_MLK,3,MCA,A,403,103,78,75.73,80.58,1.0,Theory,No,No,No,Rainy,No,7.5,Morning,Provided,Synthetic development data,60.0,54,30,7,84.14333333333333,3,83.0,0,0,0,0,High
24-07-2026,Friday,4,11:15,12:15,Principles of Cloud Management and Security,IT35,KSD_SDM,3,MCA,A,403,103,71,68.93,75.73,1.0,Theory,No,No,No,Sunny,No,5.5,Morning,Provided,Synthetic development data,60.0,54,30,7,81.23,4,83.0,0,0,0,0,Medium
27-07-2026,Monday,1,8:30,9:15,Mobile Application Development,IT31,SSP_Visiting,3,MCA,A,403,103,80,77.67,68.93,69.25,Theory,No,No,No,Rainy,No,5.6,Morning,Provided,Synthetic development data,45.0,57,31,7,75.08,1,86.0,0,0,0,0,High
27-07-2026,Monday,2,9:15,10:15,Mobile Application Development,IT31,SSP_Visiting,3,MCA,A,403,103,83,80.58,77.67,0.75,Theory,No,No,No,Sunny,No,14.9,Morning,Provided,Synthetic development data,60.0,57,31,7,74.11,2,86.0,0,0,0,0,High
27-07-2026,Monday,3,10:15,11:15,Innovation and Entrepreneurship Development,IT34,JSP_Visiting,3,MCA,A,403,103,84,81.55,80.58,1.0,Theory,No,No,No,Sunny,No,14.0,Morning,Provided,Synthetic development data,60.0,57,31,7,75.72666666666667,3,86.0,0,0,0,0,High
27-07-2026,Monday,4,11:15,12:15,Innovation and Entrepreneurship Development,IT34,JSP_Visiting,3,MCA,A,403,103,89,86.41,81.55,1.0,Theory,No,No,No,Cloudy,No,3.0,Morning,Provided,Synthetic development data,60.0,57,31,7,79.93333333333332,4,86.0,0,0,0,0,High
27-07-2026,Monday,5,13:30,15:30,"Practical based on Mobile Application Development, Machine Learning and Software Testing",IT31L,SSP_Visiting_SP_MLK_DPY,3,MCA,A,401/402,103,83,80.58,86.41,2.25,Practical,No,No,No,Cloudy,No,10.5,Afternoon,Provided,Synthetic development data,120.0,57,31,7,82.84666666666666,5,86.0,0,0,0,0,High
28-07-2026,Tuesday,1,8:30,9:15,Mobile Application Development,IT31,SSP_Visiting,3,MCA,A,403,103,77,74.76,80.58,19.0,Theory,No,No,No,Rainy,No,7.9,Morning,Provided,Synthetic development data,45.0,58,31,7,82.84666666666665,1,87.0,0,0,0,0,Medium
28-07-2026,Tuesday,2,9:15,10:15,Mobile Application Development,IT31,SSP_Visiting,3,MCA,A,403,103,77,74.76,74.76,0.75,Theory,No,Yes,No,Cloudy,No,11.0,Morning,Provided,Synthetic development data,60.0,58,31,7,80.58333333333333,2,87.0,0,1,0,0,Medium
28-07-2026,Tuesday,3,10:15,11:15,Data Science and Machine Learning,IT32,SP_MLK,3,MCA,A,403,103,70,67.96,74.76,1.0,Theory,No,No,No,Rainy,No,9.8,Morning,Provided,Synthetic development data,60.0,58,31,7,76.69999999999999,3,87.0,0,0,0,0,Medium
28-07-2026,Tuesday,4,11:15,12:15,Principles of Cloud Management and Security,IT35,KSD_SDM,3,MCA,A,403,103,87,84.47,67.96,1.0,Theory,No,No,No,Rainy,No,13.6,Morning,Provided,Synthetic development data,60.0,58,31,7,72.49333333333333,4,87.0,0,0,0,0,High
28-07-2026,Tuesday,5,13:30,15:30,Data Science and Machine Learning,IT32,SP_MLK,3,MCA,A,403,103,66,64.08,84.47,2.25,Theory,No,No,No,Rainy,No,2.9,Afternoon,Provided,Synthetic development data,120.0,58,31,7,75.72999999999999,5,87.0,0,0,0,0,Medium
29-07-2026,Wednesday,1,8:30,9:15,Mobile Application Development,IT31,SSP_Visiting,3,MCA,A,403,103,77,74.76,64.08,19.0,Theory,No,No,No,Cloudy,No,6.5,Morning,Provided,Synthetic development data,45.0,59,31,7,72.17,1,88.0,0,0,0,0,Medium
29-07-2026,Wednesday,2,9:15,10:15,Mobile Application Development,IT31,SSP_Visiting,3,MCA,A,403,103,82,79.61,74.76,0.75,Theory,No,No,No,Cloudy,No,14.8,Morning,Provided,Synthetic development data,60.0,59,31,7,74.43666666666667,2,88.0,0,0,0,0,High
29-07-2026,Wednesday,3,10:15,11:15,Data Science and Machine Learning,IT32,SP_MLK,3,MCA,A,403,103,73,70.87,79.61,1.0,Theory,No,Yes,No,Rainy,No,4.4,Morning,Provided,Synthetic development data,60.0,59,31,7,72.81666666666666,3,88.0,0,1,0,0,Medium
29-07-2026,Wednesday,4,11:15,12:15,Principles of Cloud Management and Security,IT35,KSD_SDM,3,MCA,A,403,103,89,86.41,70.87,1.0,Theory,No,No,No,Rainy,No,3.7,Morning,Provided,Synthetic development data,60.0,59,31,7,75.08,4,88.0,0,0,0,0,High
29-07-2026,Wednesday,5,13:30,15:30,Innovation and Entrepreneurship Development,IT34,JSP_Visiting,3,MCA,A,403,103,71,68.93,86.41,2.25,Theory,No,No,No,Cloudy,No,11.5,Afternoon,Provided,Synthetic development data,120.0,59,31,7,78.96333333333332,5,88.0,0,0,0,0,Medium
30-07-2026,Thursday,1,8:30,9:15,Mobile Application Development,IT31,SSP_Visiting,3,MCA,A,403,103,81,78.64,68.93,19.0,Theory,No,No,No,Rainy,No,12.1,Morning,Provided,Synthetic development data,45.0,60,31,7,75.40333333333332,1,89.0,0,0,0,0,High
30-07-2026,Thursday,2,9:15,10:15,Mobile Application Development,IT31,SSP_Visiting,3,MCA,A,403,103,80,77.67,78.64,0.75,Theory,No,No,No,Cloudy,No,10.7,Morning,Provided,Synthetic development data,60.0,60,31,7,77.99333333333333,2,89.0,0,0,0,0,High
30-07-2026,Thursday,3,10:15,11:15,Data Science and Machine Learning,IT32,SP_MLK,3,MCA,A,403,103,82,79.61,77.67,1.0,Theory,No,Yes,No,Sunny,No,12.1,Morning,Provided,Synthetic development data,60.0,60,31,7,75.08,3,89.0,0,1,0,0,High
30-07-2026,Thursday,4,11:15,12:15,Software Testing and Quality Assurance,IT33,DPY,3,MCA,A,403,103,87,84.47,79.61,1.0,Theory,No,No,No,Cloudy,No,11.0,Morning,Provided,Synthetic development data,60.0,60,31,7,78.64,4,89.0,0,0,0,0,High
30-07-2026,Thursday,5,13:30,15:30,"Practical based on Mobile Application Development, Machine Learning and Software Testing",IT31L,SSP_Visiting_SP_MLK_DPY,3,MCA,A,401/402,103,80,77.67,84.47,2.25,Practical,No,Yes,No,Sunny,No,3.8,Afternoon,Provided,Synthetic development data,120.0,60,31,7,80.58333333333333,5,89.0,0,1,0,0,High
31-07-2026,Friday,1,8:30,9:15,"Practical based on Mobile Application Development, Machine Learning and Software Testing",IT31L,SSP_Visiting_SP_MLK_DPY,3,MCA,A,401/402,103,96,93.2,77.67,19.0,Practical,No,No,No,Cloudy,No,9.9,Morning,Provided,Synthetic development data,45.0,61,31,7,80.58333333333333,1,90.0,0,0,0,0,High
31-07-2026,Friday,2,9:15,10:15,"Practical based on Mobile Application Development, Machine Learning and Software Testing",IT31L,SSP_Visiting_SP_MLK_DPY,3,MCA,A,401/402,103,85,82.52,93.2,0.75,Practical,No,No,No,Rainy,No,12.1,Morning,Provided,Synthetic development data,60.0,61,31,7,85.11333333333333,2,90.0,0,0,0,0,High
31-07-2026,Friday,3,10:15,11:15,Data Science and Machine Learning,IT32,SP_MLK,3,MCA,A,403,103,80,77.67,82.52,1.0,Theory,No,No,No,Rainy,No,13.3,Morning,Provided,Synthetic development data,60.0,61,31,7,84.46333333333332,3,90.0,0,0,0,0,High
31-07-2026,Friday,4,11:15,12:15,Principles of Cloud Management and Security,IT35,KSD_SDM,3,MCA,A,403,103,87,84.47,77.67,1.0,Theory,No,No,No,Sunny,No,5.2,Morning,Provided,Synthetic development data,60.0,61,31,7,84.46333333333332,4,90.0,0,0,0,0,High
03-08-2026,Monday,1,8:30,9:15,Mobile Application Development,IT31,SSP_Visiting,3,MCA,A,403,103,77,74.76,84.47,69.25,Theory,No,Yes,No,Rainy,No,3.7,Morning,Provided,Synthetic development data,45.0,64,32,8,81.55333333333333,1,93.0,0,1,0,0,Medium
03-08-2026,Monday,2,9:15,10:15,Mobile Application Development,IT31,SSP_Visiting,3,MCA,A,403,103,74,71.84,74.76,0.75,Theory,Yes,Yes,No,Cloudy,No,12.2,Morning,Provided,Synthetic development data,60.0,64,32,8,78.96666666666665,2,93.0,1,1,0,0,Medium
03-08-2026,Monday,3,10:15,11:15,Innovation and Entrepreneurship Development,IT34,JSP_Visiting,3,MCA,A,403,103,83,80.58,71.84,1.0,Theory,Yes,No,No,Sunny,No,5.3,Morning,Provided,Synthetic development data,60.0,64,32,8,77.02333333333333,3,93.0,1,0,0,0,High
03-08-2026,Monday,4,11:15,12:15,Innovation and Entrepreneurship Development,IT34,JSP_Visiting,3,MCA,A,403,103,78,75.73,80.58,1.0,Theory,No,No,No,Cloudy,No,2.4,Morning,Provided,Synthetic development data,60.0,64,32,8,75.72666666666667,4,93.0,0,0,0,0,High
03-08-2026,Monday,5,13:30,15:30,"Practical based on Mobile Application Development, Machine Learning and Software Testing",IT31L,SSP_Visiting_SP_MLK_DPY,3,MCA,A,401/402,103,84,81.55,75.73,2.25,Practical,No,No,No,Sunny,No,12.7,Afternoon,Provided,Synthetic development data,120.0,64,32,8,76.05,5,93.0,0,0,0,0,High
04-08-2026,Tuesday,1,8:30,9:15,Mobile Application Development,IT31,SSP_Visiting,3,MCA,A,403,103,87,84.47,81.55,19.0,Theory,No,No,No,Cloudy,No,8.6,Morning,Provided,Synthetic development data,45.0,65,32,8,79.28666666666666,1,94.0,0,0,0,0,High
04-08-2026,Tuesday,2,9:15,10:15,Mobile Application Development,IT31,SSP_Visiting,3,MCA,A,403,103,74,71.84,84.47,0.75,Theory,No,No,No,Rainy,No,6.2,Morning,Provided,Synthetic development data,60.0,65,32,8,80.58333333333333,2,94.0,0,0,0,0,Medium
04-08-2026,Tuesday,3,10:15,11:15,Data Science and Machine Learning,IT32,SP_MLK,3,MCA,A,403,103,86,83.5,71.84,1.0,Theory,No,Yes,No,Sunny,No,2.1,Morning,Provided,Synthetic development data,60.0,65,32,8,79.28666666666666,3,94.0,0,1,0,0,High
04-08-2026,Tuesday,4,11:15,12:15,Principles of Cloud Management and Security,IT35,KSD_SDM,3,MCA,A,403,103,80,77.67,83.5,1.0,Theory,No,No,No,Sunny,No,2.5,Morning,Provided,Synthetic development data,60.0,65,32,8,79.93666666666667,4,94.0,0,0,0,0,High
04-08-2026,Tuesday,5,13:30,15:30,Data Science and Machine Learning,IT32,SP_MLK,3,MCA,A,403,103,68,66.02,77.67,2.25,Theory,No,No,No,Cloudy,No,12.3,Afternoon,Provided,Synthetic development data,120.0,65,32,8,77.67,5,94.0,0,0,0,0,Medium
05-08-2026,Wednesday,1,8:30,9:15,Mobile Application Development,IT31,SSP_Visiting,3,MCA,A,403,103,81,78.64,66.02,19.0,Theory,No,No,No,Rainy,No,8.4,Morning,Provided,Synthetic development data,45.0,66,32,8,75.73,1,95.0,0,0,0,0,High
05-08-2026,Wednesday,2,9:15,10:15,Mobile Application Development,IT31,SSP_Visiting,3,MCA,A,403,103,73,70.87,78.64,0.75,Theory,No,No,No,Sunny,No,3.9,Morning,Provided,Synthetic development data,60.0,66,32,8,74.11,2,95.0,0,0,0,0,Medium
05-08-2026,Wednesday,3,10:15,11:15,Data Science and Machine Learning,IT32,SP_MLK,3,MCA,A,403,103,77,74.76,70.87,1.0,Theory,No,No,No,Cloudy,No,6.7,Morning,Provided,Synthetic development data,60.0,66,32,8,71.84333333333332,3,95.0,0,0,0,0,Medium
05-08-2026,Wednesday,4,11:15,12:15,Principles of Cloud Management and Security,IT35,KSD_SDM,3,MCA,A,403,103,74,71.84,74.76,1.0,Theory,No,No,No,Rainy,No,4.1,Morning,Provided,Synthetic development data,60.0,66,32,8,74.75666666666667,4,95.0,0,0,0,0,Medium
05-08-2026,Wednesday,5,13:30,15:30,Innovation and Entrepreneurship Development,IT34,JSP_Visiting,3,MCA,A,403,103,73,70.87,71.84,2.25,Theory,No,No,No,Rainy,No,3.5,Afternoon,Provided,Synthetic development data,120.0,66,32,8,72.49,5,95.0,0,0,0,0,Medium
06-08-2026,Thursday,1,8:30,9:15,Mobile Application Development,IT31,SSP_Visiting,3,MCA,A,403,103,87,84.47,70.87,19.0,Theory,No,No,No,Rainy,No,5.6,Morning,Provided,Synthetic development data,45.0,67,32,8,72.49,1,96.0,0,0,0,0,High
06-08-2026,Thursday,2,9:15,10:15,Mobile Application Development,IT31,SSP_Visiting,3,MCA,A,403,103,81,78.64,84.47,0.75,Theory,Yes,No,No,Sunny,No,9.1,Morning,Provided,Synthetic development data,60.0,67,32,8,75.72666666666666,2,96.0,1,0,0,0,High
06-08-2026,Thursday,3,10:15,11:15,Data Science and Machine Learning,IT32,SP_MLK,3,MCA,A,403,103,89,86.41,78.64,1.0,Theory,Yes,No,No,Rainy,No,4.7,Morning,Provided,Synthetic development data,60.0,67,32,8,77.99333333333333,3,96.0,1,0,0,0,High
06-08-2026,Thursday,4,11:15,12:15,Software Testing and Quality Assurance,IT33,DPY,3,MCA,A,403,103,77,74.76,86.41,1.0,Theory,No,No,No,Sunny,No,6.5,Morning,Provided,Synthetic development data,60.0,67,32,8,83.17333333333333,4,96.0,0,0,0,0,Medium
06-08-2026,Thursday,5,13:30,15:30,"Practical based on Mobile Application Development, Machine Learning and Software Testing",IT31L,SSP_Visiting_SP_MLK_DPY,3,MCA,A,401/402,103,83,80.58,74.76,2.25,Practical,No,No,No,Sunny,No,8.2,Afternoon,Provided,Synthetic development data,120.0,67,32,8,79.93666666666667,5,96.0,0,0,0,0,High
07-08-2026,Friday,1,8:30,9:15,"Practical based on Mobile Application Development, Machine Learning and Software Testing",IT31L,SSP_Visiting_SP_MLK_DPY,3,MCA,A,401/402,103,84,81.55,80.58,19.0,Practical,No,No,No,Sunny,No,7.5,Morning,Provided,Synthetic development data,45.0,68,32,8,80.58333333333333,1,97.0,0,0,0,0,High
07-08-2026,Friday,2,9:15,10:15,"Practical based on Mobile Application Development, Machine Learning and Software Testing",IT31L,SSP_Visiting_SP_MLK_DPY,3,MCA,A,401/402,103,81,78.64,81.55,0.75,Practical,No,No,No,Cloudy,No,3.7,Morning,Provided,Synthetic development data,60.0,68,32,8,78.96333333333332,2,97.0,0,0,0,0,High
07-08-2026,Friday,3,10:15,11:15,Data Science and Machine Learning,IT32,SP_MLK,3,MCA,A,403,103,68,66.02,78.64,1.0,Theory,No,No,No,Sunny,No,2.5,Morning,Provided,Synthetic development data,60.0,68,32,8,80.25666666666666,3,97.0,0,0,0,0,Medium
07-08-2026,Friday,4,11:15,12:15,Principles of Cloud Management and Security,IT35,KSD_SDM,3,MCA,A,403,103,81,78.64,66.02,1.0,Theory,No,No,No,Rainy,No,2.5,Morning,Provided,Synthetic development data,60.0,68,32,8,75.40333333333332,4,97.0,0,0,0,0,High
10-08-2026,Monday,1,8:30,9:15,Mobile Application Development,IT31,SSP_Visiting,3,MCA,A,403,103,80,77.67,78.64,69.25,Theory,No,No,No,Rainy,No,6.6,Morning,Provided,Synthetic development data,45.0,71,33,8,74.43333333333332,1,100.0,0,0,0,0,High
10-08-2026,Monday,2,9:15,10:15,Mobile Application Development,IT31,SSP_Visiting,3,MCA,A,403,103,85,82.52,77.67,0.75,Theory,No,No,No,Cloudy,No,11.3,Morning,Provided,Synthetic development data,60.0,71,33,8,74.11,2,100.0,0,0,0,0,High
10-08-2026,Monday,3,10:15,11:15,Innovation and Entrepreneurship Development,IT34,JSP_Visiting,3,MCA,A,403,103,83,80.58,82.52,1.0,Theory,Yes,No,No,Sunny,No,3.7,Morning,Provided,Synthetic development data,60.0,71,33,8,79.61,3,100.0,1,0,0,0,High
10-08-2026,Monday,4,11:15,12:15,Innovation and Entrepreneurship Development,IT34,JSP_Visiting,3,MCA,A,403,103,82,79.61,80.58,1.0,Theory,No,No,No,Sunny,No,12.2,Morning,Provided,Synthetic development data,60.0,71,33,8,80.25666666666666,4,100.0,0,0,0,0,High
10-08-2026,Monday,5,13:30,15:30,"Practical based on Mobile Application Development, Machine Learning and Software Testing",IT31L,SSP_Visiting_SP_MLK_DPY,3,MCA,A,401/402,103,87,84.47,79.61,2.25,Practical,No,No,No,Cloudy,No,11.3,Afternoon,Provided,Synthetic development data,120.0,71,33,8,80.90333333333332,5,100.0,0,0,0,0,High
11-08-2026,Tuesday,1,8:30,9:15,Mobile Application Development,IT31,SSP_Visiting,3,MCA,A,403,103,79,76.7,84.47,19.0,Theory,No,No,No,Sunny,No,2.1,Morning,Provided,Synthetic development data,45.0,72,33,8,81.55333333333333,1,101.0,0,0,0,0,High
11-08-2026,Tuesday,2,9:15,10:15,Mobile Application Development,IT31,SSP_Visiting,3,MCA,A,403,103,76,73.79,76.7,0.75,Theory,No,No,No,Sunny,No,2.3,Morning,Provided,Synthetic development data,60.0,72,33,8,80.26,2,101.0,0,0,0,0,Medium
11-08-2026,Tuesday,3,10:15,11:15,Data Science and Machine Learning,IT32,SP_MLK,3,MCA,A,403,103,80,77.67,73.79,1.0,Theory,No,No,No,Rainy,No,4.5,Morning,Provided,Synthetic development data,60.0,72,33,8,78.32,3,101.0,0,0,0,0,High
11-08-2026,Tuesday,4,11:15,12:15,Principles of Cloud Management and Security,IT35,KSD_SDM,3,MCA,A,403,103,74,71.84,77.67,1.0,Theory,No,No,No,Cloudy,No,2.7,Morning,Provided,Synthetic development data,60.0,72,33,8,76.05333333333333,4,101.0,0,0,0,0,Medium
11-08-2026,Tuesday,5,13:30,15:30,Data Science and Machine Learning,IT32,SP_MLK,3,MCA,A,403,103,72,69.9,71.84,2.25,Theory,No,No,No,Rainy,No,8.9,Afternoon,Provided,Synthetic development data,120.0,72,33,8,74.43333333333332,5,101.0,0,0,0,0,Medium
12-08-2026,Wednesday,1,8:30,9:15,Mobile Application Development,IT31,SSP_Visiting,3,MCA,A,403,103,87,84.47,69.9,19.0,Theory,No,No,No,Rainy,No,2.5,Morning,Provided,Synthetic development data,45.0,73,33,8,73.13666666666667,1,102.0,0,0,0,0,High
12-08-2026,Wednesday,2,9:15,10:15,Mobile Application Development,IT31,SSP_Visiting,3,MCA,A,403,103,83,80.58,84.47,0.75,Theory,No,No,No,Cloudy,No,12.4,Morning,Provided,Synthetic development data,60.0,73,33,8,75.40333333333334,2,102.0,0,0,0,0,High
12-08-2026,Wednesday,3,10:15,11:15,Data Science and Machine Learning,IT32,SP_MLK,3,MCA,A,403,103,77,74.76,80.58,1.0,Theory,No,No,No,Rainy,No,8.4,Morning,Provided,Synthetic development data,60.0,73,33,8,78.31666666666666,3,102.0,0,0,0,0,Medium
12-08-2026,Wednesday,4,11:15,12:15,Principles of Cloud Management and Security,IT35,KSD_SDM,3,MCA,A,403,103,72,69.9,74.76,1.0,Theory,No,No,No,Rainy,No,11.5,Morning,Provided,Synthetic development data,60.0,73,33,8,79.93666666666665,4,102.0,0,0,0,0,Medium
12-08-2026,Wednesday,5,13:30,15:30,Innovation and Entrepreneurship Development,IT34,JSP_Visiting,3,MCA,A,403,103,72,69.9,69.9,2.25,Theory,No,No,No,Sunny,No,11.8,Afternoon,Provided,Synthetic development data,120.0,73,33,8,75.08,5,102.0,0,0,0,0,Medium
13-08-2026,Thursday,1,8:30,9:15,Mobile Application Development,IT31,SSP_Visiting,3,MCA,A,403,103,80,77.67,69.9,19.0,Theory,No,No,No,Rainy,No,8.6,Morning,Provided,Synthetic development data,45.0,74,33,8,71.52,1,103.0,0,0,0,0,High
13-08-2026,Thursday,2,9:15,10:15,Mobile Application Development,IT31,SSP_Visiting,3,MCA,A,403,103,83,80.58,77.67,0.75,Theory,Yes,No,No,Cloudy,No,14.0,Morning,Provided,Synthetic development data,60.0,74,33,8,72.49000000000001,2,103.0,1,0,0,0,High
13-08-2026,Thursday,3,10:15,11:15,Data Science and Machine Learning,IT32,SP_MLK,3,MCA,A,403,103,78,75.73,80.58,1.0,Theory,No,No,No,Cloudy,No,14.9,Morning,Provided,Synthetic development data,60.0,74,33,8,76.05,3,103.0,0,0,0,0,High
13-08-2026,Thursday,4,11:15,12:15,Software Testing and Quality Assurance,IT33,DPY,3,MCA,A,403,103,65,63.11,75.73,1.0,Theory,No,No,No,Cloudy,No,6.7,Morning,Provided,Synthetic development data,60.0,74,33,8,77.99333333333334,4,103.0,0,0,0,0,Medium
13-08-2026,Thursday,5,13:30,15:30,"Practical based on Mobile Application Development, Machine Learning and Software Testing",IT31L,SSP_Visiting_SP_MLK_DPY,3,MCA,A,401/402,103,78,75.73,63.11,2.25,Practical,No,No,No,Rainy,No,3.6,Afternoon,Provided,Synthetic development data,120.0,74,33,8,73.14,5,103.0,0,0,0,0,High
08-09-2025,Monday,1,9:15,10:15,Mini Project,ITP11,JSP_Visiting,1,MCA,B,403,102,72,70.59,0.0,0.0,Project,No,No,No,Sunny,No,6.7,Morning,Provided,Synthetic development data,60.0,1,37,9,,1,21.0,0,0,0,0,Medium
08-09-2025,Monday,2,10:15,11:15,Advanced DBMS,IT13,MST_DPY,1,MCA,B,403,102,81,79.41,70.59,1.0,Theory,No,No,No,Sunny,No,4.9,Morning,Provided,Synthetic development data,60.0,1,37,9,70.59,2,21.0,0,0,0,0,High
08-09-2025,Monday,3,11:15,12:15,Python Programming,IT11,AAB_SP,1,MCA,B,403,102,82,80.39,79.41,1.0,Theory,No,No,No,Sunny,No,8.9,Morning,Provided,Synthetic development data,60.0,1,37,9,75.0,3,21.0,0,0,0,0,High
08-09-2025,Monday,4,13:30,14:30,"Practical based on Python Programming, Data Structure and Algorithms and Advanced DBMS",ITL11,AAB_SP_ASP_RSZ_MST_DPY,1,MCA,B,401/402,102,78,76.47,80.39,2.25,Practical,No,Yes,No,Rainy,No,6.9,Afternoon,Provided,Synthetic development data,60.0,1,37,9,76.79666666666667,4,21.0,0,1,0,0,High
08-09-2025,Monday,5,14:30,15:30,Organizational Behavior,IT15,MPS_KSD,1,MCA,B,403,102,78,76.47,76.47,1.0,Theory,No,No,No,Sunny,No,8.2,Afternoon,Provided,Synthetic development data,60.0,1,37,9,78.75666666666666,5,21.0,0,0,0,0,High
09-09-2025,Tuesday,1,9:15,10:15,Mini Project,ITP11,JSP_Visiting,1,MCA,B,403,102,71,69.61,76.47,18.75,Project,No,No,No,Cloudy,No,11.9,Morning,Provided,Synthetic development data,60.0,2,37,9,77.77666666666666,1,21.0,0,0,0,0,Medium
09-09-2025,Tuesday,2,10:15,11:15,Organizational Behavior,IT15,MPS_KSD,1,MCA,B,403,102,75,73.53,69.61,1.0,Theory,No,No,No,Sunny,No,5.6,Morning,Provided,Synthetic development data,60.0,2,37,9,74.18333333333334,2,21.0,0,0,0,0,Medium
09-09-2025,Tuesday,3,11:15,12:15,Advanced DBMS,IT13,MST_DPY,1,MCA,B,403,102,75,73.53,73.53,1.0,Theory,No,No,No,Sunny,No,9.0,Morning,Provided,Synthetic development data,60.0,2,37,9,73.20333333333333,3,21.0,0,0,0,0,Medium
09-09-2025,Tuesday,4,13:30,14:30,"Practical based on Python Programming, Data Structure and Algorithms and Advanced DBMS",ITL11,AAB_SP_ASP_RSZ_MST_DPY,1,MCA,B,401/402,102,76,74.51,73.53,2.25,Practical,No,No,No,Sunny,No,6.4,Afternoon,Provided,Synthetic development data,60.0,2,37,9,72.22333333333333,4,21.0,0,0,0,0,Medium
09-09-2025,Tuesday,5,14:30,15:30,Advanced DBMS,IT13,MST_DPY,1,MCA,B,403,102,61,59.8,74.51,1.0,Theory,No,Yes,No,Sunny,No,12.2,Afternoon,Provided,Synthetic development data,60.0,2,37,9,73.85666666666667,5,21.0,0,1,0,0,Medium
10-09-2025,Wednesday,1,9:15,10:15,Mini Project,ITP11,JSP_Visiting,1,MCA,B,403,102,74,72.55,59.8,18.75,Project,No,No,No,Sunny,No,10.3,Morning,Provided,Synthetic development data,60.0,3,37,9,69.28,1,21.0,0,0,0,0,Medium
10-09-2025,Wednesday,2,10:15,11:15,Network Technologies and Infrastructure Management,IT14,MLK,1,MCA,B,403,102,66,64.71,72.55,1.0,Theory,No,No,No,Rainy,No,2.1,Morning,Provided,Synthetic development data,60.0,3,37,9,68.95333333333333,2,21.0,0,0,0,0,Medium
10-09-2025,Wednesday,3,11:15,12:15,Data Structure and Algorithms,IT12,ASP_RSZ,1,MCA,B,403,102,78,76.47,64.71,1.0,Theory,No,No,No,Rainy,No,10.6,Morning,Provided,Synthetic development data,60.0,3,37,9,65.68666666666667,3,21.0,0,0,0,0,High
10-09-2025,Wednesday,4,13:30,14:30,Python Programming,IT11,AAB_SP,1,MCA,B,403,102,70,68.63,76.47,2.25,Theory,Yes,No,No,Rainy,No,4.2,Afternoon,Provided,Synthetic development data,60.0,3,37,9,71.24333333333333,4,21.0,1,0,0,0,Medium
10-09-2025,Wednesday,5,14:30,15:30,Network Technologies and Infrastructure Management,IT14,MLK,1,MCA,B,403,102,65,63.73,68.63,1.0,Theory,No,No,No,Rainy,No,11.4,Afternoon,Provided,Synthetic development data,60.0,3,37,9,69.93666666666667,5,21.0,0,0,0,0,Medium
11-09-2025,Thursday,1,9:15,10:15,Network Technologies and Infrastructure Management,IT14,MLK,1,MCA,B,403,102,65,63.73,63.73,18.75,Theory,No,No,No,Sunny,No,9.4,Morning,Provided,Synthetic development data,60.0,4,37,9,69.61,1,21.0,0,0,0,0,Medium
11-09-2025,Thursday,2,10:15,11:15,Data Structure and Algorithms,IT12,ASP_RSZ,1,MCA,B,403,102,78,76.47,63.73,1.0,Theory,No,No,No,Sunny,No,7.2,Morning,Provided,Synthetic development data,60.0,4,37,9,65.36333333333333,2,21.0,0,0,0,0,High
11-09-2025,Thursday,3,11:15,12:15,Organizational Behavior,IT15,MPS_KSD,1,MCA,B,403,102,71,69.61,76.47,1.0,Theory,No,No,No,Rainy,No,11.0,Morning,Provided,Synthetic development data,60.0,4,37,9,67.97666666666667,3,21.0,0,0,0,0,Medium
11-09-2025,Thursday,4,13:30,14:30,Advanced DBMS,IT13,MST_DPY,1,MCA,B,403,102,62,60.78,69.61,2.25,Theory,No,No,No,Cloudy,No,13.1,Afternoon,Provided,Synthetic development data,60.0,4,37,9,69.93666666666667,4,21.0,0,0,0,0,Medium
11-09-2025,Thursday,5,14:30,15:30,Data Structure and Algorithms,IT12,ASP_RSZ,1,MCA,B,403,102,72,70.59,60.78,1.0,Theory,No,No,No,Cloudy,No,12.1,Afternoon,Provided,Synthetic development data,60.0,4,37,9,68.95333333333333,5,21.0,0,0,0,0,Medium
12-09-2025,Friday,1,9:15,10:15,Organizational Behavior,IT15,MPS_KSD,1,MCA,B,403,102,77,75.49,70.59,18.75,Theory,No,No,No,Sunny,No,9.1,Morning,Provided,Synthetic development data,60.0,5,37,9,66.99333333333333,1,21.0,0,0,0,0,High
12-09-2025,Friday,2,10:15,11:15,Python Programming,IT11,AAB_SP,1,MCA,B,403,102,76,74.51,75.49,1.0,Theory,No,Yes,No,Cloudy,No,11.4,Morning,Provided,Synthetic development data,60.0,5,37,9,68.95333333333333,2,21.0,0,1,0,0,Medium
12-09-2025,Friday,3,11:15,12:15,Advanced DBMS,IT13,MST_DPY,1,MCA,B,403,102,79,77.45,74.51,1.0,Theory,No,No,No,Sunny,No,7.4,Morning,Provided,Synthetic development data,60.0,5,37,9,73.53,3,21.0,0,0,0,0,High
12-09-2025,Friday,4,13:30,14:30,Data Structure and Algorithms,IT12,ASP_RSZ,1,MCA,B,403,102,73,71.57,77.45,2.25,Theory,No,Yes,No,Cloudy,No,12.3,Afternoon,Provided,Synthetic development data,60.0,5,37,9,75.81666666666666,4,21.0,0,1,0,0,Medium
12-09-2025,Friday,5,14:30,15:30,Python Programming,IT11,AAB_SP,1,MCA,B,403,102,64,62.75,71.57,1.0,Theory,No,No,No,Cloudy,No,12.8,Afternoon,Provided,Synthetic development data,60.0,5,37,9,74.50999999999999,5,21.0,0,0,0,0,Medium
13-09-2025,Saturday,1,11:15,12:15,Mini Project,ITP11,JSP_Visiting,1,MCA,B,403,102,66,64.71,62.75,20.75,Project,No,No,No,Cloudy,No,3.8,Morning,Provided,Synthetic development data,60.0,6,37,9,70.58999999999999,1,21.0,0,0,0,0,Medium
15-09-2025,Monday,1,9:15,10:15,Mini Project,ITP11,JSP_Visiting,1,MCA,B,403,102,72,70.59,64.71,46.0,Project,No,No,No,Cloudy,No,5.1,Morning,Provided,Synthetic development data,60.0,8,38,9,66.34333333333333,1,21.0,0,0,0,0,Medium
15-09-2025,Monday,2,10:15,11:15,Advanced DBMS,IT13,MST_DPY,1,MCA,B,403,102,75,73.53,70.59,1.0,Theory,No,No,No,Sunny,No,5.5,Morning,Provided,Synthetic development data,60.0,8,38,9,66.01666666666667,2,21.0,0,0,0,0,Medium
15-09-2025,Monday,3,11:15,12:15,Python Programming,IT11,AAB_SP,1,MCA,B,403,102,84,82.35,73.53,1.0,Theory,No,No,No,Rainy,No,4.2,Morning,Provided,Synthetic development data,60.0,8,38,9,69.61,3,21.0,0,0,0,0,High
15-09-2025,Monday,4,13:30,14:30,"Practical based on Python Programming, Data Structure and Algorithms and Advanced DBMS",ITL11,AAB_SP_ASP_RSZ_MST_DPY,1,MCA,B,401/402,102,78,76.47,82.35,2.25,Practical,No,No,No,Cloudy,No,7.1,Afternoon,Provided,Synthetic development data,60.0,8,38,9,75.49000000000001,4,21.0,0,0,0,0,High
15-09-2025,Monday,5,14:30,15:30,Organizational Behavior,IT15,MPS_KSD,1,MCA,B,403,102,75,73.53,76.47,1.0,Theory,No,No,No,Rainy,No,4.5,Afternoon,Provided,Synthetic development data,60.0,8,38,9,77.44999999999999,5,21.0,0,0,0,0,Medium
16-09-2025,Tuesday,1,9:15,10:15,Mini Project,ITP11,JSP_Visiting,1,MCA,B,403,102,79,77.45,73.53,18.75,Project,No,No,No,Sunny,No,9.7,Morning,Provided,Synthetic development data,60.0,9,38,9,77.45,1,21.0,0,0,0,0,High
16-09-2025,Tuesday,2,10:15,11:15,Organizational Behavior,IT15,MPS_KSD,1,MCA,B,403,102,82,80.39,77.45,1.0,Theory,No,No,No,Sunny,No,3.3,Morning,Provided,Synthetic development data,60.0,9,38,9,75.81666666666666,2,21.0,0,0,0,0,High
16-09-2025,Tuesday,3,11:15,12:15,Advanced DBMS,IT13,MST_DPY,1,MCA,B,403,102,70,68.63,80.39,1.0,Theory,No,No,No,Rainy,No,5.5,Morning,Provided,Synthetic development data,60.0,9,38,9,77.12333333333333,3,21.0,0,0,0,0,Medium
16-09-2025,Tuesday,4,13:30,14:30,"Practical based on Python Programming, Data Structure and Algorithms and Advanced DBMS",ITL11,AAB_SP_ASP_RSZ_MST_DPY,1,MCA,B,401/402,102,82,80.39,68.63,2.25,Practical,No,No,No,Sunny,Yes,10.7,Afternoon,Provided,Synthetic development data,60.0,9,38,9,75.49,4,21.0,0,0,0,1,High
16-09-2025,Tuesday,5,14:30,15:30,Advanced DBMS,IT13,MST_DPY,1,MCA,B,403,102,76,74.51,80.39,1.0,Theory,No,No,No,Cloudy,No,7.2,Afternoon,Provided,Synthetic development data,60.0,9,38,9,76.47,5,21.0,0,0,0,0,Medium
17-09-2025,Wednesday,1,9:15,10:15,Mini Project,ITP11,JSP_Visiting,1,MCA,B,403,102,72,70.59,74.51,18.75,Project,No,Yes,No,Cloudy,No,7.5,Morning,Provided,Synthetic development data,60.0,10,38,9,74.50999999999999,1,21.0,0,1,0,0,Medium
17-09-2025,Wednesday,2,10:15,11:15,Network Technologies and Infrastructure Management,IT14,MLK,1,MCA,B,403,102,72,70.59,70.59,1.0,Theory,No,No,No,Rainy,No,12.4,Morning,Provided,Synthetic development data,60.0,10,38,9,75.16333333333334,2,21.0,0,0,0,0,Medium
17-09-2025,Wednesday,3,11:15,12:15,Data Structure and Algorithms,IT12,ASP_RSZ,1,MCA,B,403,102,66,64.71,70.59,1.0,Theory,No,No,No,Cloudy,Yes,14.8,Morning,Provided,Synthetic development data,60.0,10,38,9,71.89666666666666,3,21.0,0,0,0,1,Medium
17-09-2025,Wednesday,4,13:30,14:30,Python Programming,IT11,AAB_SP,1,MCA,B,403,102,72,70.59,64.71,2.25,Theory,No,Yes,No,Sunny,No,9.3,Afternoon,Provided,Synthetic development data,60.0,10,38,9,68.63000000000001,4,21.0,0,1,0,0,Medium
17-09-2025,Wednesday,5,14:30,15:30,Network Technologies and Infrastructure Management,IT14,MLK,1,MCA,B,403,102,68,66.67,70.59,1.0,Theory,No,No,No,Cloudy,No,3.0,Afternoon,Provided,Synthetic development data,60.0,10,38,9,68.63000000000001,5,21.0,0,0,0,0,Medium
18-09-2025,Thursday,1,9:15,10:15,Network Technologies and Infrastructure Management,IT14,MLK,1,MCA,B,403,102,73,71.57,66.67,18.75,Theory,No,No,No,Rainy,No,3.3,Morning,Provided,Synthetic development data,60.0,11,38,9,67.32333333333334,1,21.0,0,0,0,0,Medium
18-09-2025,Thursday,2,10:15,11:15,Data Structure and Algorithms,IT12,ASP_RSZ,1,MCA,B,403,102,74,72.55,71.57,1.0,Theory,No,No,No,Rainy,No,14.6,Morning,Provided,Synthetic development data,60.0,11,38,9,69.61,2,21.0,0,0,0,0,Medium
18-09-2025,Thursday,3,11:15,12:15,Organizational Behavior,IT15,MPS_KSD,1,MCA,B,403,102,83,81.37,72.55,1.0,Theory,No,No,No,Sunny,No,10.8,Morning,Provided,Synthetic development data,60.0,11,38,9,70.26333333333334,3,21.0,0,0,0,0,High
18-09-2025,Thursday,4,13:30,14:30,Advanced DBMS,IT13,MST_DPY,1,MCA,B,403,102,69,67.65,81.37,2.25,Theory,No,No,No,Rainy,No,11.8,Afternoon,Provided,Synthetic development data,60.0,11,38,9,75.16333333333334,4,21.0,0,0,0,0,Medium
18-09-2025,Thursday,5,14:30,15:30,Data Structure and Algorithms,IT12,ASP_RSZ,1,MCA,B,403,102,76,74.51,67.65,1.0,Theory,No,No,No,Rainy,No,10.8,Afternoon,Provided,Synthetic development data,60.0,11,38,9,73.85666666666667,5,21.0,0,0,0,0,Medium
19-09-2025,Friday,1,9:15,10:15,Organizational Behavior,IT15,MPS_KSD,1,MCA,B,403,102,82,80.39,74.51,18.75,Theory,No,No,No,Cloudy,No,4.3,Morning,Provided,Synthetic development data,60.0,12,38,9,74.51,1,21.0,0,0,0,0,High
19-09-2025,Friday,2,10:15,11:15,Python Programming,IT11,AAB_SP,1,MCA,B,403,102,79,77.45,80.39,1.0,Theory,No,No,No,Cloudy,No,7.8,Morning,Provided,Synthetic development data,60.0,12,38,9,74.18333333333334,2,21.0,0,0,0,0,High
19-09-2025,Friday,3,11:15,12:15,Advanced DBMS,IT13,MST_DPY,1,MCA,B,403,102,72,70.59,77.45,1.0,Theory,No,No,No,Cloudy,No,12.4,Morning,Provided,Synthetic development data,60.0,12,38,9,77.45,3,21.0,0,0,0,0,Medium
19-09-2025,Friday,4,13:30,14:30,Data Structure and Algorithms,IT12,ASP_RSZ,1,MCA,B,403,102,64,62.75,70.59,2.25,Theory,No,No,No,Rainy,No,13.3,Afternoon,Provided,Synthetic development data,60.0,12,38,9,76.14333333333333,4,21.0,0,0,0,0,Medium
19-09-2025,Friday,5,14:30,15:30,Python Programming,IT11,AAB_SP,1,MCA,B,403,102,71,69.61,62.75,1.0,Theory,No,No,No,Rainy,No,5.1,Afternoon,Provided,Synthetic development data,60.0,12,38,9,70.26333333333334,5,21.0,0,0,0,0,Medium
20-09-2025,Saturday,1,11:15,12:15,Mini Project,ITP11,JSP_Visiting,1,MCA,B,403,102,64,62.75,69.61,20.75,Project,No,Yes,No,Sunny,No,9.7,Morning,Provided,Synthetic development data,60.0,13,38,9,67.65,1,21.0,0,1,0,0,Medium
22-09-2025,Monday,1,9:15,10:15,Mini Project,ITP11,JSP_Visiting,1,MCA,B,403,102,73,71.57,62.75,46.0,Project,No,No,No,Cloudy,No,4.0,Morning,Provided,Synthetic development data,60.0,15,39,9,65.03666666666668,1,21.0,0,0,0,0,Medium
22-09-2025,Monday,2,10:15,11:15,Advanced DBMS,IT13,MST_DPY,1,MCA,B,403,102,64,62.75,71.57,1.0,Theory,No,No,No,Cloudy,No,14.5,Morning,Provided,Synthetic development data,60.0,15,39,9,67.97666666666667,2,21.0,0,0,0,0,Medium
22-09-2025,Monday,3,11:15,12:15,Python Programming,IT11,AAB_SP,1,MCA,B,403,102,78,76.47,62.75,1.0,Theory,No,No,No,Cloudy,No,5.3,Morning,Provided,Synthetic development data,60.0,15,39,9,65.69,3,21.0,0,0,0,0,High
22-09-2025,Monday,4,13:30,14:30,"Practical based on Python Programming, Data Structure and Algorithms and Advanced DBMS",ITL11,AAB_SP_ASP_RSZ_MST_DPY,1,MCA,B,401/402,102,81,79.41,76.47,2.25,Practical,No,No,No,Sunny,No,11.4,Afternoon,Provided,Synthetic development data,60.0,15,39,9,70.26333333333334,4,21.0,0,0,0,0,High
22-09-2025,Monday,5,14:30,15:30,Organizational Behavior,IT15,MPS_KSD,1,MCA,B,403,102,88,86.27,79.41,1.0,Theory,No,No,No,Sunny,No,5.0,Afternoon,Provided,Synthetic development data,60.0,15,39,9,72.87666666666667,5,21.0,0,0,0,0,High
23-09-2025,Tuesday,1,9:15,10:15,Mini Project,ITP11,JSP_Visiting,1,MCA,B,403,102,77,75.49,86.27,18.75,Project,No,No,No,Cloudy,No,10.0,Morning,Provided,Synthetic development data,60.0,16,39,9,80.71666666666665,1,21.0,0,0,0,0,High
23-09-2025,Tuesday,2,10:15,11:15,Organizational Behavior,IT15,MPS_KSD,1,MCA,B,403,102,85,83.33,75.49,1.0,Theory,No,No,No,Cloudy,No,10.6,Morning,Provided,Synthetic development data,60.0,16,39,9,80.39,2,21.0,0,0,0,0,High
23-09-2025,Tuesday,3,11:15,12:15,Advanced DBMS,IT13,MST_DPY,1,MCA,B,403,102,69,67.65,83.33,1.0,Theory,No,Yes,No,Rainy,No,6.3,Morning,Provided,Synthetic development data,60.0,16,39,9,81.69666666666666,3,21.0,0,1,0,0,Medium
23-09-2025,Tuesday,4,13:30,14:30,"Practical based on Python Programming, Data Structure and Algorithms and Advanced DBMS",ITL11,AAB_SP_ASP_RSZ_MST_DPY,1,MCA,B,401/402,102,88,86.27,67.65,2.25,Practical,No,No,No,Cloudy,No,12.6,Afternoon,Provided,Synthetic development data,60.0,16,39,9,75.49000000000001,4,21.0,0,0,0,0,High
23-09-2025,Tuesday,5,14:30,15:30,Advanced DBMS,IT13,MST_DPY,1,MCA,B,403,102,61,59.8,86.27,1.0,Theory,Yes,No,No,Sunny,No,13.5,Afternoon,Provided,Synthetic development data,60.0,16,39,9,79.08333333333333,5,21.0,1,0,0,0,Medium
24-09-2025,Wednesday,1,9:15,10:15,Mini Project,ITP11,JSP_Visiting,1,MCA,B,403,102,71,69.61,59.8,18.75,Project,No,No,No,Rainy,No,13.1,Morning,Provided,Synthetic development data,60.0,17,39,9,71.24000000000001,1,21.0,0,0,0,0,Medium
24-09-2025,Wednesday,2,10:15,11:15,Network Technologies and Infrastructure Management,IT14,MLK,1,MCA,B,403,102,63,61.76,69.61,1.0,Theory,No,Yes,No,Cloudy,No,6.3,Morning,Provided,Synthetic development data,60.0,17,39,9,71.89333333333333,2,21.0,0,1,0,0,Medium
24-09-2025,Wednesday,3,11:15,12:15,Data Structure and Algorithms,IT12,ASP_RSZ,1,MCA,B,403,102,77,75.49,61.76,1.0,Theory,No,No,No,Rainy,No,11.7,Morning,Provided,Synthetic development data,60.0,17,39,9,63.72333333333333,3,21.0,0,0,0,0,High
24-09-2025,Wednesday,4,13:30,14:30,Python Programming,IT11,AAB_SP,1,MCA,B,403,102,68,66.67,75.49,2.25,Theory,No,No,No,Rainy,No,9.3,Afternoon,Provided,Synthetic development data,60.0,17,39,9,68.95333333333333,4,21.0,0,0,0,0,Medium
24-09-2025,Wednesday,5,14:30,15:30,Network Technologies and Infrastructure Management,IT14,MLK,1,MCA,B,403,102,69,67.65,66.67,1.0,Theory,Yes,No,No,Cloudy,No,9.7,Afternoon,Provided,Synthetic development data,60.0,17,39,9,67.97333333333334,5,21.0,1,0,0,0,Medium
25-09-2025,Thursday,1,9:15,10:15,Network Technologies and Infrastructure Management,IT14,MLK,1,MCA,B,403,102,65,63.73,67.65,18.75,Theory,Yes,No,No,Rainy,No,8.2,Morning,Provided,Synthetic development data,60.0,18,39,9,69.93666666666667,1,21.0,1,0,0,0,Medium
25-09-2025,Thursday,2,10:15,11:15,Data Structure and Algorithms,IT12,ASP_RSZ,1,MCA,B,403,102,78,76.47,63.73,1.0,Theory,No,No,No,Cloudy,No,9.8,Morning,Provided,Synthetic development data,60.0,18,39,9,66.01666666666667,2,21.0,0,0,0,0,High
25-09-2025,Thursday,3,11:15,12:15,Organizational Behavior,IT15,MPS_KSD,1,MCA,B,403,102,87,85.29,76.47,1.0,Theory,No,No,No,Sunny,No,3.8,Morning,Provided,Synthetic development data,60.0,18,39,9,69.28333333333333,3,21.0,0,0,0,0,High
25-09-2025,Thursday,4,13:30,14:30,Advanced DBMS,IT13,MST_DPY,1,MCA,B,403,102,60,58.82,85.29,2.25,Theory,Yes,No,No,Sunny,No,7.3,Afternoon,Provided,Synthetic development data,60.0,18,39,9,75.16333333333334,4,21.0,1,0,0,0,Medium
25-09-2025,Thursday,5,14:30,15:30,Data Structure and Algorithms,IT12,ASP_RSZ,1,MCA,B,403,102,72,70.59,58.82,1.0,Theory,No,No,No,Sunny,No,4.3,Afternoon,Provided,Synthetic development data,60.0,18,39,9,73.52666666666667,5,21.0,0,0,0,0,Medium
26-09-2025,Friday,1,9:15,10:15,Organizational Behavior,IT15,MPS_KSD,1,MCA,B,403,102,82,80.39,70.59,18.75,Theory,No,Yes,No,Rainy,No,5.6,Morning,Provided,Synthetic development data,60.0,19,39,9,71.56666666666668,1,21.0,0,1,0,0,High
26-09-2025,Friday,2,10:15,11:15,Python Programming,IT11,AAB_SP,1,MCA,B,403,102,80,78.43,80.39,1.0,Theory,No,No,No,Sunny,No,3.7,Morning,Provided,Synthetic development data,60.0,19,39,9,69.93333333333334,2,21.0,0,0,0,0,High
26-09-2025,Friday,3,11:15,12:15,Advanced DBMS,IT13,MST_DPY,1,MCA,B,403,102,75,73.53,78.43,1.0,Theory,No,No,No,Cloudy,No,4.8,Morning,Provided,Synthetic development data,60.0,19,39,9,76.47000000000001,3,21.0,0,0,0,0,Medium
26-09-2025,Friday,4,13:30,14:30,Data Structure and Algorithms,IT12,ASP_RSZ,1,MCA,B,403,102,68,66.67,73.53,2.25,Theory,Yes,No,No,Cloudy,No,12.2,Afternoon,Provided,Synthetic development data,60.0,19,39,9,77.45,4,21.0,1,0,0,0,Medium
26-09-2025,Friday,5,14:30,15:30,Python Programming,IT11,AAB_SP,1,MCA,B,403,102,75,73.53,66.67,1.0,Theory,No,No,No,Rainy,No,9.1,Afternoon,Provided,Synthetic development data,60.0,19,39,9,72.87666666666668,5,21.0,0,0,0,0,Medium
27-09-2025,Saturday,1,11:15,12:15,Mini Project,ITP11,JSP_Visiting,1,MCA,B,403,102,65,63.73,73.53,20.75,Project,No,No,No,Rainy,No,2.3,Morning,Provided,Synthetic development data,60.0,20,39,9,71.24333333333333,1,21.0,0,0,0,0,Medium
29-09-2025,Monday,1,9:15,10:15,Mini Project,ITP11,JSP_Visiting,1,MCA,B,403,102,77,75.49,63.73,46.0,Project,No,No,No,Sunny,No,12.3,Morning,Provided,Synthetic development data,60.0,22,40,9,67.97666666666666,1,21.0,0,0,0,0,High
29-09-2025,Monday,2,10:15,11:15,Advanced DBMS,IT13,MST_DPY,1,MCA,B,403,102,79,77.45,75.49,1.0,Theory,No,No,No,Rainy,No,13.8,Morning,Provided,Synthetic development data,60.0,22,40,9,70.91666666666667,2,21.0,0,0,0,0,High
29-09-2025,Monday,3,11:15,12:15,Python Programming,IT11,AAB_SP,1,MCA,B,403,102,74,72.55,77.45,1.0,Theory,No,No,No,Rainy,No,13.4,Morning,Provided,Synthetic development data,60.0,22,40,9,72.22333333333334,3,21.0,0,0,0,0,Medium
29-09-2025,Monday,4,13:30,14:30,"Practical based on Python Programming, Data Structure and Algorithms and Advanced DBMS",ITL11,AAB_SP_ASP_RSZ_MST_DPY,1,MCA,B,401/402,102,85,83.33,72.55,2.25,Practical,No,No,No,Cloudy,No,12.7,Afternoon,Provided,Synthetic development data,60.0,22,40,9,75.16333333333334,4,21.0,0,0,0,0,High
29-09-2025,Monday,5,14:30,15:30,Organizational Behavior,IT15,MPS_KSD,1,MCA,B,403,102,78,76.47,83.33,1.0,Theory,No,Yes,No,Rainy,No,14.9,Afternoon,Provided,Synthetic development data,60.0,22,40,9,77.77666666666666,5,21.0,0,1,0,0,High
30-09-2025,Tuesday,1,9:15,10:15,Mini Project,ITP11,JSP_Visiting,1,MCA,B,403,102,69,67.65,76.47,18.75,Project,No,No,No,Cloudy,No,9.6,Morning,Provided,Synthetic development data,60.0,23,40,9,77.45,1,21.0,0,0,0,0,Medium
30-09-2025,Tuesday,2,10:15,11:15,Organizational Behavior,IT15,MPS_KSD,1,MCA,B,403,102,80,78.43,67.65,1.0,Theory,No,No,No,Sunny,No,14.5,Morning,Provided,Synthetic development data,60.0,23,40,9,75.81666666666666,2,21.0,0,0,0,0,High
30-09-2025,Tuesday,3,11:15,12:15,Advanced DBMS,IT13,MST_DPY,1,MCA,B,403,102,75,73.53,78.43,1.0,Theory,No,No,No,Rainy,No,14.3,Morning,Provided,Synthetic development data,60.0,23,40,9,74.18333333333334,3,21.0,0,0,0,0,Medium
30-09-2025,Tuesday,4,13:30,14:30,"Practical based on Python Programming, Data Structure and Algorithms and Advanced DBMS",ITL11,AAB_SP_ASP_RSZ_MST_DPY,1,MCA,B,401/402,102,82,80.39,73.53,2.25,Practical,No,No,No,Rainy,No,6.1,Afternoon,Provided,Synthetic development data,60.0,23,40,9,73.20333333333333,4,21.0,0,0,0,0,High
30-09-2025,Tuesday,5,14:30,15:30,Advanced DBMS,IT13,MST_DPY,1,MCA,B,403,102,73,71.57,80.39,1.0,Theory,No,No,No,Cloudy,No,13.2,Afternoon,Provided,Synthetic development data,60.0,23,40,9,77.45,5,21.0,0,0,0,0,Medium
01-10-2025,Wednesday,1,9:15,10:15,Mini Project,ITP11,JSP_Visiting,1,MCA,B,403,102,63,61.76,71.57,18.75,Project,No,No,Yes,Cloudy,No,12.3,Morning,Provided,Synthetic development data,60.0,24,40,10,75.16333333333334,1,21.0,0,0,1,0,Medium
01-10-2025,Wednesday,2,10:15,11:15,Network Technologies and Infrastructure Management,IT14,MLK,1,MCA,B,403,102,60,58.82,61.76,1.0,Theory,No,No,Yes,Rainy,No,12.1,Morning,Provided,Synthetic development data,60.0,24,40,10,71.24,2,21.0,0,0,1,0,Medium
01-10-2025,Wednesday,3,11:15,12:15,Data Structure and Algorithms,IT12,ASP_RSZ,1,MCA,B,403,102,73,71.57,58.82,1.0,Theory,No,No,Yes,Rainy,No,13.7,Morning,Provided,Synthetic development data,60.0,24,40,10,64.05,3,21.0,0,0,1,0,Medium
01-10-2025,Wednesday,4,13:30,14:30,Python Programming,IT11,AAB_SP,1,MCA,B,403,102,66,64.71,71.57,2.25,Theory,No,No,Yes,Rainy,No,7.0,Afternoon,Provided,Synthetic development data,60.0,24,40,10,64.05,4,21.0,0,0,1,0,Medium
01-10-2025,Wednesday,5,14:30,15:30,Network Technologies and Infrastructure Management,IT14,MLK,1,MCA,B,403,102,64,62.75,64.71,1.0,Theory,No,No,Yes,Sunny,No,7.2,Afternoon,Provided,Synthetic development data,60.0,24,40,10,65.03333333333333,5,21.0,0,0,1,0,Medium
03-10-2025,Friday,1,9:15,10:15,Organizational Behavior,IT15,MPS_KSD,1,MCA,B,403,102,79,77.45,62.75,42.75,Theory,No,No,Yes,Sunny,No,10.3,Morning,Provided,Synthetic development data,60.0,26,40,10,66.34333333333332,1,2.0,0,0,1,0,High
03-10-2025,Friday,2,10:15,11:15,Python Programming,IT11,AAB_SP,1,MCA,B,403,102,74,72.55,77.45,1.0,Theory,No,No,Yes,Rainy,No,11.6,Morning,Provided,Synthetic development data,60.0,26,40,10,68.30333333333333,2,2.0,0,0,1,0,Medium
03-10-2025,Friday,3,11:15,12:15,Advanced DBMS,IT13,MST_DPY,1,MCA,B,403,102,61,59.8,72.55,1.0,Theory,No,No,Yes,Cloudy,No,13.4,Morning,Provided,Synthetic development data,60.0,26,40,10,70.91666666666667,3,2.0,0,0,1,0,Medium
03-10-2025,Friday,4,13:30,14:30,Data Structure and Algorithms,IT12,ASP_RSZ,1,MCA,B,403,102,66,64.71,59.8,2.25,Theory,No,Yes,Yes,Cloudy,No,13.4,Afternoon,Provided,Synthetic development data,60.0,26,40,10,69.93333333333332,4,2.0,0,1,1,0,Medium
03-10-2025,Friday,5,14:30,15:30,Python Programming,IT11,AAB_SP,1,MCA,B,403,102,69,67.65,64.71,1.0,Theory,No,No,Yes,Sunny,No,11.4,Afternoon,Provided,Synthetic development data,60.0,26,40,10,65.68666666666667,5,2.0,0,0,1,0,Medium
04-10-2025,Saturday,1,11:15,12:15,Mini Project,ITP11,JSP_Visiting,1,MCA,B,403,102,69,67.65,67.65,20.75,Project,No,No,No,Cloudy,No,14.4,Morning,Provided,Synthetic development data,60.0,27,40,10,64.05333333333333,1,1.0,0,0,0,0,Medium
06-10-2025,Monday,1,9:15,10:15,Mini Project,ITP11,JSP_Visiting,1,MCA,B,403,102,79,77.45,67.65,46.0,Project,No,No,No,Sunny,No,4.3,Morning,Provided,Synthetic development data,60.0,29,41,10,66.67,1,3.0,0,0,0,0,High
06-10-2025,Monday,2,10:15,11:15,Advanced DBMS,IT13,MST_DPY,1,MCA,B,403,102,66,64.71,77.45,1.0,Theory,No,No,No,Sunny,No,14.4,Morning,Provided,Synthetic development data,60.0,29,41,10,70.91666666666667,2,3.0,0,0,0,0,Medium
06-10-2025,Monday,3,11:15,12:15,Python Programming,IT11,AAB_SP,1,MCA,B,403,102,74,72.55,64.71,1.0,Theory,No,No,No,Rainy,No,2.8,Morning,Provided,Synthetic development data,60.0,29,41,10,69.93666666666667,3,3.0,0,0,0,0,Medium
06-10-2025,Monday,4,13:30,14:30,"Practical based on Python Programming, Data Structure and Algorithms and Advanced DBMS",ITL11,AAB_SP_ASP_RSZ_MST_DPY,1,MCA,B,401/402,102,83,81.37,72.55,2.25,Practical,No,No,No,Cloudy,No,9.2,Afternoon,Provided,Synthetic development data,60.0,29,41,10,71.57,4,3.0,0,0,0,0,High
06-10-2025,Monday,5,14:30,15:30,Organizational Behavior,IT15,MPS_KSD,1,MCA,B,403,102,78,76.47,81.37,1.0,Theory,No,No,No,Sunny,No,3.2,Afternoon,Provided,Synthetic development data,60.0,29,41,10,72.87666666666667,5,3.0,0,0,0,0,High
07-10-2025,Tuesday,1,9:15,10:15,Mini Project,ITP11,JSP_Visiting,1,MCA,B,403,102,77,75.49,76.47,18.75,Project,No,No,No,Rainy,No,9.4,Morning,Provided,Synthetic development data,60.0,30,41,10,76.79666666666667,1,4.0,0,0,0,0,High
07-10-2025,Tuesday,2,10:15,11:15,Organizational Behavior,IT15,MPS_KSD,1,MCA,B,403,102,79,77.45,75.49,1.0,Theory,No,No,No,Sunny,No,7.1,Morning,Provided,Synthetic development data,60.0,30,41,10,77.77666666666666,2,4.0,0,0,0,0,High
07-10-2025,Tuesday,3,11:15,12:15,Advanced DBMS,IT13,MST_DPY,1,MCA,B,403,102,77,75.49,77.45,1.0,Theory,No,No,No,Cloudy,No,3.1,Morning,Provided,Synthetic development data,60.0,30,41,10,76.46999999999998,3,4.0,0,0,0,0,High
07-10-2025,Tuesday,4,13:30,14:30,"Practical based on Python Programming, Data Structure and Algorithms and Advanced DBMS",ITL11,AAB_SP_ASP_RSZ_MST_DPY,1,MCA,B,401/402,102,77,75.49,75.49,2.25,Practical,No,No,No,Rainy,No,10.4,Afternoon,Provided,Synthetic development data,60.0,30,41,10,76.14333333333333,4,4.0,0,0,0,0,High
07-10-2025,Tuesday,5,14:30,15:30,Advanced DBMS,IT13,MST_DPY,1,MCA,B,403,102,67,65.69,75.49,1.0,Theory,Yes,No,No,Rainy,No,11.5,Afternoon,Provided,Synthetic development data,60.0,30,41,10,76.14333333333333,5,4.0,1,0,0,0,Medium
08-10-2025,Wednesday,1,9:15,10:15,Mini Project,ITP11,JSP_Visiting,1,MCA,B,403,102,65,63.73,65.69,18.75,Project,No,No,No,Sunny,No,4.3,Morning,Provided,Synthetic development data,60.0,31,41,10,72.22333333333334,1,5.0,0,0,0,0,Medium
08-10-2025,Wednesday,2,10:15,11:15,Network Technologies and Infrastructure Management,IT14,MLK,1,MCA,B,403,102,69,67.65,63.73,1.0,Theory,No,No,No,Rainy,No,11.0,Morning,Provided,Synthetic development data,60.0,31,41,10,68.30333333333333,2,5.0,0,0,0,0,Medium
08-10-2025,Wednesday,3,11:15,12:15,Data Structure and Algorithms,IT12,ASP_RSZ,1,MCA,B,403,102,82,80.39,67.65,1.0,Theory,No,No,No,Cloudy,No,4.3,Morning,Provided,Synthetic development data,60.0,31,41,10,65.69000000000001,3,5.0,0,0,0,0,High
08-10-2025,Wednesday,4,13:30,14:30,Python Programming,IT11,AAB_SP,1,MCA,B,403,102,74,72.55,80.39,2.25,Theory,No,No,No,Cloudy,No,3.8,Afternoon,Provided,Synthetic development data,60.0,31,41,10,70.58999999999999,4,5.0,0,0,0,0,Medium
08-10-2025,Wednesday,5,14:30,15:30,Network Technologies and Infrastructure Management,IT14,MLK,1,MCA,B,403,102,61,59.8,72.55,1.0,Theory,No,No,No,Rainy,No,3.9,Afternoon,Provided,Synthetic development data,60.0,31,41,10,73.53,5,5.0,0,0,0,0,Medium
09-10-2025,Thursday,1,9:15,10:15,Network Technologies and Infrastructure Management,IT14,MLK,1,MCA,B,403,102,68,66.67,59.8,18.75,Theory,No,No,No,Sunny,No,9.8,Morning,Provided,Synthetic development data,60.0,32,41,10,70.91333333333334,1,6.0,0,0,0,0,Medium
09-10-2025,Thursday,2,10:15,11:15,Data Structure and Algorithms,IT12,ASP_RSZ,1,MCA,B,403,102,87,85.29,66.67,1.0,Theory,No,No,No,Sunny,No,12.1,Morning,Provided,Synthetic development data,60.0,32,41,10,66.34,2,6.0,0,0,0,0,High
09-10-2025,Thursday,3,11:15,12:15,Organizational Behavior,IT15,MPS_KSD,1,MCA,B,403,102,84,82.35,85.29,1.0,Theory,Yes,No,No,Sunny,No,9.8,Morning,Provided,Synthetic development data,60.0,32,41,10,70.58666666666666,3,6.0,1,0,0,0,High
09-10-2025,Thursday,4,13:30,14:30,Advanced DBMS,IT13,MST_DPY,1,MCA,B,403,102,58,56.86,82.35,2.25,Theory,No,No,No,Sunny,No,12.5,Afternoon,Provided,Synthetic development data,60.0,32,41,10,78.10333333333334,4,6.0,0,0,0,0,Medium
09-10-2025,Thursday,5,14:30,15:30,Data Structure and Algorithms,IT12,ASP_RSZ,1,MCA,B,403,102,72,70.59,56.86,1.0,Theory,No,Yes,No,Cloudy,No,9.7,Afternoon,Provided,Synthetic development data,60.0,32,41,10,74.83333333333333,5,6.0,0,1,0,0,Medium
10-10-2025,Friday,1,9:15,10:15,Organizational Behavior,IT15,MPS_KSD,1,MCA,B,403,102,85,83.33,70.59,18.75,Theory,No,No,No,Sunny,No,12.4,Morning,Provided,Synthetic development data,60.0,33,41,10,69.93333333333332,1,7.0,0,0,0,0,High
10-10-2025,Friday,2,10:15,11:15,Python Programming,IT11,AAB_SP,1,MCA,B,403,102,72,70.59,83.33,1.0,Theory,No,Yes,No,Sunny,No,14.7,Morning,Provided,Synthetic development data,60.0,33,41,10,70.26,2,7.0,0,1,0,0,Medium
10-10-2025,Friday,3,11:15,12:15,Advanced DBMS,IT13,MST_DPY,1,MCA,B,403,102,72,70.59,70.59,1.0,Theory,No,No,No,Sunny,No,7.1,Morning,Provided,Synthetic development data,60.0,33,41,10,74.83666666666667,3,7.0,0,0,0,0,Medium
10-10-2025,Friday,4,13:30,14:30,Data Structure and Algorithms,IT12,ASP_RSZ,1,MCA,B,403,102,69,67.65,70.59,2.25,Theory,No,No,No,Rainy,No,3.9,Afternoon,Provided,Synthetic development data,60.0,33,41,10,74.83666666666667,4,7.0,0,0,0,0,Medium
10-10-2025,Friday,5,14:30,15:30,Python Programming,IT11,AAB_SP,1,MCA,B,403,102,70,68.63,67.65,1.0,Theory,No,No,No,Rainy,No,3.8,Afternoon,Provided,Synthetic development data,60.0,33,41,10,69.61,5,7.0,0,0,0,0,Medium
11-10-2025,Saturday,1,11:15,12:15,Mini Project,ITP11,JSP_Visiting,1,MCA,B,403,102,70,68.63,68.63,20.75,Project,No,No,No,Sunny,No,9.8,Morning,Provided,Synthetic development data,60.0,34,41,10,68.95666666666666,1,8.0,0,0,0,0,Medium
13-10-2025,Monday,1,9:15,10:15,Mini Project,ITP11,JSP_Visiting,1,MCA,B,403,102,71,69.61,68.63,46.0,Project,No,No,No,Sunny,No,9.1,Morning,Provided,Synthetic development data,60.0,36,42,10,68.30333333333333,1,10.0,0,0,0,0,Medium
13-10-2025,Monday,2,10:15,11:15,Advanced DBMS,IT13,MST_DPY,1,MCA,B,403,102,80,78.43,69.61,1.0,Theory,No,No,No,Cloudy,No,4.4,Morning,Provided,Synthetic development data,60.0,36,42,10,68.95666666666666,2,10.0,0,0,0,0,High
13-10-2025,Monday,3,11:15,12:15,Python Programming,IT11,AAB_SP,1,MCA,B,403,102,75,73.53,78.43,1.0,Theory,No,No,No,Rainy,No,13.5,Morning,Provided,Synthetic development data,60.0,36,42,10,72.22333333333334,3,10.0,0,0,0,0,Medium
13-10-2025,Monday,4,13:30,14:30,"Practical based on Python Programming, Data Structure and Algorithms and Advanced DBMS",ITL11,AAB_SP_ASP_RSZ_MST_DPY,1,MCA,B,401/402,102,83,81.37,73.53,2.25,Practical,No,No,No,Cloudy,No,14.4,Afternoon,Provided,Synthetic development data,60.0,36,42,10,73.85666666666667,4,10.0,0,0,0,0,High
13-10-2025,Monday,5,14:30,15:30,Organizational Behavior,IT15,MPS_KSD,1,MCA,B,403,102,79,77.45,81.37,1.0,Theory,No,No,No,Sunny,No,5.3,Afternoon,Provided,Synthetic development data,60.0,36,42,10,77.77666666666666,5,10.0,0,0,0,0,High
14-10-2025,Tuesday,1,9:15,10:15,Mini Project,ITP11,JSP_Visiting,1,MCA,B,403,102,67,65.69,77.45,18.75,Project,No,No,No,Cloudy,No,4.7,Morning,Provided,Synthetic development data,60.0,37,42,10,77.45,1,11.0,0,0,0,0,Medium
14-10-2025,Tuesday,2,10:15,11:15,Organizational Behavior,IT15,MPS_KSD,1,MCA,B,403,102,89,87.25,65.69,1.0,Theory,No,Yes,No,Sunny,No,4.8,Morning,Provided,Synthetic development data,60.0,37,42,10,74.83666666666666,2,11.0,0,1,0,0,High
14-10-2025,Tuesday,3,11:15,12:15,Advanced DBMS,IT13,MST_DPY,1,MCA,B,403,102,66,64.71,87.25,1.0,Theory,No,Yes,No,Cloudy,No,7.0,Morning,Provided,Synthetic development data,60.0,37,42,10,76.79666666666667,3,11.0,0,1,0,0,Medium
14-10-2025,Tuesday,4,13:30,14:30,"Practical based on Python Programming, Data Structure and Algorithms and Advanced DBMS",ITL11,AAB_SP_ASP_RSZ_MST_DPY,1,MCA,B,401/402,102,78,76.47,64.71,2.25,Practical,No,No,No,Cloudy,No,13.1,Afternoon,Provided,Synthetic development data,60.0,37,42,10,72.55,4,11.0,0,0,0,0,High
14-10-2025,Tuesday,5,14:30,15:30,Advanced DBMS,IT13,MST_DPY,1,MCA,B,403,102,69,67.65,76.47,1.0,Theory,Yes,No,No,Sunny,No,9.7,Afternoon,Provided,Synthetic development data,60.0,37,42,10,76.14333333333333,5,11.0,1,0,0,0,Medium
15-10-2025,Wednesday,1,9:15,10:15,Mini Project,ITP11,JSP_Visiting,1,MCA,B,403,102,76,74.51,67.65,18.75,Project,No,Yes,No,Cloudy,No,2.9,Morning,Provided,Synthetic development data,60.0,38,42,10,69.61,1,12.0,0,1,0,0,Medium
15-10-2025,Wednesday,2,10:15,11:15,Network Technologies and Infrastructure Management,IT14,MLK,1,MCA,B,403,102,72,70.59,74.51,1.0,Theory,No,No,No,Cloudy,No,8.1,Morning,Provided,Synthetic development data,60.0,38,42,10,72.87666666666668,2,12.0,0,0,0,0,Medium
15-10-2025,Wednesday,3,11:15,12:15,Data Structure and Algorithms,IT12,ASP_RSZ,1,MCA,B,403,102,73,71.57,70.59,1.0,Theory,No,Yes,No,Cloudy,No,3.2,Morning,Provided,Synthetic development data,60.0,38,42,10,70.91666666666667,3,12.0,0,1,0,0,Medium
15-10-2025,Wednesday,4,13:30,14:30,Python Programming,IT11,AAB_SP,1,MCA,B,403,102,74,72.55,71.57,2.25,Theory,Yes,No,No,Rainy,No,7.3,Afternoon,Provided,Synthetic development data,60.0,38,42,10,72.22333333333334,4,12.0,1,0,0,0,Medium
15-10-2025,Wednesday,5,14:30,15:30,Network Technologies and Infrastructure Management,IT14,MLK,1,MCA,B,403,102,64,62.75,72.55,1.0,Theory,No,No,No,Sunny,No,7.2,Afternoon,Provided,Synthetic development data,60.0,38,42,10,71.57,5,12.0,0,0,0,0,Medium
16-10-2025,Thursday,1,9:15,10:15,Network Technologies and Infrastructure Management,IT14,MLK,1,MCA,B,403,102,61,59.8,62.75,18.75,Theory,No,No,No,Cloudy,No,10.4,Morning,Provided,Synthetic development data,60.0,39,42,10,68.95666666666666,1,13.0,0,0,0,0,Medium
16-10-2025,Thursday,2,10:15,11:15,Data Structure and Algorithms,IT12,ASP_RSZ,1,MCA,B,403,102,76,74.51,59.8,1.0,Theory,No,No,No,Rainy,No,9.1,Morning,Provided,Synthetic development data,60.0,39,42,10,65.03333333333333,2,13.0,0,0,0,0,Medium
16-10-2025,Thursday,3,11:15,12:15,Organizational Behavior,IT15,MPS_KSD,1,MCA,B,403,102,84,82.35,74.51,1.0,Theory,Yes,No,No,Cloudy,No,13.4,Morning,Provided,Synthetic development data,60.0,39,42,10,65.68666666666667,3,13.0,1,0,0,0,High
16-10-2025,Thursday,4,13:30,14:30,Advanced DBMS,IT13,MST_DPY,1,MCA,B,403,102,70,68.63,82.35,2.25,Theory,No,No,No,Sunny,No,2.2,Afternoon,Provided,Synthetic development data,60.0,39,42,10,72.22,4,13.0,0,0,0,0,Medium
16-10-2025,Thursday,5,14:30,15:30,Data Structure and Algorithms,IT12,ASP_RSZ,1,MCA,B,403,102,68,66.67,68.63,1.0,Theory,No,Yes,No,Sunny,No,12.1,Afternoon,Provided,Synthetic development data,60.0,39,42,10,75.16333333333334,5,13.0,0,1,0,0,Medium
17-10-2025,Friday,1,9:15,10:15,Organizational Behavior,IT15,MPS_KSD,1,MCA,B,403,102,77,75.49,66.67,18.75,Theory,No,No,No,Cloudy,No,2.3,Morning,Provided,Synthetic development data,60.0,40,42,10,72.55,1,14.0,0,0,0,0,High
17-10-2025,Friday,2,10:15,11:15,Python Programming,IT11,AAB_SP,1,MCA,B,403,102,83,81.37,75.49,1.0,Theory,Yes,No,No,Sunny,No,6.0,Morning,Provided,Synthetic development data,60.0,40,42,10,70.26333333333334,2,14.0,1,0,0,0,High
17-10-2025,Friday,3,11:15,12:15,Advanced DBMS,IT13,MST_DPY,1,MCA,B,403,102,75,73.53,81.37,1.0,Theory,No,No,No,Cloudy,No,13.4,Morning,Provided,Synthetic development data,60.0,40,42,10,74.51,3,14.0,0,0,0,0,Medium
17-10-2025,Friday,4,13:30,14:30,Data Structure and Algorithms,IT12,ASP_RSZ,1,MCA,B,403,102,76,74.51,73.53,2.25,Theory,No,No,No,Cloudy,No,11.0,Afternoon,Provided,Synthetic development data,60.0,40,42,10,76.79666666666667,4,14.0,0,0,0,0,Medium
17-10-2025,Friday,5,14:30,15:30,Python Programming,IT11,AAB_SP,1,MCA,B,403,102,77,75.49,74.51,1.0,Theory,No,No,No,Sunny,No,4.2,Afternoon,Provided,Synthetic development data,60.0,40,42,10,76.47000000000001,5,14.0,0,0,0,0,High
18-10-2025,Saturday,1,11:15,12:15,Mini Project,ITP11,JSP_Visiting,1,MCA,B,403,102,65,63.73,75.49,20.75,Project,No,No,No,Cloudy,No,8.4,Morning,Provided,Synthetic development data,60.0,41,42,10,74.51,1,15.0,0,0,0,0,Medium
20-10-2025,Monday,1,9:15,10:15,Mini Project,ITP11,JSP_Visiting,1,MCA,B,403,102,64,62.75,63.73,46.0,Project,No,No,Yes,Sunny,No,11.4,Morning,Provided,Synthetic development data,60.0,43,43,10,71.24333333333333,1,17.0,0,0,1,0,Medium
20-10-2025,Monday,2,10:15,11:15,Advanced DBMS,IT13,MST_DPY,1,MCA,B,403,102,70,68.63,62.75,1.0,Theory,No,No,Yes,Sunny,No,14.2,Morning,Provided,Synthetic development data,60.0,43,43,10,67.32333333333332,2,17.0,0,0,1,0,Medium
20-10-2025,Monday,3,11:15,12:15,Python Programming,IT11,AAB_SP,1,MCA,B,403,102,71,69.61,68.63,1.0,Theory,No,No,Yes,Sunny,No,10.2,Morning,Provided,Synthetic development data,60.0,43,43,10,65.03666666666666,3,17.0,0,0,1,0,Medium
20-10-2025,Monday,4,13:30,14:30,"Practical based on Python Programming, Data Structure and Algorithms and Advanced DBMS",ITL11,AAB_SP_ASP_RSZ_MST_DPY,1,MCA,B,401/402,102,73,71.57,69.61,2.25,Practical,Yes,No,Yes,Sunny,No,2.3,Afternoon,Provided,Synthetic development data,60.0,43,43,10,66.99666666666667,4,17.0,1,0,1,0,Medium
20-10-2025,Monday,5,14:30,15:30,Organizational Behavior,IT15,MPS_KSD,1,MCA,B,403,102,75,73.53,71.57,1.0,Theory,No,No,Yes,Cloudy,No,8.5,Afternoon,Provided,Synthetic development data,60.0,43,43,10,69.93666666666667,5,17.0,0,0,1,0,Medium
23-10-2025,Thursday,1,9:15,10:15,Network Technologies and Infrastructure Management,IT14,MLK,1,MCA,B,403,102,64,62.75,73.53,66.75,Theory,No,No,Yes,Sunny,No,4.0,Morning,Provided,Synthetic development data,60.0,46,43,10,71.57,1,3.0,0,0,1,0,Medium
23-10-2025,Thursday,2,10:15,11:15,Data Structure and Algorithms,IT12,ASP_RSZ,1,MCA,B,403,102,72,70.59,62.75,1.0,Theory,No,No,Yes,Cloudy,No,2.6,Morning,Provided,Synthetic development data,60.0,46,43,10,69.28333333333332,2,3.0,0,0,1,0,Medium
23-10-2025,Thursday,3,11:15,12:15,Organizational Behavior,IT15,MPS_KSD,1,MCA,B,403,102,74,72.55,70.59,1.0,Theory,No,No,Yes,Sunny,No,9.8,Morning,Provided,Synthetic development data,60.0,46,43,10,68.95666666666666,3,3.0,0,0,1,0,Medium
23-10-2025,Thursday,4,13:30,14:30,Advanced DBMS,IT13,MST_DPY,1,MCA,B,403,102,63,61.76,72.55,2.25,Theory,No,No,Yes,Cloudy,No,12.1,Afternoon,Provided,Synthetic development data,60.0,46,43,10,68.63000000000001,4,3.0,0,0,1,0,Medium
23-10-2025,Thursday,5,14:30,15:30,Data Structure and Algorithms,IT12,ASP_RSZ,1,MCA,B,403,102,68,66.67,61.76,1.0,Theory,No,No,Yes,Cloudy,No,2.5,Afternoon,Provided,Synthetic development data,60.0,46,43,10,68.3,5,3.0,0,0,1,0,Medium
24-10-2025,Friday,1,9:15,10:15,Organizational Behavior,IT15,MPS_KSD,1,MCA,B,403,102,85,83.33,66.67,18.75,Theory,No,No,No,Rainy,No,12.2,Morning,Provided,Synthetic development data,60.0,47,43,10,66.99333333333334,1,1.0,0,0,0,0,High
24-10-2025,Friday,2,10:15,11:15,Python Programming,IT11,AAB_SP,1,MCA,B,403,102,82,80.39,83.33,1.0,Theory,No,No,No,Rainy,No,11.2,Morning,Provided,Synthetic development data,60.0,47,43,10,70.58666666666666,2,1.0,0,0,0,0,High
24-10-2025,Friday,3,11:15,12:15,Advanced DBMS,IT13,MST_DPY,1,MCA,B,403,102,77,75.49,80.39,1.0,Theory,No,No,No,Rainy,No,11.8,Morning,Provided,Synthetic development data,60.0,47,43,10,76.79666666666667,3,1.0,0,0,0,0,High
24-10-2025,Friday,4,13:30,14:30,Data Structure and Algorithms,IT12,ASP_RSZ,1,MCA,B,403,102,71,69.61,75.49,2.25,Theory,No,No,No,Cloudy,No,5.2,Afternoon,Provided,Synthetic development data,60.0,47,43,10,79.73666666666666,4,1.0,0,0,0,0,Medium
24-10-2025,Friday,5,14:30,15:30,Python Programming,IT11,AAB_SP,1,MCA,B,403,102,69,67.65,69.61,1.0,Theory,No,No,No,Sunny,No,7.1,Afternoon,Provided,Synthetic development data,60.0,47,43,10,75.16333333333334,5,1.0,0,0,0,0,Medium
25-10-2025,Saturday,1,11:15,12:15,Mini Project,ITP11,JSP_Visiting,1,MCA,B,403,102,65,63.73,67.65,20.75,Project,No,No,No,Cloudy,No,3.6,Morning,Provided,Synthetic development data,60.0,48,43,10,70.91666666666667,1,2.0,0,0,0,0,Medium
27-10-2025,Monday,1,9:15,10:15,Mini Project,ITP11,JSP_Visiting,1,MCA,B,403,102,71,69.61,63.73,46.0,Project,No,No,No,Sunny,Yes,5.1,Morning,Provided,Synthetic development data,60.0,50,44,10,66.99666666666666,1,4.0,0,0,0,1,Medium
27-10-2025,Monday,2,10:15,11:15,Advanced DBMS,IT13,MST_DPY,1,MCA,B,403,102,69,67.65,69.61,1.0,Theory,No,No,No,Rainy,No,5.9,Morning,Provided,Synthetic development data,60.0,50,44,10,66.99666666666667,2,4.0,0,0,0,0,Medium
27-10-2025,Monday,3,11:15,12:15,Python Programming,IT11,AAB_SP,1,MCA,B,403,102,80,78.43,67.65,1.0,Theory,No,No,No,Cloudy,No,6.2,Morning,Provided,Synthetic development data,60.0,50,44,10,66.99666666666667,3,4.0,0,0,0,0,High
27-10-2025,Monday,4,13:30,14:30,"Practical based on Python Programming, Data Structure and Algorithms and Advanced DBMS",ITL11,AAB_SP_ASP_RSZ_MST_DPY,1,MCA,B,401/402,102,82,80.39,78.43,2.25,Practical,No,No,No,Sunny,No,4.3,Afternoon,Provided,Synthetic development data,60.0,50,44,10,71.89666666666668,4,4.0,0,0,0,0,High
27-10-2025,Monday,5,14:30,15:30,Organizational Behavior,IT15,MPS_KSD,1,MCA,B,403,102,73,71.57,80.39,1.0,Theory,No,No,No,Sunny,No,4.5,Afternoon,Provided,Synthetic development data,60.0,50,44,10,75.49000000000001,5,4.0,0,0,0,0,Medium
28-10-2025,Tuesday,1,9:15,10:15,Mini Project,ITP11,JSP_Visiting,1,MCA,B,403,102,72,70.59,71.57,18.75,Project,No,No,No,Sunny,No,13.7,Morning,Provided,Synthetic development data,60.0,51,44,10,76.79666666666667,1,5.0,0,0,0,0,Medium
28-10-2025,Tuesday,2,10:15,11:15,Organizational Behavior,IT15,MPS_KSD,1,MCA,B,403,102,82,80.39,70.59,1.0,Theory,No,No,No,Rainy,No,12.2,Morning,Provided,Synthetic development data,60.0,51,44,10,74.18333333333334,2,5.0,0,0,0,0,High
28-10-2025,Tuesday,3,11:15,12:15,Advanced DBMS,IT13,MST_DPY,1,MCA,B,403,102,81,79.41,80.39,1.0,Theory,No,No,No,Sunny,No,6.5,Morning,Provided,Synthetic development data,60.0,51,44,10,74.18333333333334,3,5.0,0,0,0,0,High
28-10-2025,Tuesday,4,13:30,14:30,"Practical based on Python Programming, Data Structure and Algorithms and Advanced DBMS",ITL11,AAB_SP_ASP_RSZ_MST_DPY,1,MCA,B,401/402,102,85,83.33,79.41,2.25,Practical,No,No,No,Sunny,Yes,14.3,Afternoon,Provided,Synthetic development data,60.0,51,44,10,76.79666666666667,4,5.0,0,0,0,1,High
28-10-2025,Tuesday,5,14:30,15:30,Advanced DBMS,IT13,MST_DPY,1,MCA,B,403,102,68,66.67,83.33,1.0,Theory,No,No,No,Sunny,No,5.1,Afternoon,Provided,Synthetic development data,60.0,51,44,10,81.04333333333334,5,5.0,0,0,0,0,Medium
29-10-2025,Wednesday,1,9:15,10:15,Mini Project,ITP11,JSP_Visiting,1,MCA,B,403,102,69,67.65,66.67,18.75,Project,No,No,No,Sunny,No,7.3,Morning,Provided,Synthetic development data,60.0,52,44,10,76.47,1,6.0,0,0,0,0,Medium
29-10-2025,Wednesday,2,10:15,11:15,Network Technologies and Infrastructure Management,IT14,MLK,1,MCA,B,403,102,74,72.55,67.65,1.0,Theory,No,No,No,Rainy,No,12.6,Morning,Provided,Synthetic development data,60.0,52,44,10,72.55,2,6.0,0,0,0,0,Medium
29-10-2025,Wednesday,3,11:15,12:15,Data Structure and Algorithms,IT12,ASP_RSZ,1,MCA,B,403,102,84,82.35,72.55,1.0,Theory,No,No,No,Sunny,No,7.8,Morning,Provided,Synthetic development data,60.0,52,44,10,68.95666666666666,3,6.0,0,0,0,0,High
29-10-2025,Wednesday,4,13:30,14:30,Python Programming,IT11,AAB_SP,1,MCA,B,403,102,73,71.57,82.35,2.25,Theory,Yes,No,No,Rainy,No,5.1,Afternoon,Provided,Synthetic development data,60.0,52,44,10,74.18333333333334,4,6.0,1,0,0,0,Medium
29-10-2025,Wednesday,5,14:30,15:30,Network Technologies and Infrastructure Management,IT14,MLK,1,MCA,B,403,102,68,66.67,71.57,1.0,Theory,No,No,No,Rainy,No,6.8,Afternoon,Provided,Synthetic development data,60.0,52,44,10,75.49,5,6.0,0,0,0,0,Medium
30-10-2025,Thursday,1,9:15,10:15,Network Technologies and Infrastructure Management,IT14,MLK,1,MCA,B,403,102,67,65.69,66.67,18.75,Theory,No,No,No,Rainy,No,8.5,Morning,Provided,Synthetic development data,60.0,53,44,10,73.52999999999999,1,7.0,0,0,0,0,Medium
30-10-2025,Thursday,2,10:15,11:15,Data Structure and Algorithms,IT12,ASP_RSZ,1,MCA,B,403,102,77,75.49,65.69,1.0,Theory,No,No,No,Rainy,No,10.1,Morning,Provided,Synthetic development data,60.0,53,44,10,67.97666666666667,2,7.0,0,0,0,0,High
30-10-2025,Thursday,3,11:15,12:15,Organizational Behavior,IT15,MPS_KSD,1,MCA,B,403,102,83,81.37,75.49,1.0,Theory,No,No,No,Rainy,No,7.3,Morning,Provided,Synthetic development data,60.0,53,44,10,69.28333333333335,3,7.0,0,0,0,0,High
30-10-2025,Thursday,4,13:30,14:30,Advanced DBMS,IT13,MST_DPY,1,MCA,B,403,102,76,74.51,81.37,2.25,Theory,Yes,No,No,Cloudy,No,7.6,Afternoon,Provided,Synthetic development data,60.0,53,44,10,74.18333333333334,4,7.0,1,0,0,0,Medium
30-10-2025,Thursday,5,14:30,15:30,Data Structure and Algorithms,IT12,ASP_RSZ,1,MCA,B,403,102,76,74.51,74.51,1.0,Theory,No,No,No,Cloudy,No,5.4,Afternoon,Provided,Synthetic development data,60.0,53,44,10,77.12333333333333,5,7.0,0,0,0,0,Medium
31-10-2025,Friday,1,9:15,10:15,Organizational Behavior,IT15,MPS_KSD,1,MCA,B,403,102,76,74.51,74.51,18.75,Theory,No,No,No,Cloudy,No,9.0,Morning,Provided,Synthetic development data,60.0,54,44,10,76.79666666666667,1,8.0,0,0,0,0,Medium
31-10-2025,Friday,2,10:15,11:15,Python Programming,IT11,AAB_SP,1,MCA,B,403,102,74,72.55,74.51,1.0,Theory,No,No,No,Cloudy,No,4.9,Morning,Provided,Synthetic development data,60.0,54,44,10,74.51,2,8.0,0,0,0,0,Medium
31-10-2025,Friday,3,11:15,12:15,Advanced DBMS,IT13,MST_DPY,1,MCA,B,403,102,70,68.63,72.55,1.0,Theory,No,No,No,Sunny,No,13.3,Morning,Provided,Synthetic development data,60.0,54,44,10,73.85666666666667,3,8.0,0,0,0,0,Medium
31-10-2025,Friday,4,13:30,14:30,Data Structure and Algorithms,IT12,ASP_RSZ,1,MCA,B,403,102,61,59.8,68.63,2.25,Theory,No,No,No,Rainy,Yes,11.7,Afternoon,Provided,Synthetic development data,60.0,54,44,10,71.89666666666666,4,8.0,0,0,0,1,Medium
31-10-2025,Friday,5,14:30,15:30,Python Programming,IT11,AAB_SP,1,MCA,B,403,102,71,69.61,59.8,1.0,Theory,No,No,No,Rainy,No,7.3,Afternoon,Provided,Synthetic development data,60.0,54,44,10,66.99333333333333,5,8.0,0,0,0,0,Medium
01-11-2025,Saturday,1,11:15,12:15,Mini Project,ITP11,JSP_Visiting,1,MCA,B,403,102,69,67.65,69.61,20.75,Project,No,Yes,No,Cloudy,No,11.7,Morning,Provided,Synthetic development data,60.0,55,44,11,66.01333333333334,1,9.0,0,1,0,0,Medium
03-11-2025,Monday,1,9:15,10:15,Mini Project,ITP11,JSP_Visiting,1,MCA,B,403,102,76,74.51,67.65,46.0,Project,No,No,No,Rainy,No,2.1,Morning,Provided,Synthetic development data,60.0,57,45,11,65.68666666666667,1,11.0,0,0,0,0,Medium
03-11-2025,Monday,2,10:15,11:15,Advanced DBMS,IT13,MST_DPY,1,MCA,B,403,102,67,65.69,74.51,1.0,Theory,Yes,No,No,Sunny,No,6.5,Morning,Provided,Synthetic development data,60.0,57,45,11,70.59,2,11.0,1,0,0,0,Medium
03-11-2025,Monday,3,11:15,12:15,Python Programming,IT11,AAB_SP,1,MCA,B,403,102,88,86.27,65.69,1.0,Theory,No,No,No,Sunny,No,7.7,Morning,Provided,Synthetic development data,60.0,57,45,11,69.28333333333335,3,11.0,0,0,0,0,High
03-11-2025,Monday,4,13:30,14:30,"Practical based on Python Programming, Data Structure and Algorithms and Advanced DBMS",ITL11,AAB_SP_ASP_RSZ_MST_DPY,1,MCA,B,401/402,102,87,85.29,86.27,2.25,Practical,Yes,No,No,Rainy,No,8.1,Afternoon,Provided,Synthetic development data,60.0,57,45,11,75.49,4,11.0,1,0,0,0,High
03-11-2025,Monday,5,14:30,15:30,Organizational Behavior,IT15,MPS_KSD,1,MCA,B,403,102,73,71.57,85.29,1.0,Theory,No,No,No,Sunny,No,11.7,Afternoon,Provided,Synthetic development data,60.0,57,45,11,79.08333333333333,5,11.0,0,0,0,0,Medium
04-11-2025,Tuesday,1,9:15,10:15,Mini Project,ITP11,JSP_Visiting,1,MCA,B,403,102,64,62.75,71.57,18.75,Project,No,Yes,Yes,Sunny,No,14.5,Morning,Provided,Synthetic development data,60.0,58,45,11,81.04333333333334,1,12.0,0,1,1,0,Medium
04-11-2025,Tuesday,2,10:15,11:15,Organizational Behavior,IT15,MPS_KSD,1,MCA,B,403,102,74,72.55,62.75,1.0,Theory,No,Yes,Yes,Cloudy,No,6.9,Morning,Provided,Synthetic development data,60.0,58,45,11,73.20333333333333,2,12.0,0,1,1,0,Medium
04-11-2025,Tuesday,3,11:15,12:15,Advanced DBMS,IT13,MST_DPY,1,MCA,B,403,102,68,66.67,72.55,1.0,Theory,No,No,Yes,Cloudy,No,6.6,Morning,Provided,Synthetic development data,60.0,58,45,11,68.95666666666666,3,12.0,0,0,1,0,Medium
04-11-2025,Tuesday,4,13:30,14:30,"Practical based on Python Programming, Data Structure and Algorithms and Advanced DBMS",ITL11,AAB_SP_ASP_RSZ_MST_DPY,1,MCA,B,401/402,102,72,70.59,66.67,2.25,Practical,No,No,Yes,Sunny,No,9.9,Afternoon,Provided,Synthetic development data,60.0,58,45,11,67.32333333333334,4,12.0,0,0,1,0,Medium
04-11-2025,Tuesday,5,14:30,15:30,Advanced DBMS,IT13,MST_DPY,1,MCA,B,403,102,65,63.73,70.59,1.0,Theory,No,No,Yes,Cloudy,No,5.7,Afternoon,Provided,Synthetic development data,60.0,58,45,11,69.93666666666667,5,12.0,0,0,1,0,Medium
06-11-2025,Thursday,1,9:15,10:15,Network Technologies and Infrastructure Management,IT14,MLK,1,MCA,B,403,102,60,58.82,63.73,42.75,Theory,No,No,Yes,Rainy,No,3.8,Morning,Provided,Synthetic development data,60.0,60,45,11,66.99666666666666,1,2.0,0,0,1,0,Medium
06-11-2025,Thursday,2,10:15,11:15,Data Structure and Algorithms,IT12,ASP_RSZ,1,MCA,B,403,102,63,61.76,58.82,1.0,Theory,No,No,Yes,Sunny,No,14.5,Morning,Provided,Synthetic development data,60.0,60,45,11,64.38,2,2.0,0,0,1,0,Medium
06-11-2025,Thursday,3,11:15,12:15,Organizational Behavior,IT15,MPS_KSD,1,MCA,B,403,102,81,79.41,61.76,1.0,Theory,No,No,Yes,Rainy,No,12.5,Morning,Provided,Synthetic development data,60.0,60,45,11,61.43666666666667,3,2.0,0,0,1,0,High
06-11-2025,Thursday,4,13:30,14:30,Advanced DBMS,IT13,MST_DPY,1,MCA,B,403,102,64,62.75,79.41,2.25,Theory,No,Yes,Yes,Rainy,No,14.5,Afternoon,Provided,Synthetic development data,60.0,60,45,11,66.66333333333334,4,2.0,0,1,1,0,Medium
06-11-2025,Thursday,5,14:30,15:30,Data Structure and Algorithms,IT12,ASP_RSZ,1,MCA,B,403,102,61,59.8,62.75,1.0,Theory,No,No,Yes,Cloudy,No,4.8,Afternoon,Provided,Synthetic development data,60.0,60,45,11,67.97333333333334,5,2.0,0,0,1,0,Medium
07-11-2025,Friday,1,9:15,10:15,Organizational Behavior,IT15,MPS_KSD,1,MCA,B,403,102,90,88.24,59.8,18.75,Theory,No,No,No,Sunny,No,2.2,Morning,Provided,Synthetic development data,60.0,61,45,11,67.32,1,1.0,0,0,0,0,High
07-11-2025,Friday,2,10:15,11:15,Python Programming,IT11,AAB_SP,1,MCA,B,403,102,77,75.49,88.24,1.0,Theory,No,No,No,Rainy,No,7.7,Morning,Provided,Synthetic development data,60.0,61,45,11,70.26333333333334,2,1.0,0,0,0,0,High
07-11-2025,Friday,3,11:15,12:15,Advanced DBMS,IT13,MST_DPY,1,MCA,B,403,102,78,76.47,75.49,1.0,Theory,No,No,No,Rainy,No,14.1,Morning,Provided,Synthetic development data,60.0,61,45,11,74.50999999999999,3,1.0,0,0,0,0,High
07-11-2025,Friday,4,13:30,14:30,Data Structure and Algorithms,IT12,ASP_RSZ,1,MCA,B,403,102,75,73.53,76.47,2.25,Theory,No,No,No,Sunny,No,3.8,Afternoon,Provided,Synthetic development data,60.0,61,45,11,80.06666666666666,4,1.0,0,0,0,0,Medium
07-11-2025,Friday,5,14:30,15:30,Python Programming,IT11,AAB_SP,1,MCA,B,403,102,80,78.43,73.53,1.0,Theory,No,No,No,Cloudy,No,3.5,Afternoon,Provided,Synthetic development data,60.0,61,45,11,75.16333333333334,5,1.0,0,0,0,0,High
08-11-2025,Saturday,1,11:15,12:15,Mini Project,ITP11,JSP_Visiting,1,MCA,B,403,102,72,70.59,78.43,20.75,Project,No,Yes,No,Rainy,No,2.9,Morning,Provided,Synthetic development data,60.0,62,45,11,76.14333333333333,1,2.0,0,1,0,0,Medium
10-11-2025,Monday,1,9:15,10:15,Mini Project,ITP11,JSP_Visiting,1,MCA,B,403,102,77,75.49,70.59,46.0,Project,No,No,No,Rainy,No,11.9,Morning,Provided,Synthetic development data,60.0,64,46,11,74.18333333333334,1,4.0,0,0,0,0,High
10-11-2025,Monday,2,10:15,11:15,Advanced DBMS,IT13,MST_DPY,1,MCA,B,403,102,81,79.41,75.49,1.0,Theory,No,No,No,Cloudy,No,12.2,Morning,Provided,Synthetic development data,60.0,64,46,11,74.83666666666666,2,4.0,0,0,0,0,High
10-11-2025,Monday,3,11:15,12:15,Python Programming,IT11,AAB_SP,1,MCA,B,403,102,79,77.45,79.41,1.0,Theory,No,No,No,Rainy,No,11.0,Morning,Provided,Synthetic development data,60.0,64,46,11,75.16333333333333,3,4.0,0,0,0,0,High
10-11-2025,Monday,4,13:30,14:30,"Practical based on Python Programming, Data Structure and Algorithms and Advanced DBMS",ITL11,AAB_SP_ASP_RSZ_MST_DPY,1,MCA,B,401/402,102,89,87.25,77.45,2.25,Practical,No,Yes,No,Cloudy,No,2.7,Afternoon,Provided,Synthetic development data,60.0,64,46,11,77.44999999999999,4,4.0,0,1,0,0,High
10-11-2025,Monday,5,14:30,15:30,Organizational Behavior,IT15,MPS_KSD,1,MCA,B,403,102,68,66.67,87.25,1.0,Theory,No,No,No,Cloudy,No,11.4,Afternoon,Provided,Synthetic development data,60.0,64,46,11,81.37,5,4.0,0,0,0,0,Medium
11-11-2025,Tuesday,1,9:15,10:15,Mini Project,ITP11,JSP_Visiting,1,MCA,B,403,102,73,71.57,66.67,18.75,Project,No,No,No,Sunny,No,7.8,Morning,Provided,Synthetic development data,60.0,65,46,11,77.12333333333333,1,5.0,0,0,0,0,Medium
11-11-2025,Tuesday,2,10:15,11:15,Organizational Behavior,IT15,MPS_KSD,1,MCA,B,403,102,74,72.55,71.57,1.0,Theory,No,No,No,Sunny,No,4.1,Morning,Provided,Synthetic development data,60.0,65,46,11,75.16333333333334,2,5.0,0,0,0,0,Medium
11-11-2025,Tuesday,3,11:15,12:15,Advanced DBMS,IT13,MST_DPY,1,MCA,B,403,102,77,75.49,72.55,1.0,Theory,No,No,No,Cloudy,No,5.8,Morning,Provided,Synthetic development data,60.0,65,46,11,70.26333333333334,3,5.0,0,0,0,0,High
11-11-2025,Tuesday,4,13:30,14:30,"Practical based on Python Programming, Data Structure and Algorithms and Advanced DBMS",ITL11,AAB_SP_ASP_RSZ_MST_DPY,1,MCA,B,401/402,102,82,80.39,75.49,2.25,Practical,No,No,No,Sunny,No,8.5,Afternoon,Provided,Synthetic development data,60.0,65,46,11,73.20333333333333,4,5.0,0,0,0,0,High
11-11-2025,Tuesday,5,14:30,15:30,Advanced DBMS,IT13,MST_DPY,1,MCA,B,403,102,64,62.75,80.39,1.0,Theory,No,No,No,Rainy,No,6.3,Afternoon,Provided,Synthetic development data,60.0,65,46,11,76.14333333333333,5,5.0,0,0,0,0,Medium
12-11-2025,Wednesday,1,9:15,10:15,Mini Project,ITP11,JSP_Visiting,1,MCA,B,403,102,76,74.51,62.75,18.75,Project,No,Yes,No,Rainy,No,14.6,Morning,Provided,Synthetic development data,60.0,66,46,11,72.87666666666667,1,6.0,0,1,0,0,Medium
12-11-2025,Wednesday,2,10:15,11:15,Network Technologies and Infrastructure Management,IT14,MLK,1,MCA,B,403,102,69,67.65,74.51,1.0,Theory,No,No,No,Cloudy,No,8.2,Morning,Provided,Synthetic development data,60.0,66,46,11,72.55,2,6.0,0,0,0,0,Medium
12-11-2025,Wednesday,3,11:15,12:15,Data Structure and Algorithms,IT12,ASP_RSZ,1,MCA,B,403,102,72,70.59,67.65,1.0,Theory,No,No,No,Rainy,No,6.8,Morning,Provided,Synthetic development data,60.0,66,46,11,68.30333333333333,3,6.0,0,0,0,0,Medium
12-11-2025,Wednesday,4,13:30,14:30,Python Programming,IT11,AAB_SP,1,MCA,B,403,102,73,71.57,70.59,2.25,Theory,No,No,No,Sunny,No,10.8,Afternoon,Provided,Synthetic development data,60.0,66,46,11,70.91666666666667,4,6.0,0,0,0,0,Medium
12-11-2025,Wednesday,5,14:30,15:30,Network Technologies and Infrastructure Management,IT14,MLK,1,MCA,B,403,102,61,59.8,71.57,1.0,Theory,No,No,No,Sunny,No,10.5,Afternoon,Provided,Synthetic development data,60.0,66,46,11,69.93666666666667,5,6.0,0,0,0,0,Medium
13-11-2025,Thursday,1,9:15,10:15,Network Technologies and Infrastructure Management,IT14,MLK,1,MCA,B,403,102,72,70.59,59.8,18.75,Theory,No,No,No,Cloudy,No,2.0,Morning,Provided,Synthetic development data,60.0,67,46,11,67.32,1,7.0,0,0,0,0,Medium
13-11-2025,Thursday,2,10:15,11:15,Data Structure and Algorithms,IT12,ASP_RSZ,1,MCA,B,403,102,76,74.51,70.59,1.0,Theory,No,No,No,Rainy,No,10.0,Morning,Provided,Synthetic development data,60.0,67,46,11,67.32,2,7.0,0,0,0,0,Medium
13-11-2025,Thursday,3,11:15,12:15,Organizational Behavior,IT15,MPS_KSD,1,MCA,B,403,102,79,77.45,74.51,1.0,Theory,No,No,No,Rainy,No,5.2,Morning,Provided,Synthetic development data,60.0,67,46,11,68.3,3,7.0,0,0,0,0,High
13-11-2025,Thursday,4,13:30,14:30,Advanced DBMS,IT13,MST_DPY,1,MCA,B,403,102,71,69.61,77.45,2.25,Theory,No,No,No,Sunny,No,6.9,Afternoon,Provided,Synthetic development data,60.0,67,46,11,74.18333333333334,4,7.0,0,0,0,0,Medium
13-11-2025,Thursday,5,14:30,15:30,Data Structure and Algorithms,IT12,ASP_RSZ,1,MCA,B,403,102,75,73.53,69.61,1.0,Theory,No,Yes,No,Cloudy,No,11.2,Afternoon,Provided,Synthetic development data,60.0,67,46,11,73.85666666666667,5,7.0,0,1,0,0,Medium
14-11-2025,Friday,1,9:15,10:15,Organizational Behavior,IT15,MPS_KSD,1,MCA,B,403,102,88,86.27,73.53,18.75,Theory,Yes,No,No,Cloudy,No,9.2,Morning,Provided,Synthetic development data,60.0,68,46,11,73.53,1,8.0,1,0,0,0,High
14-11-2025,Friday,2,10:15,11:15,Python Programming,IT11,AAB_SP,1,MCA,B,403,102,87,85.29,86.27,1.0,Theory,No,Yes,No,Sunny,No,6.8,Morning,Provided,Synthetic development data,60.0,68,46,11,76.46999999999998,2,8.0,0,1,0,0,High
14-11-2025,Friday,3,11:15,12:15,Advanced DBMS,IT13,MST_DPY,1,MCA,B,403,102,72,70.59,85.29,1.0,Theory,No,No,No,Rainy,No,4.2,Morning,Provided,Synthetic development data,60.0,68,46,11,81.69666666666667,3,8.0,0,0,0,0,Medium
14-11-2025,Friday,4,13:30,14:30,Data Structure and Algorithms,IT12,ASP_RSZ,1,MCA,B,403,102,74,72.55,70.59,2.25,Theory,No,No,No,Sunny,No,8.6,Afternoon,Provided,Synthetic development data,60.0,68,46,11,80.71666666666667,4,8.0,0,0,0,0,Medium
14-11-2025,Friday,5,14:30,15:30,Python Programming,IT11,AAB_SP,1,MCA,B,403,102,75,73.53,72.55,1.0,Theory,Yes,No,No,Rainy,No,6.2,Afternoon,Provided,Synthetic development data,60.0,68,46,11,76.14333333333333,5,8.0,1,0,0,0,Medium
15-11-2025,Saturday,1,11:15,12:15,Mini Project,ITP11,JSP_Visiting,1,MCA,B,403,102,74,72.55,73.53,20.75,Project,No,Yes,No,Cloudy,No,13.9,Morning,Provided,Synthetic development data,60.0,69,46,11,72.22333333333334,1,9.0,0,1,0,0,Medium
17-11-2025,Monday,1,9:15,10:15,Mini Project,ITP11,JSP_Visiting,1,MCA,B,403,102,66,64.71,72.55,46.0,Project,No,No,No,Sunny,No,8.9,Morning,Provided,Synthetic development data,60.0,71,47,11,72.87666666666667,1,11.0,0,0,0,0,Medium
17-11-2025,Monday,2,10:15,11:15,Advanced DBMS,IT13,MST_DPY,1,MCA,B,403,102,70,68.63,64.71,1.0,Theory,No,No,No,Sunny,No,13.3,Morning,Provided,Synthetic development data,60.0,71,47,11,70.26333333333332,2,11.0,0,0,0,0,Medium
17-11-2025,Monday,3,11:15,12:15,Python Programming,IT11,AAB_SP,1,MCA,B,403,102,73,71.57,68.63,1.0,Theory,No,No,No,Sunny,No,7.1,Morning,Provided,Synthetic development data,60.0,71,47,11,68.63,3,11.0,0,0,0,0,Medium
17-11-2025,Monday,4,13:30,14:30,"Practical based on Python Programming, Data Structure and Algorithms and Advanced DBMS",ITL11,AAB_SP_ASP_RSZ_MST_DPY,1,MCA,B,401/402,102,89,87.25,71.57,2.25,Practical,Yes,No,No,Cloudy,No,12.8,Afternoon,Provided,Synthetic development data,60.0,71,47,11,68.30333333333333,4,11.0,1,0,0,0,High
17-11-2025,Monday,5,14:30,15:30,Organizational Behavior,IT15,MPS_KSD,1,MCA,B,403,102,80,78.43,87.25,1.0,Theory,No,Yes,No,Sunny,No,2.7,Afternoon,Provided,Synthetic development data,60.0,71,47,11,75.81666666666666,5,11.0,0,1,0,0,High
18-11-2025,Tuesday,1,9:15,10:15,Mini Project,ITP11,JSP_Visiting,1,MCA,B,403,102,76,74.51,78.43,18.75,Project,No,No,No,Rainy,No,5.9,Morning,Provided,Synthetic development data,60.0,72,47,11,79.08333333333333,1,12.0,0,0,0,0,Medium
18-11-2025,Tuesday,2,10:15,11:15,Organizational Behavior,IT15,MPS_KSD,1,MCA,B,403,102,75,73.53,74.51,1.0,Theory,No,No,No,Sunny,No,3.0,Morning,Provided,Synthetic development data,60.0,72,47,11,80.06333333333335,2,12.0,0,0,0,0,Medium
18-11-2025,Tuesday,3,11:15,12:15,Advanced DBMS,IT13,MST_DPY,1,MCA,B,403,102,72,70.59,73.53,1.0,Theory,No,No,No,Cloudy,No,2.4,Morning,Provided,Synthetic development data,60.0,72,47,11,75.49,3,12.0,0,0,0,0,Medium
18-11-2025,Tuesday,4,13:30,14:30,"Practical based on Python Programming, Data Structure and Algorithms and Advanced DBMS",ITL11,AAB_SP_ASP_RSZ_MST_DPY,1,MCA,B,401/402,102,76,74.51,70.59,2.25,Practical,No,No,No,Sunny,No,13.9,Afternoon,Provided,Synthetic development data,60.0,72,47,11,72.87666666666668,4,12.0,0,0,0,0,Medium
18-11-2025,Tuesday,5,14:30,15:30,Advanced DBMS,IT13,MST_DPY,1,MCA,B,403,102,61,59.8,74.51,1.0,Theory,No,No,No,Rainy,No,11.3,Afternoon,Provided,Synthetic development data,60.0,72,47,11,72.87666666666667,5,12.0,0,0,0,0,Medium
19-11-2025,Wednesday,1,9:15,10:15,Mini Project,ITP11,JSP_Visiting,1,MCA,B,403,102,71,69.61,59.8,18.75,Project,No,No,No,Sunny,No,10.1,Morning,Provided,Synthetic development data,60.0,73,47,11,68.3,1,13.0,0,0,0,0,Medium
19-11-2025,Wednesday,2,10:15,11:15,Network Technologies and Infrastructure Management,IT14,MLK,1,MCA,B,403,102,68,66.67,69.61,1.0,Theory,No,Yes,No,Cloudy,No,8.9,Morning,Provided,Synthetic development data,60.0,73,47,11,67.97333333333334,2,13.0,0,1,0,0,Medium
19-11-2025,Wednesday,3,11:15,12:15,Data Structure and Algorithms,IT12,ASP_RSZ,1,MCA,B,403,102,72,70.59,66.67,1.0,Theory,No,No,No,Cloudy,No,9.4,Morning,Provided,Synthetic development data,60.0,73,47,11,65.36,3,13.0,0,0,0,0,Medium
19-11-2025,Wednesday,4,13:30,14:30,Python Programming,IT11,AAB_SP,1,MCA,B,403,102,74,72.55,70.59,2.25,Theory,No,No,No,Cloudy,Yes,10.3,Afternoon,Provided,Synthetic development data,60.0,73,47,11,68.95666666666666,4,13.0,0,0,0,1,Medium
19-11-2025,Wednesday,5,14:30,15:30,Network Technologies and Infrastructure Management,IT14,MLK,1,MCA,B,403,102,62,60.78,72.55,1.0,Theory,No,Yes,No,Sunny,No,12.7,Afternoon,Provided,Synthetic development data,60.0,73,47,11,69.93666666666667,5,13.0,0,1,0,0,Medium
20-11-2025,Thursday,1,9:15,10:15,Network Technologies and Infrastructure Management,IT14,MLK,1,MCA,B,403,102,75,73.53,60.78,18.75,Theory,No,Yes,No,Cloudy,No,9.8,Morning,Provided,Synthetic development data,60.0,74,47,11,67.97333333333334,1,14.0,0,1,0,0,Medium
20-11-2025,Thursday,2,10:15,11:15,Data Structure and Algorithms,IT12,ASP_RSZ,1,MCA,B,403,102,79,77.45,73.53,1.0,Theory,No,No,No,Cloudy,No,11.7,Morning,Provided,Synthetic development data,60.0,74,47,11,68.95333333333333,2,14.0,0,0,0,0,High
20-11-2025,Thursday,3,11:15,12:15,Organizational Behavior,IT15,MPS_KSD,1,MCA,B,403,102,76,74.51,77.45,1.0,Theory,No,No,No,Sunny,No,5.7,Morning,Provided,Synthetic development data,60.0,74,47,11,70.58666666666666,3,14.0,0,0,0,0,Medium
20-11-2025,Thursday,4,13:30,14:30,Advanced DBMS,IT13,MST_DPY,1,MCA,B,403,102,69,67.65,74.51,2.25,Theory,No,No,No,Cloudy,No,14.7,Afternoon,Provided,Synthetic development data,60.0,74,47,11,75.16333333333334,4,14.0,0,0,0,0,Medium
20-11-2025,Thursday,5,14:30,15:30,Data Structure and Algorithms,IT12,ASP_RSZ,1,MCA,B,403,102,75,73.53,67.65,1.0,Theory,No,No,No,Cloudy,No,2.4,Afternoon,Provided,Synthetic development data,60.0,74,47,11,73.20333333333333,5,14.0,0,0,0,0,Medium
21-11-2025,Friday,1,9:15,10:15,Organizational Behavior,IT15,MPS_KSD,1,MCA,B,403,102,71,69.61,73.53,18.75,Theory,No,No,No,Cloudy,Yes,7.0,Morning,Provided,Synthetic development data,60.0,75,47,11,71.89666666666666,1,15.0,0,0,0,1,Medium
21-11-2025,Friday,2,10:15,11:15,Python Programming,IT11,AAB_SP,1,MCA,B,403,102,70,68.63,69.61,1.0,Theory,No,No,No,Sunny,No,13.5,Morning,Provided,Synthetic development data,60.0,75,47,11,70.26333333333334,2,15.0,0,0,0,0,Medium
21-11-2025,Friday,3,11:15,12:15,Advanced DBMS,IT13,MST_DPY,1,MCA,B,403,102,74,72.55,68.63,1.0,Theory,No,No,No,Sunny,No,4.3,Morning,Provided,Synthetic development data,60.0,75,47,11,70.58999999999999,3,15.0,0,0,0,0,Medium
21-11-2025,Friday,4,13:30,14:30,Data Structure and Algorithms,IT12,ASP_RSZ,1,MCA,B,403,102,73,71.57,72.55,2.25,Theory,No,No,No,Cloudy,No,3.8,Afternoon,Provided,Synthetic development data,60.0,75,47,11,70.26333333333334,4,15.0,0,0,0,0,Medium
21-11-2025,Friday,5,14:30,15:30,Python Programming,IT11,AAB_SP,1,MCA,B,403,102,69,67.65,71.57,1.0,Theory,No,No,No,Sunny,No,6.8,Afternoon,Provided,Synthetic development data,60.0,75,47,11,70.91666666666667,5,15.0,0,0,0,0,Medium
22-11-2025,Saturday,1,11:15,12:15,Mini Project,ITP11,JSP_Visiting,1,MCA,B,403,102,60,58.82,67.65,20.75,Project,No,No,No,Cloudy,No,7.6,Morning,Provided,Synthetic development data,60.0,76,47,11,70.58999999999999,1,16.0,0,0,0,0,Medium
24-11-2025,Monday,1,9:15,10:15,Mini Project,ITP11,JSP_Visiting,1,MCA,B,403,102,71,69.61,58.82,46.0,Project,No,No,No,Rainy,No,14.1,Morning,Provided,Synthetic development data,60.0,78,48,11,66.01333333333334,1,18.0,0,0,0,0,Medium
24-11-2025,Monday,2,10:15,11:15,Advanced DBMS,IT13,MST_DPY,1,MCA,B,403,102,79,77.45,69.61,1.0,Theory,No,No,No,Cloudy,No,12.9,Morning,Provided,Synthetic development data,60.0,78,48,11,65.36,2,18.0,0,0,0,0,High
24-11-2025,Monday,3,11:15,12:15,Python Programming,IT11,AAB_SP,1,MCA,B,403,102,76,74.51,77.45,1.0,Theory,No,No,No,Cloudy,No,8.0,Morning,Provided,Synthetic development data,60.0,78,48,11,68.62666666666667,3,18.0,0,0,0,0,Medium
24-11-2025,Monday,4,13:30,14:30,"Practical based on Python Programming, Data Structure and Algorithms and Advanced DBMS",ITL11,AAB_SP_ASP_RSZ_MST_DPY,1,MCA,B,401/402,102,85,83.33,74.51,2.25,Practical,No,No,No,Rainy,No,14.6,Afternoon,Provided,Synthetic development data,60.0,78,48,11,73.85666666666667,4,18.0,0,0,0,0,High
24-11-2025,Monday,5,14:30,15:30,Organizational Behavior,IT15,MPS_KSD,1,MCA,B,403,102,70,68.63,83.33,1.0,Theory,No,No,No,Rainy,No,10.3,Afternoon,Provided,Synthetic development data,60.0,78,48,11,78.42999999999999,5,18.0,0,0,0,0,Medium
25-11-2025,Tuesday,1,9:15,10:15,Mini Project,ITP11,JSP_Visiting,1,MCA,B,403,102,72,70.59,68.63,18.75,Project,No,No,No,Sunny,No,13.4,Morning,Provided,Synthetic development data,60.0,79,48,11,75.49,1,19.0,0,0,0,0,Medium
25-11-2025,Tuesday,2,10:15,11:15,Organizational Behavior,IT15,MPS_KSD,1,MCA,B,403,102,82,80.39,70.59,1.0,Theory,No,Yes,No,Rainy,No,5.2,Morning,Provided,Synthetic development data,60.0,79,48,11,74.18333333333332,2,19.0,0,1,0,0,High
25-11-2025,Tuesday,3,11:15,12:15,Advanced DBMS,IT13,MST_DPY,1,MCA,B,403,102,70,68.63,80.39,1.0,Theory,No,No,No,Cloudy,No,8.4,Morning,Provided,Synthetic development data,60.0,79,48,11,73.20333333333332,3,19.0,0,0,0,0,Medium
25-11-2025,Tuesday,4,13:30,14:30,"Practical based on Python Programming, Data Structure and Algorithms and Advanced DBMS",ITL11,AAB_SP_ASP_RSZ_MST_DPY,1,MCA,B,401/402,102,81,79.41,68.63,2.25,Practical,No,No,No,Sunny,No,2.4,Afternoon,Provided,Synthetic development data,60.0,79,48,11,73.20333333333332,4,19.0,0,0,0,0,High
25-11-2025,Tuesday,5,14:30,15:30,Advanced DBMS,IT13,MST_DPY,1,MCA,B,403,102,68,66.67,79.41,1.0,Theory,No,No,No,Rainy,No,2.1,Afternoon,Provided,Synthetic development data,60.0,79,48,11,76.14333333333333,5,19.0,0,0,0,0,Medium
26-11-2025,Wednesday,1,9:15,10:15,Mini Project,ITP11,JSP_Visiting,1,MCA,B,403,102,71,69.61,66.67,18.75,Project,No,No,No,Rainy,No,11.2,Morning,Provided,Synthetic development data,60.0,80,48,11,71.57,1,20.0,0,0,0,0,Medium
26-11-2025,Wednesday,2,10:15,11:15,Network Technologies and Infrastructure Management,IT14,MLK,1,MCA,B,403,102,73,71.57,69.61,1.0,Theory,No,Yes,No,Sunny,No,3.5,Morning,Provided,Synthetic development data,60.0,80,48,11,71.89666666666666,2,20.0,0,1,0,0,Medium
26-11-2025,Wednesday,3,11:15,12:15,Data Structure and Algorithms,IT12,ASP_RSZ,1,MCA,B,403,102,74,72.55,71.57,1.0,Theory,No,No,No,Cloudy,No,9.1,Morning,Provided,Synthetic development data,60.0,80,48,11,69.28333333333332,3,20.0,0,0,0,0,Medium
26-11-2025,Wednesday,4,13:30,14:30,Python Programming,IT11,AAB_SP,1,MCA,B,403,102,75,73.53,72.55,2.25,Theory,No,No,No,Cloudy,No,11.0,Afternoon,Provided,Synthetic development data,60.0,80,48,11,71.24333333333333,4,20.0,0,0,0,0,Medium
26-11-2025,Wednesday,5,14:30,15:30,Network Technologies and Infrastructure Management,IT14,MLK,1,MCA,B,403,102,77,75.49,73.53,1.0,Theory,No,No,No,Sunny,No,2.4,Afternoon,Provided,Synthetic development data,60.0,80,48,11,72.55,5,20.0,0,0,0,0,High
27-11-2025,Thursday,1,9:15,10:15,Network Technologies and Infrastructure Management,IT14,MLK,1,MCA,B,403,102,66,64.71,75.49,18.75,Theory,No,No,No,Sunny,No,7.8,Morning,Provided,Synthetic development data,60.0,81,48,11,73.85666666666667,1,21.0,0,0,0,0,Medium
27-11-2025,Thursday,2,10:15,11:15,Data Structure and Algorithms,IT12,ASP_RSZ,1,MCA,B,403,102,67,65.69,64.71,1.0,Theory,No,No,No,Rainy,No,10.9,Morning,Provided,Synthetic development data,60.0,81,48,11,71.24333333333333,2,21.0,0,0,0,0,Medium
27-11-2025,Thursday,3,11:15,12:15,Organizational Behavior,IT15,MPS_KSD,1,MCA,B,403,102,79,77.45,65.69,1.0,Theory,No,No,No,Cloudy,No,13.6,Morning,Provided,Synthetic development data,60.0,81,48,11,68.63,3,21.0,0,0,0,0,High
27-11-2025,Thursday,4,13:30,14:30,Advanced DBMS,IT13,MST_DPY,1,MCA,B,403,102,68,66.67,77.45,2.25,Theory,No,No,No,Rainy,No,5.9,Afternoon,Provided,Synthetic development data,60.0,81,48,11,69.28333333333332,4,21.0,0,0,0,0,Medium
27-11-2025,Thursday,5,14:30,15:30,Data Structure and Algorithms,IT12,ASP_RSZ,1,MCA,B,403,102,80,78.43,66.67,1.0,Theory,No,No,No,Cloudy,No,14.7,Afternoon,Provided,Synthetic development data,60.0,81,48,11,69.93666666666667,5,21.0,0,0,0,0,High
28-11-2025,Friday,1,9:15,10:15,Organizational Behavior,IT15,MPS_KSD,1,MCA,B,403,102,85,83.33,78.43,18.75,Theory,No,No,No,Cloudy,No,13.0,Morning,Provided,Synthetic development data,60.0,82,48,11,74.18333333333334,1,22.0,0,0,0,0,High
28-11-2025,Friday,2,10:15,11:15,Python Programming,IT11,AAB_SP,1,MCA,B,403,102,71,69.61,83.33,1.0,Theory,Yes,No,No,Rainy,No,10.5,Morning,Provided,Synthetic development data,60.0,82,48,11,76.14333333333333,2,22.0,1,0,0,0,Medium
28-11-2025,Friday,3,11:15,12:15,Advanced DBMS,IT13,MST_DPY,1,MCA,B,403,102,79,77.45,69.61,1.0,Theory,No,No,No,Sunny,No,7.1,Morning,Provided,Synthetic development data,60.0,82,48,11,77.12333333333332,3,22.0,0,0,0,0,High
28-11-2025,Friday,4,13:30,14:30,Data Structure and Algorithms,IT12,ASP_RSZ,1,MCA,B,403,102,73,71.57,77.45,2.25,Theory,No,No,No,Sunny,No,11.2,Afternoon,Provided,Synthetic development data,60.0,82,48,11,76.79666666666667,4,22.0,0,0,0,0,Medium
28-11-2025,Friday,5,14:30,15:30,Python Programming,IT11,AAB_SP,1,MCA,B,403,102,71,69.61,71.57,1.0,Theory,No,No,No,Cloudy,No,12.6,Afternoon,Provided,Synthetic development data,60.0,82,48,11,72.87666666666667,5,22.0,0,0,0,0,Medium
29-11-2025,Saturday,1,11:15,12:15,Mini Project,ITP11,JSP_Visiting,1,MCA,B,403,102,80,78.43,69.61,20.75,Project,No,No,No,Cloudy,No,5.9,Morning,Provided,Synthetic development data,60.0,83,48,11,72.87666666666665,1,23.0,0,0,0,0,High
01-12-2025,Monday,1,9:15,10:15,Mini Project,ITP11,JSP_Visiting,1,MCA,B,403,102,69,67.65,78.43,46.0,Project,No,No,No,Cloudy,Yes,14.9,Morning,Provided,Synthetic development data,60.0,85,49,12,73.20333333333333,1,25.0,0,0,0,1,Medium
01-12-2025,Monday,2,10:15,11:15,Advanced DBMS,IT13,MST_DPY,1,MCA,B,403,102,74,72.55,67.65,1.0,Theory,No,No,No,Cloudy,No,13.8,Morning,Provided,Synthetic development data,60.0,85,49,12,71.89666666666666,2,25.0,0,0,0,0,Medium
01-12-2025,Monday,3,11:15,12:15,Python Programming,IT11,AAB_SP,1,MCA,B,403,102,76,74.51,72.55,1.0,Theory,No,No,No,Rainy,No,8.3,Morning,Provided,Synthetic development data,60.0,85,49,12,72.87666666666667,3,25.0,0,0,0,0,Medium
01-12-2025,Monday,4,13:30,14:30,"Practical based on Python Programming, Data Structure and Algorithms and Advanced DBMS",ITL11,AAB_SP_ASP_RSZ_MST_DPY,1,MCA,B,401/402,102,83,81.37,74.51,2.25,Practical,No,No,No,Sunny,No,11.4,Afternoon,Provided,Synthetic development data,60.0,85,49,12,71.57,4,25.0,0,0,0,0,High
01-12-2025,Monday,5,14:30,15:30,Organizational Behavior,IT15,MPS_KSD,1,MCA,B,403,102,77,75.49,81.37,1.0,Theory,No,No,No,Cloudy,No,8.8,Afternoon,Provided,Synthetic development data,60.0,85,49,12,76.14333333333333,5,25.0,0,0,0,0,High
02-12-2025,Tuesday,1,9:15,10:15,Mini Project,ITP11,JSP_Visiting,1,MCA,B,403,102,75,73.53,75.49,18.75,Project,No,No,No,Rainy,No,11.9,Morning,Provided,Synthetic development data,60.0,86,49,12,77.12333333333333,1,26.0,0,0,0,0,Medium
02-12-2025,Tuesday,2,10:15,11:15,Organizational Behavior,IT15,MPS_KSD,1,MCA,B,403,102,84,82.35,73.53,1.0,Theory,No,No,No,Cloudy,No,12.8,Morning,Provided,Synthetic development data,60.0,86,49,12,76.79666666666667,2,26.0,0,0,0,0,High
02-12-2025,Tuesday,3,11:15,12:15,Advanced DBMS,IT13,MST_DPY,1,MCA,B,403,102,69,67.65,82.35,1.0,Theory,No,No,No,Cloudy,No,2.3,Morning,Provided,Synthetic development data,60.0,86,49,12,77.12333333333333,3,26.0,0,0,0,0,Medium
02-12-2025,Tuesday,4,13:30,14:30,"Practical based on Python Programming, Data Structure and Algorithms and Advanced DBMS",ITL11,AAB_SP_ASP_RSZ_MST_DPY,1,MCA,B,401/402,102,85,83.33,67.65,2.25,Practical,No,No,No,Cloudy,No,3.0,Afternoon,Provided,Synthetic development data,60.0,86,49,12,74.50999999999999,4,26.0,0,0,0,0,High
02-12-2025,Tuesday,5,14:30,15:30,Advanced DBMS,IT13,MST_DPY,1,MCA,B,403,102,75,73.53,83.33,1.0,Theory,No,No,No,Cloudy,No,6.4,Afternoon,Provided,Synthetic development data,60.0,86,49,12,77.77666666666666,5,26.0,0,0,0,0,Medium
03-12-2025,Wednesday,1,9:15,10:15,Mini Project,ITP11,JSP_Visiting,1,MCA,B,403,102,81,79.41,73.53,18.75,Project,No,No,No,Sunny,No,13.9,Morning,Provided,Synthetic development data,60.0,87,49,12,74.83666666666666,1,27.0,0,0,0,0,High
03-12-2025,Wednesday,2,10:15,11:15,Network Technologies and Infrastructure Management,IT14,MLK,1,MCA,B,403,102,75,73.53,79.41,1.0,Theory,No,No,No,Rainy,No,7.2,Morning,Provided,Synthetic development data,60.0,87,49,12,78.75666666666666,2,27.0,0,0,0,0,Medium
03-12-2025,Wednesday,3,11:15,12:15,Data Structure and Algorithms,IT12,ASP_RSZ,1,MCA,B,403,102,76,74.51,73.53,1.0,Theory,No,No,No,Sunny,No,13.5,Morning,Provided,Synthetic development data,60.0,87,49,12,75.49,3,27.0,0,0,0,0,Medium
03-12-2025,Wednesday,4,13:30,14:30,Python Programming,IT11,AAB_SP,1,MCA,B,403,102,75,73.53,74.51,2.25,Theory,No,No,No,Cloudy,No,8.0,Afternoon,Provided,Synthetic development data,60.0,87,49,12,75.81666666666666,4,27.0,0,0,0,0,Medium
03-12-2025,Wednesday,5,14:30,15:30,Network Technologies and Infrastructure Management,IT14,MLK,1,MCA,B,403,102,61,59.8,73.53,1.0,Theory,No,No,No,Rainy,No,5.8,Afternoon,Provided,Synthetic development data,60.0,87,49,12,73.85666666666667,5,27.0,0,0,0,0,Medium
04-12-2025,Thursday,1,9:15,10:15,Network Technologies and Infrastructure Management,IT14,MLK,1,MCA,B,403,102,73,71.57,59.8,18.75,Theory,No,No,No,Sunny,No,13.7,Morning,Provided,Synthetic development data,60.0,88,49,12,69.28,1,28.0,0,0,0,0,Medium
04-12-2025,Thursday,2,10:15,11:15,Data Structure and Algorithms,IT12,ASP_RSZ,1,MCA,B,403,102,72,70.59,71.57,1.0,Theory,No,No,No,Rainy,No,9.3,Morning,Provided,Synthetic development data,60.0,88,49,12,68.3,2,28.0,0,0,0,0,Medium
04-12-2025,Thursday,3,11:15,12:15,Organizational Behavior,IT15,MPS_KSD,1,MCA,B,403,102,83,81.37,70.59,1.0,Theory,No,No,No,Cloudy,No,6.7,Morning,Provided,Synthetic development data,60.0,88,49,12,67.32,3,28.0,0,0,0,0,High
04-12-2025,Thursday,4,13:30,14:30,Advanced DBMS,IT13,MST_DPY,1,MCA,B,403,102,78,76.47,81.37,2.25,Theory,No,No,No,Sunny,No,2.6,Afternoon,Provided,Synthetic development data,60.0,88,49,12,74.50999999999999,4,28.0,0,0,0,0,High
04-12-2025,Thursday,5,14:30,15:30,Data Structure and Algorithms,IT12,ASP_RSZ,1,MCA,B,403,102,78,76.47,76.47,1.0,Theory,No,No,No,Sunny,No,3.4,Afternoon,Provided,Synthetic development data,60.0,88,49,12,76.14333333333333,5,28.0,0,0,0,0,High
05-12-2025,Friday,1,9:15,10:15,Organizational Behavior,IT15,MPS_KSD,1,MCA,B,403,102,86,84.31,76.47,18.75,Theory,No,No,No,Rainy,No,3.8,Morning,Provided,Synthetic development data,60.0,89,49,12,78.10333333333332,1,29.0,0,0,0,0,High
05-12-2025,Friday,2,10:15,11:15,Python Programming,IT11,AAB_SP,1,MCA,B,403,102,70,68.63,84.31,1.0,Theory,No,No,No,Sunny,No,6.7,Morning,Provided,Synthetic development data,60.0,89,49,12,79.08333333333333,2,29.0,0,0,0,0,Medium
05-12-2025,Friday,3,11:15,12:15,Advanced DBMS,IT13,MST_DPY,1,MCA,B,403,102,81,79.41,68.63,1.0,Theory,No,No,No,Cloudy,No,9.9,Morning,Provided,Synthetic development data,60.0,89,49,12,76.46999999999998,3,29.0,0,0,0,0,High
05-12-2025,Friday,4,13:30,14:30,Data Structure and Algorithms,IT12,ASP_RSZ,1,MCA,B,403,102,71,69.61,79.41,2.25,Theory,No,No,No,Cloudy,No,6.0,Afternoon,Provided,Synthetic development data,60.0,89,49,12,77.45,4,29.0,0,0,0,0,Medium
05-12-2025,Friday,5,14:30,15:30,Python Programming,IT11,AAB_SP,1,MCA,B,403,102,71,69.61,69.61,1.0,Theory,No,No,No,Rainy,No,2.9,Afternoon,Provided,Synthetic development data,60.0,89,49,12,72.55,5,29.0,0,0,0,0,Medium
06-12-2025,Saturday,1,11:15,12:15,Mini Project,ITP11,JSP_Visiting,1,MCA,B,403,102,60,58.82,69.61,20.75,Project,No,No,No,Sunny,No,5.4,Morning,Provided,Synthetic development data,60.0,90,49,12,72.87666666666665,1,30.0,0,0,0,0,Medium
08-12-2025,Monday,1,9:15,10:15,Mini Project,ITP11,JSP_Visiting,1,MCA,B,403,102,82,80.39,58.82,46.0,Project,No,No,No,Sunny,No,7.3,Morning,Provided,Synthetic development data,60.0,92,50,12,66.01333333333332,1,32.0,0,0,0,0,High
08-12-2025,Monday,2,10:15,11:15,Advanced DBMS,IT13,MST_DPY,1,MCA,B,403,102,72,70.59,80.39,1.0,Theory,No,No,No,Sunny,No,14.9,Morning,Provided,Synthetic development data,60.0,92,50,12,69.60666666666667,2,32.0,0,0,0,0,Medium
08-12-2025,Monday,3,11:15,12:15,Python Programming,IT11,AAB_SP,1,MCA,B,403,102,71,69.61,70.59,1.0,Theory,Yes,No,No,Rainy,No,7.1,Morning,Provided,Synthetic development data,60.0,92,50,12,69.93333333333332,3,32.0,1,0,0,0,Medium
08-12-2025,Monday,4,13:30,14:30,"Practical based on Python Programming, Data Structure and Algorithms and Advanced DBMS",ITL11,AAB_SP_ASP_RSZ_MST_DPY,1,MCA,B,401/402,102,79,77.45,69.61,2.25,Practical,No,No,No,Rainy,No,3.2,Afternoon,Provided,Synthetic development data,60.0,92,50,12,73.52999999999999,4,32.0,0,0,0,0,High
08-12-2025,Monday,5,14:30,15:30,Organizational Behavior,IT15,MPS_KSD,1,MCA,B,403,102,74,72.55,77.45,1.0,Theory,No,No,No,Sunny,No,9.6,Afternoon,Provided,Synthetic development data,60.0,92,50,12,72.55,5,32.0,0,0,0,0,Medium
09-12-2025,Tuesday,1,9:15,10:15,Mini Project,ITP11,JSP_Visiting,1,MCA,B,403,102,79,77.45,72.55,18.75,Project,No,Yes,No,Rainy,No,14.0,Morning,Provided,Synthetic development data,60.0,93,50,12,73.20333333333333,1,33.0,0,1,0,0,High
09-12-2025,Tuesday,2,10:15,11:15,Organizational Behavior,IT15,MPS_KSD,1,MCA,B,403,102,79,77.45,77.45,1.0,Theory,No,No,No,Cloudy,No,12.2,Morning,Provided,Synthetic development data,60.0,93,50,12,75.81666666666666,2,33.0,0,0,0,0,High
09-12-2025,Tuesday,3,11:15,12:15,Advanced DBMS,IT13,MST_DPY,1,MCA,B,403,102,68,66.67,77.45,1.0,Theory,No,No,No,Sunny,No,12.9,Morning,Provided,Synthetic development data,60.0,93,50,12,75.81666666666666,3,33.0,0,0,0,0,Medium
09-12-2025,Tuesday,4,13:30,14:30,"Practical based on Python Programming, Data Structure and Algorithms and Advanced DBMS",ITL11,AAB_SP_ASP_RSZ_MST_DPY,1,MCA,B,401/402,102,94,92.16,66.67,2.25,Practical,No,No,No,Rainy,No,14.1,Afternoon,Provided,Synthetic development data,60.0,93,50,12,73.85666666666667,4,33.0,0,0,0,0,High
09-12-2025,Tuesday,5,14:30,15:30,Advanced DBMS,IT13,MST_DPY,1,MCA,B,403,102,69,67.65,92.16,1.0,Theory,No,No,No,Sunny,No,10.3,Afternoon,Provided,Synthetic development data,60.0,93,50,12,78.76,5,33.0,0,0,0,0,Medium
10-12-2025,Wednesday,1,9:15,10:15,Mini Project,ITP11,JSP_Visiting,1,MCA,B,403,102,71,69.61,67.65,18.75,Project,No,No,No,Rainy,No,14.9,Morning,Provided,Synthetic development data,60.0,94,50,12,75.49333333333333,1,34.0,0,0,0,0,Medium
10-12-2025,Wednesday,2,10:15,11:15,Network Technologies and Infrastructure Management,IT14,MLK,1,MCA,B,403,102,71,69.61,69.61,1.0,Theory,No,No,No,Rainy,No,2.4,Morning,Provided,Synthetic development data,60.0,94,50,12,76.47333333333334,2,34.0,0,0,0,0,Medium
10-12-2025,Wednesday,3,11:15,12:15,Data Structure and Algorithms,IT12,ASP_RSZ,1,MCA,B,403,102,74,72.55,69.61,1.0,Theory,No,No,No,Rainy,No,12.9,Morning,Provided,Synthetic development data,60.0,94,50,12,68.95666666666666,3,34.0,0,0,0,0,Medium
10-12-2025,Wednesday,4,13:30,14:30,Python Programming,IT11,AAB_SP,1,MCA,B,403,102,70,68.63,72.55,2.25,Theory,No,No,No,Cloudy,No,13.1,Afternoon,Provided,Synthetic development data,60.0,94,50,12,70.58999999999999,4,34.0,0,0,0,0,Medium
10-12-2025,Wednesday,5,14:30,15:30,Network Technologies and Infrastructure Management,IT14,MLK,1,MCA,B,403,102,67,65.69,68.63,1.0,Theory,No,No,No,Cloudy,No,13.9,Afternoon,Provided,Synthetic development data,60.0,94,50,12,70.26333333333332,5,34.0,0,0,0,0,Medium
11-12-2025,Thursday,1,9:15,10:15,Network Technologies and Infrastructure Management,IT14,MLK,1,MCA,B,403,102,61,59.8,65.69,18.75,Theory,No,Yes,No,Cloudy,No,8.2,Morning,Provided,Synthetic development data,60.0,95,50,12,68.95666666666666,1,35.0,0,1,0,0,Medium
11-12-2025,Thursday,2,10:15,11:15,Data Structure and Algorithms,IT12,ASP_RSZ,1,MCA,B,403,102,75,73.53,59.8,1.0,Theory,No,No,No,Sunny,No,12.2,Morning,Provided,Synthetic development data,60.0,95,50,12,64.70666666666666,2,35.0,0,0,0,0,Medium
11-12-2025,Thursday,3,11:15,12:15,Organizational Behavior,IT15,MPS_KSD,1,MCA,B,403,102,79,77.45,73.53,1.0,Theory,No,No,No,Rainy,No,4.5,Morning,Provided,Synthetic development data,60.0,95,50,12,66.33999999999999,3,35.0,0,0,0,0,High
11-12-2025,Thursday,4,13:30,14:30,Advanced DBMS,IT13,MST_DPY,1,MCA,B,403,102,61,59.8,77.45,2.25,Theory,No,No,No,Cloudy,No,9.8,Afternoon,Provided,Synthetic development data,60.0,95,50,12,70.26,4,35.0,0,0,0,0,Medium
11-12-2025,Thursday,5,14:30,15:30,Data Structure and Algorithms,IT12,ASP_RSZ,1,MCA,B,403,102,67,65.69,59.8,1.0,Theory,No,No,No,Cloudy,No,6.7,Afternoon,Provided,Synthetic development data,60.0,95,50,12,70.26,5,35.0,0,0,0,0,Medium
12-12-2025,Friday,1,9:15,10:15,Organizational Behavior,IT15,MPS_KSD,1,MCA,B,403,102,75,73.53,65.69,18.75,Theory,No,No,No,Cloudy,No,9.8,Morning,Provided,Synthetic development data,60.0,96,50,12,67.64666666666666,1,36.0,0,0,0,0,Medium
12-12-2025,Friday,2,10:15,11:15,Python Programming,IT11,AAB_SP,1,MCA,B,403,102,76,74.51,73.53,1.0,Theory,No,No,No,Rainy,No,10.8,Morning,Provided,Synthetic development data,60.0,96,50,12,66.33999999999999,2,36.0,0,0,0,0,Medium
12-12-2025,Friday,3,11:15,12:15,Advanced DBMS,IT13,MST_DPY,1,MCA,B,403,102,76,74.51,74.51,1.0,Theory,No,No,No,Sunny,No,6.5,Morning,Provided,Synthetic development data,60.0,96,50,12,71.24333333333333,3,36.0,0,0,0,0,Medium
12-12-2025,Friday,4,13:30,14:30,Data Structure and Algorithms,IT12,ASP_RSZ,1,MCA,B,403,102,65,63.73,74.51,2.25,Theory,No,No,No,Cloudy,No,4.8,Afternoon,Provided,Synthetic development data,60.0,96,50,12,74.18333333333334,4,36.0,0,0,0,0,Medium
12-12-2025,Friday,5,14:30,15:30,Python Programming,IT11,AAB_SP,1,MCA,B,403,102,77,75.49,63.73,1.0,Theory,No,No,No,Cloudy,No,6.2,Afternoon,Provided,Synthetic development data,60.0,96,50,12,70.91666666666667,5,36.0,0,0,0,0,High
13-12-2025,Saturday,1,11:15,12:15,Mini Project,ITP11,JSP_Visiting,1,MCA,B,403,102,66,64.71,75.49,20.75,Project,No,No,No,Rainy,No,10.6,Morning,Provided,Synthetic development data,60.0,97,50,12,71.24333333333333,1,37.0,0,0,0,0,Medium
15-12-2025,Monday,1,9:15,10:15,Mini Project,ITP11,JSP_Visiting,1,MCA,B,403,102,77,75.49,64.71,46.0,Project,Yes,No,No,Rainy,No,10.8,Morning,Provided,Synthetic development data,60.0,99,51,12,67.97666666666665,1,39.0,1,0,0,0,High
15-12-2025,Monday,2,10:15,11:15,Advanced DBMS,IT13,MST_DPY,1,MCA,B,403,102,76,74.51,75.49,1.0,Theory,No,No,No,Sunny,No,11.6,Morning,Provided,Synthetic development data,60.0,99,51,12,71.89666666666666,2,39.0,0,0,0,0,Medium
15-12-2025,Monday,3,11:15,12:15,Python Programming,IT11,AAB_SP,1,MCA,B,403,102,77,75.49,74.51,1.0,Theory,No,No,No,Sunny,No,3.6,Morning,Provided,Synthetic development data,60.0,99,51,12,71.57,3,39.0,0,0,0,0,High
15-12-2025,Monday,4,13:30,14:30,"Practical based on Python Programming, Data Structure and Algorithms and Advanced DBMS",ITL11,AAB_SP_ASP_RSZ_MST_DPY,1,MCA,B,401/402,102,82,80.39,75.49,2.25,Practical,No,Yes,No,Sunny,No,12.6,Afternoon,Provided,Synthetic development data,60.0,99,51,12,75.16333333333334,4,39.0,0,1,0,0,High
15-12-2025,Monday,5,14:30,15:30,Organizational Behavior,IT15,MPS_KSD,1,MCA,B,403,102,69,67.65,80.39,1.0,Theory,No,No,No,Sunny,No,10.9,Afternoon,Provided,Synthetic development data,60.0,99,51,12,76.79666666666667,5,39.0,0,0,0,0,Medium
16-12-2025,Tuesday,1,9:15,10:15,Mini Project,ITP11,JSP_Visiting,1,MCA,B,403,102,66,64.71,67.65,18.75,Project,No,Yes,No,Sunny,No,2.4,Morning,Provided,Synthetic development data,60.0,100,51,12,74.51,1,40.0,0,1,0,0,Medium
16-12-2025,Tuesday,2,10:15,11:15,Organizational Behavior,IT15,MPS_KSD,1,MCA,B,403,102,73,71.57,64.71,1.0,Theory,No,No,No,Cloudy,No,6.4,Morning,Provided,Synthetic development data,60.0,100,51,12,70.91666666666667,2,40.0,0,0,0,0,Medium
16-12-2025,Tuesday,3,11:15,12:15,Advanced DBMS,IT13,MST_DPY,1,MCA,B,403,102,77,75.49,71.57,1.0,Theory,No,No,No,Cloudy,Yes,8.1,Morning,Provided,Synthetic development data,60.0,100,51,12,67.97666666666667,3,40.0,0,0,0,1,High
16-12-2025,Tuesday,4,13:30,14:30,"Practical based on Python Programming, Data Structure and Algorithms and Advanced DBMS",ITL11,AAB_SP_ASP_RSZ_MST_DPY,1,MCA,B,401/402,102,74,72.55,75.49,2.25,Practical,No,No,No,Cloudy,No,6.7,Afternoon,Provided,Synthetic development data,60.0,100,51,12,70.58999999999999,4,40.0,0,0,0,0,Medium
16-12-2025,Tuesday,5,14:30,15:30,Advanced DBMS,IT13,MST_DPY,1,MCA,B,403,102,77,75.49,72.55,1.0,Theory,No,No,No,Rainy,No,3.5,Afternoon,Provided,Synthetic development data,60.0,100,51,12,73.20333333333333,5,40.0,0,0,0,0,High
17-12-2025,Wednesday,1,9:15,10:15,Mini Project,ITP11,JSP_Visiting,1,MCA,B,403,102,75,73.53,75.49,18.75,Project,No,No,No,Cloudy,No,4.7,Morning,Provided,Synthetic development data,60.0,101,51,12,74.50999999999999,1,41.0,0,0,0,0,Medium
17-12-2025,Wednesday,2,10:15,11:15,Network Technologies and Infrastructure Management,IT14,MLK,1,MCA,B,403,102,71,69.61,73.53,1.0,Theory,No,No,No,Rainy,No,2.3,Morning,Provided,Synthetic development data,60.0,101,51,12,73.85666666666667,2,41.0,0,0,0,0,Medium
17-12-2025,Wednesday,3,11:15,12:15,Data Structure and Algorithms,IT12,ASP_RSZ,1,MCA,B,403,102,82,80.39,69.61,1.0,Theory,No,No,No,Rainy,No,3.2,Morning,Provided,Synthetic development data,60.0,101,51,12,72.87666666666667,3,41.0,0,0,0,0,High
17-12-2025,Wednesday,4,13:30,14:30,Python Programming,IT11,AAB_SP,1,MCA,B,403,102,74,72.55,80.39,2.25,Theory,No,No,No,Sunny,No,5.5,Afternoon,Provided,Synthetic development data,60.0,101,51,12,74.50999999999999,4,41.0,0,0,0,0,Medium
17-12-2025,Wednesday,5,14:30,15:30,Network Technologies and Infrastructure Management,IT14,MLK,1,MCA,B,403,102,67,65.69,72.55,1.0,Theory,No,No,No,Rainy,No,12.7,Afternoon,Provided,Synthetic development data,60.0,101,51,12,74.18333333333334,5,41.0,0,0,0,0,Medium
18-12-2025,Thursday,1,9:15,10:15,Network Technologies and Infrastructure Management,IT14,MLK,1,MCA,B,403,102,75,73.53,65.69,18.75,Theory,No,No,No,Cloudy,No,8.8,Morning,Provided,Synthetic development data,60.0,102,51,12,72.87666666666667,1,42.0,0,0,0,0,Medium
18-12-2025,Thursday,2,10:15,11:15,Data Structure and Algorithms,IT12,ASP_RSZ,1,MCA,B,403,102,77,75.49,73.53,1.0,Theory,No,No,No,Cloudy,No,7.5,Morning,Provided,Synthetic development data,60.0,102,51,12,70.59,2,42.0,0,0,0,0,High
18-12-2025,Thursday,3,11:15,12:15,Organizational Behavior,IT15,MPS_KSD,1,MCA,B,403,102,80,78.43,75.49,1.0,Theory,No,No,No,Rainy,No,10.6,Morning,Provided,Synthetic development data,60.0,102,51,12,71.57,3,42.0,0,0,0,0,High
18-12-2025,Thursday,4,13:30,14:30,Advanced DBMS,IT13,MST_DPY,1,MCA,B,403,102,68,66.67,78.43,2.25,Theory,No,No,No,Rainy,No,9.0,Afternoon,Provided,Synthetic development data,60.0,102,51,12,75.81666666666666,4,42.0,0,0,0,0,Medium
18-12-2025,Thursday,5,14:30,15:30,Data Structure and Algorithms,IT12,ASP_RSZ,1,MCA,B,403,102,73,71.57,66.67,1.0,Theory,No,No,No,Rainy,No,3.7,Afternoon,Provided,Synthetic development data,60.0,102,51,12,73.53,5,42.0,0,0,0,0,Medium
19-12-2025,Friday,1,9:15,10:15,Organizational Behavior,IT15,MPS_KSD,1,MCA,B,403,102,72,70.59,71.57,18.75,Theory,No,Yes,No,Cloudy,No,4.9,Morning,Provided,Synthetic development data,60.0,103,51,12,72.22333333333334,1,43.0,0,1,0,0,Medium
19-12-2025,Friday,2,10:15,11:15,Python Programming,IT11,AAB_SP,1,MCA,B,403,102,84,82.35,70.59,1.0,Theory,No,No,No,Cloudy,Yes,4.9,Morning,Provided,Synthetic development data,60.0,103,51,12,69.61,2,43.0,0,0,0,1,High
19-12-2025,Friday,3,11:15,12:15,Advanced DBMS,IT13,MST_DPY,1,MCA,B,403,102,76,74.51,82.35,1.0,Theory,No,No,No,Cloudy,No,9.8,Morning,Provided,Synthetic development data,60.0,103,51,12,74.83666666666666,3,43.0,0,0,0,0,Medium
19-12-2025,Friday,4,13:30,14:30,Data Structure and Algorithms,IT12,ASP_RSZ,1,MCA,B,403,102,73,71.57,74.51,2.25,Theory,No,No,No,Sunny,No,8.0,Afternoon,Provided,Synthetic development data,60.0,103,51,12,75.81666666666666,4,43.0,0,0,0,0,Medium
19-12-2025,Friday,5,14:30,15:30,Python Programming,IT11,AAB_SP,1,MCA,B,403,102,78,76.47,71.57,1.0,Theory,No,No,No,Cloudy,No,7.0,Afternoon,Provided,Synthetic development data,60.0,103,51,12,76.14333333333333,5,43.0,0,0,0,0,High
20-12-2025,Saturday,1,11:15,12:15,Mini Project,ITP11,JSP_Visiting,1,MCA,B,403,102,74,72.55,76.47,20.75,Project,Yes,No,No,Rainy,No,9.2,Morning,Provided,Synthetic development data,60.0,104,51,12,74.18333333333334,1,44.0,1,0,0,0,Medium
22-12-2025,Monday,1,9:15,10:15,Mini Project,ITP11,JSP_Visiting,1,MCA,B,403,102,70,68.63,72.55,46.0,Project,No,No,No,Sunny,No,14.6,Morning,Provided,Synthetic development data,60.0,106,52,12,73.53,1,46.0,0,0,0,0,Medium
22-12-2025,Monday,2,10:15,11:15,Advanced DBMS,IT13,MST_DPY,1,MCA,B,403,102,74,72.55,68.63,1.0,Theory,No,No,No,Rainy,No,6.1,Morning,Provided,Synthetic development data,60.0,106,52,12,72.55,2,46.0,0,0,0,0,Medium
22-12-2025,Monday,3,11:15,12:15,Python Programming,IT11,AAB_SP,1,MCA,B,403,102,75,73.53,72.55,1.0,Theory,Yes,No,No,Rainy,No,8.8,Morning,Provided,Synthetic development data,60.0,106,52,12,71.24333333333334,3,46.0,1,0,0,0,Medium
22-12-2025,Monday,4,13:30,14:30,"Practical based on Python Programming, Data Structure and Algorithms and Advanced DBMS",ITL11,AAB_SP_ASP_RSZ_MST_DPY,1,MCA,B,401/402,102,77,75.49,73.53,2.25,Practical,No,No,No,Sunny,No,8.2,Afternoon,Provided,Synthetic development data,60.0,106,52,12,71.57,4,46.0,0,0,0,0,High
22-12-2025,Monday,5,14:30,15:30,Organizational Behavior,IT15,MPS_KSD,1,MCA,B,403,102,68,66.67,75.49,1.0,Theory,No,No,No,Cloudy,Yes,11.3,Afternoon,Provided,Synthetic development data,60.0,106,52,12,73.85666666666667,5,46.0,0,0,0,1,Medium
23-12-2025,Tuesday,1,9:15,10:15,Mini Project,ITP11,JSP_Visiting,1,MCA,B,403,102,87,85.29,66.67,18.75,Project,No,No,No,Rainy,No,11.5,Morning,Provided,Synthetic development data,60.0,107,52,12,71.89666666666666,1,47.0,0,0,0,0,High
23-12-2025,Tuesday,2,10:15,11:15,Organizational Behavior,IT15,MPS_KSD,1,MCA,B,403,102,83,81.37,85.29,1.0,Theory,No,No,No,Cloudy,No,11.5,Morning,Provided,Synthetic development data,60.0,107,52,12,75.81666666666668,2,47.0,0,0,0,0,High
23-12-2025,Tuesday,3,11:15,12:15,Advanced DBMS,IT13,MST_DPY,1,MCA,B,403,102,74,72.55,81.37,1.0,Theory,No,No,No,Sunny,No,4.6,Morning,Provided,Synthetic development data,60.0,107,52,12,77.77666666666667,3,47.0,0,0,0,0,Medium
23-12-2025,Tuesday,4,13:30,14:30,"Practical based on Python Programming, Data Structure and Algorithms and Advanced DBMS",ITL11,AAB_SP_ASP_RSZ_MST_DPY,1,MCA,B,401/402,102,76,74.51,72.55,2.25,Practical,No,No,No,Cloudy,No,7.8,Afternoon,Provided,Synthetic development data,60.0,107,52,12,79.73666666666668,4,47.0,0,0,0,0,Medium
23-12-2025,Tuesday,5,14:30,15:30,Advanced DBMS,IT13,MST_DPY,1,MCA,B,403,102,72,70.59,74.51,1.0,Theory,No,No,No,Sunny,No,12.5,Afternoon,Provided,Synthetic development data,60.0,107,52,12,76.14333333333333,5,47.0,0,0,0,0,Medium
24-12-2025,Wednesday,1,9:15,10:15,Mini Project,ITP11,JSP_Visiting,1,MCA,B,403,102,64,62.75,70.59,18.75,Project,No,No,Yes,Cloudy,No,7.0,Morning,Provided,Synthetic development data,60.0,108,52,12,72.55,1,48.0,0,0,1,0,Medium
24-12-2025,Wednesday,2,10:15,11:15,Network Technologies and Infrastructure Management,IT14,MLK,1,MCA,B,403,102,65,63.73,62.75,1.0,Theory,No,No,Yes,Cloudy,No,14.8,Morning,Provided,Synthetic development data,60.0,108,52,12,69.28333333333335,2,48.0,0,0,1,0,Medium
24-12-2025,Wednesday,3,11:15,12:15,Data Structure and Algorithms,IT12,ASP_RSZ,1,MCA,B,403,102,79,77.45,63.73,1.0,Theory,No,No,Yes,Cloudy,No,6.7,Morning,Provided,Synthetic development data,60.0,108,52,12,65.69,3,48.0,0,0,1,0,High
24-12-2025,Wednesday,4,13:30,14:30,Python Programming,IT11,AAB_SP,1,MCA,B,403,102,64,62.75,77.45,2.25,Theory,No,No,Yes,Cloudy,No,8.5,Afternoon,Provided,Synthetic development data,60.0,108,52,12,67.97666666666667,4,48.0,0,0,1,0,Medium
24-12-2025,Wednesday,5,14:30,15:30,Network Technologies and Infrastructure Management,IT14,MLK,1,MCA,B,403,102,69,67.65,62.75,1.0,Theory,No,No,Yes,Cloudy,No,8.2,Afternoon,Provided,Synthetic development data,60.0,108,52,12,67.97666666666667,5,48.0,0,0,1,0,Medium
26-12-2025,Friday,1,9:15,10:15,Organizational Behavior,IT15,MPS_KSD,1,MCA,B,403,102,66,64.71,67.65,42.75,Theory,No,No,Yes,Rainy,No,7.6,Morning,Provided,Synthetic development data,60.0,110,52,12,69.28333333333335,1,2.0,0,0,1,0,Medium
26-12-2025,Friday,2,10:15,11:15,Python Programming,IT11,AAB_SP,1,MCA,B,403,102,69,67.65,64.71,1.0,Theory,No,No,Yes,Rainy,No,13.0,Morning,Provided,Synthetic development data,60.0,110,52,12,65.03666666666668,2,2.0,0,0,1,0,Medium
26-12-2025,Friday,3,11:15,12:15,Advanced DBMS,IT13,MST_DPY,1,MCA,B,403,102,66,64.71,67.65,1.0,Theory,No,No,Yes,Sunny,Yes,4.0,Morning,Provided,Synthetic development data,60.0,110,52,12,66.67,3,2.0,0,0,1,1,Medium
26-12-2025,Friday,4,13:30,14:30,Data Structure and Algorithms,IT12,ASP_RSZ,1,MCA,B,403,102,65,63.73,64.71,2.25,Theory,No,No,Yes,Cloudy,No,9.4,Afternoon,Provided,Synthetic development data,60.0,110,52,12,65.69,4,2.0,0,0,1,0,Medium
26-12-2025,Friday,5,14:30,15:30,Python Programming,IT11,AAB_SP,1,MCA,B,403,102,70,68.63,63.73,1.0,Theory,No,No,Yes,Sunny,Yes,10.0,Afternoon,Provided,Synthetic development data,60.0,110,52,12,65.36333333333333,5,2.0,0,0,1,1,Medium
27-12-2025,Saturday,1,11:15,12:15,Mini Project,ITP11,JSP_Visiting,1,MCA,B,403,102,62,60.78,68.63,20.75,Project,No,No,No,Sunny,No,13.1,Morning,Provided,Synthetic development data,60.0,111,52,12,65.69,1,1.0,0,0,0,0,Medium
29-12-2025,Monday,1,9:15,10:15,Mini Project,ITP11,JSP_Visiting,1,MCA,B,403,102,76,74.51,60.78,46.0,Project,No,No,No,Sunny,No,9.9,Morning,Provided,Synthetic development data,60.0,113,1,12,64.38,1,3.0,0,0,0,0,Medium
29-12-2025,Monday,2,10:15,11:15,Advanced DBMS,IT13,MST_DPY,1,MCA,B,403,102,73,71.57,74.51,1.0,Theory,No,No,No,Rainy,No,14.5,Morning,Provided,Synthetic development data,60.0,113,1,12,67.97333333333334,2,3.0,0,0,0,0,Medium
29-12-2025,Monday,3,11:15,12:15,Python Programming,IT11,AAB_SP,1,MCA,B,403,102,70,68.63,71.57,1.0,Theory,No,No,No,Sunny,No,13.3,Morning,Provided,Synthetic development data,60.0,113,1,12,68.95333333333333,3,3.0,0,0,0,0,Medium
29-12-2025,Monday,4,13:30,14:30,"Practical based on Python Programming, Data Structure and Algorithms and Advanced DBMS",ITL11,AAB_SP_ASP_RSZ_MST_DPY,1,MCA,B,401/402,102,83,81.37,68.63,2.25,Practical,No,Yes,No,Sunny,No,6.5,Afternoon,Provided,Synthetic development data,60.0,113,1,12,71.57,4,3.0,0,1,0,0,High
29-12-2025,Monday,5,14:30,15:30,Organizational Behavior,IT15,MPS_KSD,1,MCA,B,403,102,77,75.49,81.37,1.0,Theory,No,No,No,Sunny,No,13.2,Afternoon,Provided,Synthetic development data,60.0,113,1,12,73.85666666666667,5,3.0,0,0,0,0,High
30-12-2025,Tuesday,1,9:15,10:15,Mini Project,ITP11,JSP_Visiting,1,MCA,B,403,102,77,75.49,75.49,18.75,Project,No,No,No,Cloudy,No,14.5,Morning,Provided,Synthetic development data,60.0,114,1,12,75.16333333333334,1,4.0,0,0,0,0,High
30-12-2025,Tuesday,2,10:15,11:15,Organizational Behavior,IT15,MPS_KSD,1,MCA,B,403,102,81,79.41,75.49,1.0,Theory,No,No,No,Rainy,No,5.3,Morning,Provided,Synthetic development data,60.0,114,1,12,77.45,2,4.0,0,0,0,0,High
30-12-2025,Tuesday,3,11:15,12:15,Advanced DBMS,IT13,MST_DPY,1,MCA,B,403,102,74,72.55,79.41,1.0,Theory,No,No,No,Cloudy,No,9.9,Morning,Provided,Synthetic development data,60.0,114,1,12,76.79666666666667,3,4.0,0,0,0,0,Medium
30-12-2025,Tuesday,4,13:30,14:30,"Practical based on Python Programming, Data Structure and Algorithms and Advanced DBMS",ITL11,AAB_SP_ASP_RSZ_MST_DPY,1,MCA,B,401/402,102,85,83.33,72.55,2.25,Practical,No,No,No,Cloudy,No,5.7,Afternoon,Provided,Synthetic development data,60.0,114,1,12,75.81666666666666,4,4.0,0,0,0,0,High
30-12-2025,Tuesday,5,14:30,15:30,Advanced DBMS,IT13,MST_DPY,1,MCA,B,403,102,66,64.71,83.33,1.0,Theory,No,No,No,Sunny,No,10.4,Afternoon,Provided,Synthetic development data,60.0,114,1,12,78.42999999999999,5,4.0,0,0,0,0,Medium
31-12-2025,Wednesday,1,9:15,10:15,Mini Project,ITP11,JSP_Visiting,1,MCA,B,403,102,71,69.61,64.71,18.75,Project,No,Yes,No,Sunny,No,3.2,Morning,Provided,Synthetic development data,60.0,115,1,12,73.53,1,5.0,0,1,0,0,Medium
31-12-2025,Wednesday,2,10:15,11:15,Network Technologies and Infrastructure Management,IT14,MLK,1,MCA,B,403,102,78,76.47,69.61,1.0,Theory,No,No,No,Cloudy,No,11.5,Morning,Provided,Synthetic development data,60.0,115,1,12,72.55,2,5.0,0,0,0,0,High
31-12-2025,Wednesday,3,11:15,12:15,Data Structure and Algorithms,IT12,ASP_RSZ,1,MCA,B,403,102,72,70.59,76.47,1.0,Theory,No,No,No,Sunny,No,7.5,Morning,Provided,Synthetic development data,60.0,115,1,12,70.26333333333334,3,5.0,0,0,0,0,Medium
31-12-2025,Wednesday,4,13:30,14:30,Python Programming,IT11,AAB_SP,1,MCA,B,403,102,72,70.59,70.59,2.25,Theory,No,No,No,Rainy,No,9.6,Afternoon,Provided,Synthetic development data,60.0,115,1,12,72.22333333333334,4,5.0,0,0,0,0,Medium
31-12-2025,Wednesday,5,14:30,15:30,Network Technologies and Infrastructure Management,IT14,MLK,1,MCA,B,403,102,64,62.75,70.59,1.0,Theory,No,Yes,No,Sunny,Yes,2.3,Afternoon,Provided,Synthetic development data,60.0,115,1,12,72.55,5,5.0,0,1,0,1,Medium
01-01-2026,Thursday,1,9:15,10:15,Java Programming,IT21,F_VSN_SDM,2,MCA,B,403,102,78,76.47,62.75,18.75,Theory,No,No,No,Sunny,No,11.9,Morning,Provided - user uploaded timetable,Synthetic development data,60.0,1,1,1,67.97666666666667,1,6.0,0,0,0,0,High
01-01-2026,Thursday,2,10:15,11:15,Research Methodology,IT25,F_MLK,2,MCA,B,403,102,83,81.37,76.47,1.0,Theory,No,No,No,Cloudy,No,4.0,Morning,Provided - user uploaded timetable,Synthetic development data,60.0,1,1,1,69.93666666666667,2,6.0,0,0,0,0,High
01-01-2026,Thursday,3,11:15,12:15,Full Stack Development,IT22,F_ASP_RSZ,2,MCA,B,403,102,80,78.43,81.37,1.0,Theory,No,No,No,Sunny,No,6.9,Morning,Provided - user uploaded timetable,Synthetic development data,60.0,1,1,1,73.53000000000002,3,6.0,0,0,0,0,High
01-01-2026,Thursday,4,13:30,14:30,Java Practical,ITL21-JAVA,F_SDM_VSN_KSD_SSP,2,MCA,B,401/402,102,78,76.47,78.43,2.25,Practical,No,No,No,Cloudy,No,12.5,Afternoon,Provided - user uploaded timetable,Synthetic development data,60.0,1,1,1,78.75666666666667,4,6.0,0,0,0,0,High
01-01-2026,Thursday,5,14:30,15:30,Java Practical,ITL21-JAVA,F_SDM_VSN_KSD_SSP,2,MCA,B,401/402,102,83,81.37,76.47,1.0,Practical,No,No,No,Cloudy,No,3.0,Afternoon,Provided - user uploaded timetable,Synthetic development data,60.0,1,1,1,78.75666666666666,5,6.0,0,0,0,0,High
02-01-2026,Friday,1,9:15,10:15,Software Project Management,IT24,F_JSP_MST,2,MCA,B,403,102,76,74.51,81.37,18.75,Theory,No,No,No,Sunny,No,9.9,Morning,Provided - user uploaded timetable,Synthetic development data,60.0,2,1,1,78.75666666666666,1,7.0,0,0,0,0,Medium
02-01-2026,Friday,2,10:15,11:15,Java Programming,IT21,F_VSN_SDM,2,MCA,B,403,102,74,72.55,74.51,1.0,Theory,No,No,No,Sunny,No,8.0,Morning,Provided - user uploaded timetable,Synthetic development data,60.0,2,1,1,77.45,2,7.0,0,0,0,0,Medium
02-01-2026,Friday,3,11:15,12:15,Full Stack Development,IT22,F_ASP_RSZ,2,MCA,B,403,102,78,76.47,72.55,1.0,Theory,No,No,No,Rainy,No,9.2,Morning,Provided - user uploaded timetable,Synthetic development data,60.0,2,1,1,76.14333333333333,3,7.0,0,0,0,0,High
02-01-2026,Friday,4,13:30,14:30,Cyber Security,IT23,F_DPY,2,MCA,B,403,102,63,61.76,76.47,2.25,Theory,No,No,No,Sunny,No,5.0,Afternoon,Provided - user uploaded timetable,Synthetic development data,60.0,2,1,1,74.50999999999999,4,7.0,0,0,0,0,Medium
02-01-2026,Friday,5,14:30,15:30,IRP,IRP2,F_SDM,2,MCA,B,403,102,58,56.86,61.76,1.0,Theory,Yes,No,No,Cloudy,No,2.9,Afternoon,Provided - user uploaded timetable,Synthetic development data,60.0,2,1,1,70.26,5,7.0,1,0,0,0,Medium
03-01-2026,Saturday,1,11:15,12:15,Training And Placement / Mini Project Training,P201,TBD,2,MCA,B,403,102,64,62.75,56.86,20.75,Project,No,No,No,Cloudy,No,8.6,Morning,Provided - user uploaded timetable,Synthetic development data,60.0,3,1,1,65.03,1,8.0,0,0,0,0,Medium
05-01-2026,Monday,1,9:15,10:15,Cyber Security Practical,ITL21-CYBER,F_DPY_MSU_MLK_MST,2,MCA,B,401/402,102,86,84.31,62.75,46.0,Practical,No,Yes,No,Cloudy,No,9.7,Morning,Provided - user uploaded timetable,Synthetic development data,60.0,5,2,1,60.45666666666667,1,10.0,0,1,0,0,High
05-01-2026,Monday,2,10:15,11:15,Cyber Security Practical,ITL21-CYBER,F_DPY_MSU_MLK_MST,2,MCA,B,401/402,102,81,79.41,84.31,1.0,Practical,No,No,No,Rainy,No,13.2,Morning,Provided - user uploaded timetable,Synthetic development data,60.0,5,2,1,67.97333333333334,2,10.0,0,0,0,0,High
05-01-2026,Monday,3,11:15,12:15,Research Methodology,IT25,F_MLK,2,MCA,B,403,102,73,71.57,79.41,1.0,Theory,Yes,No,No,Rainy,No,13.5,Morning,Provided - user uploaded timetable,Synthetic development data,60.0,5,2,1,75.49,3,10.0,1,0,0,0,Medium
05-01-2026,Monday,4,13:30,14:30,Cyber Security,IT23,F_DPY,2,MCA,B,403,102,64,62.75,71.57,2.25,Theory,No,No,No,Cloudy,No,3.5,Afternoon,Provided - user uploaded timetable,Synthetic development data,60.0,5,2,1,78.42999999999999,4,10.0,0,0,0,0,Medium
05-01-2026,Monday,5,14:30,15:30,Club Activities,CLUB,TBD,2,MCA,B,403,102,76,74.51,62.75,1.0,Special Event,No,No,No,Rainy,Yes,8.6,Afternoon,Provided - user uploaded timetable,Synthetic development data,60.0,5,2,1,71.24333333333333,5,10.0,0,0,0,1,Medium
06-01-2026,Tuesday,1,9:15,10:15,Software Project Management,IT24,F_JSP_MST,2,MCA,B,403,102,69,67.65,74.51,18.75,Theory,No,No,No,Cloudy,No,5.1,Morning,Provided - user uploaded timetable,Synthetic development data,60.0,6,2,1,69.61,1,11.0,0,0,0,0,Medium
06-01-2026,Tuesday,2,10:15,11:15,Full Stack Development,IT22,F_ASP_RSZ,2,MCA,B,403,102,70,68.63,67.65,1.0,Theory,No,No,No,Sunny,No,3.1,Morning,Provided - user uploaded timetable,Synthetic development data,60.0,6,2,1,68.30333333333334,2,11.0,0,0,0,0,Medium
06-01-2026,Tuesday,3,11:15,12:15,Research Methodology,IT25,F_MLK,2,MCA,B,403,102,75,73.53,68.63,1.0,Theory,No,Yes,No,Rainy,No,12.0,Morning,Provided - user uploaded timetable,Synthetic development data,60.0,6,2,1,70.26333333333334,3,11.0,0,1,0,0,Medium
06-01-2026,Tuesday,4,13:30,14:30,Mini Project - Faculty Interaction,ITC21,TBD,2,MCA,B,403,102,74,72.55,73.53,2.25,Project,No,No,No,Rainy,No,8.6,Afternoon,Provided - user uploaded timetable,Synthetic development data,60.0,6,2,1,69.93666666666667,4,11.0,0,0,0,0,Medium
06-01-2026,Tuesday,5,14:30,15:30,Mini Project - Faculty Interaction,ITC21,TBD,2,MCA,B,403,102,71,69.61,72.55,1.0,Project,No,No,No,Rainy,No,8.6,Afternoon,Provided - user uploaded timetable,Synthetic development data,60.0,6,2,1,71.57,5,11.0,0,0,0,0,Medium
07-01-2026,Wednesday,1,9:15,10:15,Cyber Security,IT23,F_DPY,2,MCA,B,403,102,78,76.47,69.61,18.75,Theory,Yes,Yes,No,Sunny,No,13.2,Morning,Provided - user uploaded timetable,Synthetic development data,60.0,7,2,1,71.89666666666666,1,12.0,1,1,0,0,High
07-01-2026,Wednesday,2,10:15,11:15,Software Project Management,IT24,F_JSP_MST,2,MCA,B,403,102,80,78.43,76.47,1.0,Theory,Yes,No,No,Rainy,No,8.3,Morning,Provided - user uploaded timetable,Synthetic development data,60.0,7,2,1,72.87666666666667,2,12.0,1,0,0,0,High
07-01-2026,Wednesday,3,11:15,12:15,Java Programming,IT21,F_VSN_SDM,2,MCA,B,403,102,71,69.61,78.43,1.0,Theory,No,No,No,Rainy,No,9.5,Morning,Provided - user uploaded timetable,Synthetic development data,60.0,7,2,1,74.83666666666666,3,12.0,0,0,0,0,Medium
07-01-2026,Wednesday,4,13:30,14:30,Full Stack Development Practical,ITL21-FSD,F_ASP_RSZ_SP_KSD,2,MCA,B,401/402,102,82,80.39,69.61,2.25,Practical,No,No,No,Cloudy,No,4.5,Afternoon,Provided - user uploaded timetable,Synthetic development data,60.0,7,2,1,74.83666666666666,4,12.0,0,0,0,0,High
07-01-2026,Wednesday,5,14:30,15:30,Full Stack Development Practical,ITL21-FSD,F_ASP_RSZ_SP_KSD,2,MCA,B,401/402,102,79,77.45,80.39,1.0,Practical,No,No,No,Cloudy,No,7.3,Afternoon,Provided - user uploaded timetable,Synthetic development data,60.0,7,2,1,76.14333333333333,5,12.0,0,0,0,0,High
08-01-2026,Thursday,1,9:15,10:15,Java Programming,IT21,F_VSN_SDM,2,MCA,B,403,102,78,76.47,77.45,18.75,Theory,No,No,No,Sunny,No,14.6,Morning,Provided - user uploaded timetable,Synthetic development data,60.0,8,2,1,75.81666666666668,1,13.0,0,0,0,0,High
08-01-2026,Thursday,2,10:15,11:15,Research Methodology,IT25,F_MLK,2,MCA,B,403,102,76,74.51,76.47,1.0,Theory,No,No,No,Sunny,No,7.3,Morning,Provided - user uploaded timetable,Synthetic development data,60.0,8,2,1,78.10333333333334,2,13.0,0,0,0,0,Medium
08-01-2026,Thursday,3,11:15,12:15,Full Stack Development,IT22,F_ASP_RSZ,2,MCA,B,403,102,81,79.41,74.51,1.0,Theory,No,No,No,Sunny,No,4.1,Morning,Provided - user uploaded timetable,Synthetic development data,60.0,8,2,1,76.14333333333333,3,13.0,0,0,0,0,High
08-01-2026,Thursday,4,13:30,14:30,Java Practical,ITL21-JAVA,F_SDM_VSN_KSD_SSP,2,MCA,B,401/402,102,78,76.47,79.41,2.25,Practical,Yes,No,No,Cloudy,No,5.7,Afternoon,Provided - user uploaded timetable,Synthetic development data,60.0,8,2,1,76.79666666666667,4,13.0,1,0,0,0,High
08-01-2026,Thursday,5,14:30,15:30,Java Practical,ITL21-JAVA,F_SDM_VSN_KSD_SSP,2,MCA,B,401/402,102,80,78.43,76.47,1.0,Practical,No,No,No,Rainy,No,10.6,Afternoon,Provided - user uploaded timetable,Synthetic development data,60.0,8,2,1,76.79666666666667,5,13.0,0,0,0,0,High
09-01-2026,Friday,1,9:15,10:15,Software Project Management,IT24,F_JSP_MST,2,MCA,B,403,102,84,82.35,78.43,18.75,Theory,No,No,No,Rainy,No,5.2,Morning,Provided - user uploaded timetable,Synthetic development data,60.0,9,2,1,78.10333333333334,1,14.0,0,0,0,0,High
09-01-2026,Friday,2,10:15,11:15,Java Programming,IT21,F_VSN_SDM,2,MCA,B,403,102,81,79.41,82.35,1.0,Theory,No,No,No,Cloudy,No,10.5,Morning,Provided - user uploaded timetable,Synthetic development data,60.0,9,2,1,79.08333333333333,2,14.0,0,0,0,0,High
09-01-2026,Friday,3,11:15,12:15,Full Stack Development,IT22,F_ASP_RSZ,2,MCA,B,403,102,73,71.57,79.41,1.0,Theory,No,No,No,Cloudy,No,4.7,Morning,Provided - user uploaded timetable,Synthetic development data,60.0,9,2,1,80.06333333333333,3,14.0,0,0,0,0,Medium
09-01-2026,Friday,4,13:30,14:30,Cyber Security,IT23,F_DPY,2,MCA,B,403,102,69,67.65,71.57,2.25,Theory,No,No,No,Cloudy,No,3.7,Afternoon,Provided - user uploaded timetable,Synthetic development data,60.0,9,2,1,77.77666666666666,4,14.0,0,0,0,0,Medium
09-01-2026,Friday,5,14:30,15:30,IRP,IRP2,F_SDM,2,MCA,B,403,102,73,71.57,67.65,1.0,Theory,No,No,No,Sunny,No,2.1,Afternoon,Provided - user uploaded timetable,Synthetic development data,60.0,9,2,1,72.87666666666667,5,14.0,0,0,0,0,Medium
10-01-2026,Saturday,1,11:15,12:15,Training And Placement / Mini Project Training,P201,TBD,2,MCA,B,403,102,73,71.57,71.57,20.75,Project,Yes,No,No,Cloudy,No,8.6,Morning,Provided - user uploaded timetable,Synthetic development data,60.0,10,2,1,70.26333333333334,1,15.0,1,0,0,0,Medium
12-01-2026,Monday,1,9:15,10:15,Cyber Security Practical,ITL21-CYBER,F_DPY_MSU_MLK_MST,2,MCA,B,401/402,102,74,72.55,71.57,46.0,Practical,No,No,No,Sunny,No,11.3,Morning,Provided - user uploaded timetable,Synthetic development data,60.0,12,3,1,70.26333333333334,1,17.0,0,0,0,0,Medium
12-01-2026,Monday,2,10:15,11:15,Cyber Security Practical,ITL21-CYBER,F_DPY_MSU_MLK_MST,2,MCA,B,401/402,102,83,81.37,72.55,1.0,Practical,No,No,No,Cloudy,No,8.6,Morning,Provided - user uploaded timetable,Synthetic development data,60.0,12,3,1,71.89666666666666,2,17.0,0,0,0,0,High
12-01-2026,Monday,3,11:15,12:15,Research Methodology,IT25,F_MLK,2,MCA,B,403,102,76,74.51,81.37,1.0,Theory,No,No,No,Sunny,No,3.2,Morning,Provided - user uploaded timetable,Synthetic development data,60.0,12,3,1,75.16333333333334,3,17.0,0,0,0,0,Medium
12-01-2026,Monday,4,13:30,14:30,Cyber Security,IT23,F_DPY,2,MCA,B,403,102,75,73.53,74.51,2.25,Theory,No,No,No,Sunny,No,6.3,Afternoon,Provided - user uploaded timetable,Synthetic development data,60.0,12,3,1,76.14333333333333,4,17.0,0,0,0,0,Medium
12-01-2026,Monday,5,14:30,15:30,Club Activities,CLUB,TBD,2,MCA,B,403,102,64,62.75,73.53,1.0,Special Event,No,No,No,Sunny,Yes,8.6,Afternoon,Provided - user uploaded timetable,Synthetic development data,60.0,12,3,1,76.47000000000001,5,17.0,0,0,0,1,Medium
13-01-2026,Tuesday,1,9:15,10:15,Software Project Management,IT24,F_JSP_MST,2,MCA,B,403,102,81,79.41,62.75,18.75,Theory,No,Yes,No,Rainy,No,13.5,Morning,Provided - user uploaded timetable,Synthetic development data,60.0,13,3,1,70.26333333333334,1,18.0,0,1,0,0,High
13-01-2026,Tuesday,2,10:15,11:15,Full Stack Development,IT22,F_ASP_RSZ,2,MCA,B,403,102,77,75.49,79.41,1.0,Theory,No,No,No,Sunny,No,14.0,Morning,Provided - user uploaded timetable,Synthetic development data,60.0,13,3,1,71.89666666666666,2,18.0,0,0,0,0,High
13-01-2026,Tuesday,3,11:15,12:15,Research Methodology,IT25,F_MLK,2,MCA,B,403,102,79,77.45,75.49,1.0,Theory,No,No,No,Sunny,No,13.5,Morning,Provided - user uploaded timetable,Synthetic development data,60.0,13,3,1,72.55,3,18.0,0,0,0,0,High
13-01-2026,Tuesday,4,13:30,14:30,Mini Project - Faculty Interaction,ITC21,TBD,2,MCA,B,403,102,67,65.69,77.45,2.25,Project,Yes,No,No,Cloudy,No,8.6,Afternoon,Provided - user uploaded timetable,Synthetic development data,60.0,13,3,1,77.44999999999999,4,18.0,1,0,0,0,Medium
13-01-2026,Tuesday,5,14:30,15:30,Mini Project - Faculty Interaction,ITC21,TBD,2,MCA,B,403,102,69,67.65,65.69,1.0,Project,No,No,No,Rainy,No,8.6,Afternoon,Provided - user uploaded timetable,Synthetic development data,60.0,13,3,1,72.87666666666667,5,18.0,0,0,0,0,Medium
14-01-2026,Wednesday,1,9:15,10:15,Cyber Security,IT23,F_DPY,2,MCA,B,403,102,71,69.61,67.65,18.75,Theory,No,No,No,Cloudy,No,10.8,Morning,Provided - user uploaded timetable,Synthetic development data,60.0,14,3,1,70.26333333333334,1,19.0,0,0,0,0,Medium
14-01-2026,Wednesday,2,10:15,11:15,Software Project Management,IT24,F_JSP_MST,2,MCA,B,403,102,71,69.61,69.61,1.0,Theory,No,No,No,Sunny,No,3.5,Morning,Provided - user uploaded timetable,Synthetic development data,60.0,14,3,1,67.65,2,19.0,0,0,0,0,Medium
14-01-2026,Wednesday,3,11:15,12:15,Java Programming,IT21,F_VSN_SDM,2,MCA,B,403,102,77,75.49,69.61,1.0,Theory,No,No,No,Cloudy,No,2.5,Morning,Provided - user uploaded timetable,Synthetic development data,60.0,14,3,1,68.95666666666666,3,19.0,0,0,0,0,High
14-01-2026,Wednesday,4,13:30,14:30,Full Stack Development Practical,ITL21-FSD,F_ASP_RSZ_SP_KSD,2,MCA,B,401/402,102,79,77.45,75.49,2.25,Practical,No,No,No,Cloudy,No,7.7,Afternoon,Provided - user uploaded timetable,Synthetic development data,60.0,14,3,1,71.57000000000001,4,19.0,0,0,0,0,High
14-01-2026,Wednesday,5,14:30,15:30,Full Stack Development Practical,ITL21-FSD,F_ASP_RSZ_SP_KSD,2,MCA,B,401/402,102,76,74.51,77.45,1.0,Practical,No,Yes,No,Rainy,No,4.5,Afternoon,Provided - user uploaded timetable,Synthetic development data,60.0,14,3,1,74.18333333333334,5,19.0,0,1,0,0,Medium
15-01-2026,Thursday,1,9:15,10:15,Java Programming,IT21,F_VSN_SDM,2,MCA,B,403,102,79,77.45,74.51,18.75,Theory,No,No,No,Rainy,No,3.7,Morning,Provided - user uploaded timetable,Synthetic development data,60.0,15,3,1,75.81666666666666,1,20.0,0,0,0,0,High
15-01-2026,Thursday,2,10:15,11:15,Research Methodology,IT25,F_MLK,2,MCA,B,403,102,65,63.73,77.45,1.0,Theory,No,No,No,Rainy,No,11.7,Morning,Provided - user uploaded timetable,Synthetic development data,60.0,15,3,1,76.47000000000001,2,20.0,0,0,0,0,Medium
15-01-2026,Thursday,3,11:15,12:15,Full Stack Development,IT22,F_ASP_RSZ,2,MCA,B,403,102,76,74.51,63.73,1.0,Theory,No,No,No,Cloudy,No,9.1,Morning,Provided - user uploaded timetable,Synthetic development data,60.0,15,3,1,71.89666666666668,3,20.0,0,0,0,0,Medium
15-01-2026,Thursday,4,13:30,14:30,Java Practical,ITL21-JAVA,F_SDM_VSN_KSD_SSP,2,MCA,B,401/402,102,81,79.41,74.51,2.25,Practical,Yes,No,No,Cloudy,No,12.2,Afternoon,Provided - user uploaded timetable,Synthetic development data,60.0,15,3,1,71.89666666666666,4,20.0,1,0,0,0,High
15-01-2026,Thursday,5,14:30,15:30,Java Practical,ITL21-JAVA,F_SDM_VSN_KSD_SSP,2,MCA,B,401/402,102,93,91.18,79.41,1.0,Practical,No,No,No,Cloudy,No,7.7,Afternoon,Provided - user uploaded timetable,Synthetic development data,60.0,15,3,1,72.55,5,20.0,0,0,0,0,High
16-01-2026,Friday,1,9:15,10:15,Software Project Management,IT24,F_JSP_MST,2,MCA,B,403,102,82,80.39,91.18,18.75,Theory,No,Yes,No,Cloudy,No,13.5,Morning,Provided - user uploaded timetable,Synthetic development data,60.0,16,3,1,81.7,1,21.0,0,1,0,0,High
16-01-2026,Friday,2,10:15,11:15,Java Programming,IT21,F_VSN_SDM,2,MCA,B,403,102,84,82.35,80.39,1.0,Theory,No,No,No,Cloudy,No,8.4,Morning,Provided - user uploaded timetable,Synthetic development data,60.0,16,3,1,83.66000000000001,2,21.0,0,0,0,0,High
16-01-2026,Friday,3,11:15,12:15,Full Stack Development,IT22,F_ASP_RSZ,2,MCA,B,403,102,72,70.59,82.35,1.0,Theory,No,No,No,Sunny,No,13.6,Morning,Provided - user uploaded timetable,Synthetic development data,60.0,16,3,1,84.64,3,21.0,0,0,0,0,Medium
16-01-2026,Friday,4,13:30,14:30,Cyber Security,IT23,F_DPY,2,MCA,B,403,102,74,72.55,70.59,2.25,Theory,No,No,No,Cloudy,No,4.8,Afternoon,Provided - user uploaded timetable,Synthetic development data,60.0,16,3,1,77.77666666666666,4,21.0,0,0,0,0,Medium
16-01-2026,Friday,5,14:30,15:30,IRP,IRP2,F_SDM,2,MCA,B,403,102,58,56.86,72.55,1.0,Theory,No,No,No,Cloudy,No,2.7,Afternoon,Provided - user uploaded timetable,Synthetic development data,60.0,16,3,1,75.16333333333334,5,21.0,0,0,0,0,Medium
17-01-2026,Saturday,1,11:15,12:15,Training And Placement / Mini Project Training,P201,TBD,2,MCA,B,403,102,76,74.51,56.86,20.75,Project,No,No,No,Rainy,No,8.6,Morning,Provided - user uploaded timetable,Synthetic development data,60.0,17,3,1,66.66666666666667,1,22.0,0,0,0,0,Medium
19-01-2026,Monday,1,9:15,10:15,Cyber Security Practical,ITL21-CYBER,F_DPY_MSU_MLK_MST,2,MCA,B,401/402,102,84,82.35,74.51,46.0,Practical,No,No,No,Rainy,No,3.0,Morning,Provided - user uploaded timetable,Synthetic development data,60.0,19,4,1,67.97333333333334,1,24.0,0,0,0,0,High
19-01-2026,Monday,2,10:15,11:15,Cyber Security Practical,ITL21-CYBER,F_DPY_MSU_MLK_MST,2,MCA,B,401/402,102,78,76.47,82.35,1.0,Practical,No,No,No,Sunny,No,11.2,Morning,Provided - user uploaded timetable,Synthetic development data,60.0,19,4,1,71.24,2,24.0,0,0,0,0,High
19-01-2026,Monday,3,11:15,12:15,Research Methodology,IT25,F_MLK,2,MCA,B,403,102,77,75.49,76.47,1.0,Theory,Yes,No,No,Rainy,No,8.1,Morning,Provided - user uploaded timetable,Synthetic development data,60.0,19,4,1,77.77666666666667,3,24.0,1,0,0,0,High
19-01-2026,Monday,4,13:30,14:30,Cyber Security,IT23,F_DPY,2,MCA,B,403,102,63,61.76,75.49,2.25,Theory,Yes,No,No,Cloudy,No,13.8,Afternoon,Provided - user uploaded timetable,Synthetic development data,60.0,19,4,1,78.10333333333334,4,24.0,1,0,0,0,Medium
19-01-2026,Monday,5,14:30,15:30,Club Activities,CLUB,TBD,2,MCA,B,403,102,74,72.55,61.76,1.0,Special Event,No,No,No,Rainy,Yes,8.6,Afternoon,Provided - user uploaded timetable,Synthetic development data,60.0,19,4,1,71.24,5,24.0,0,0,0,1,Medium
20-01-2026,Tuesday,1,9:15,10:15,Software Project Management,IT24,F_JSP_MST,2,MCA,B,403,102,85,83.33,72.55,18.75,Theory,No,No,No,Rainy,No,2.4,Morning,Provided - user uploaded timetable,Synthetic development data,60.0,20,4,1,69.93333333333332,1,25.0,0,0,0,0,High
20-01-2026,Tuesday,2,10:15,11:15,Full Stack Development,IT22,F_ASP_RSZ,2,MCA,B,403,102,68,66.67,83.33,1.0,Theory,No,No,No,Sunny,No,3.1,Morning,Provided - user uploaded timetable,Synthetic development data,60.0,20,4,1,72.54666666666667,2,25.0,0,0,0,0,Medium
20-01-2026,Tuesday,3,11:15,12:15,Research Methodology,IT25,F_MLK,2,MCA,B,403,102,75,73.53,66.67,1.0,Theory,No,No,No,Sunny,No,2.7,Morning,Provided - user uploaded timetable,Synthetic development data,60.0,20,4,1,74.18333333333332,3,25.0,0,0,0,0,Medium
20-01-2026,Tuesday,4,13:30,14:30,Mini Project - Faculty Interaction,ITC21,TBD,2,MCA,B,403,102,72,70.59,73.53,2.25,Project,No,No,No,Cloudy,No,8.6,Afternoon,Provided - user uploaded timetable,Synthetic development data,60.0,20,4,1,74.51,4,25.0,0,0,0,0,Medium
20-01-2026,Tuesday,5,14:30,15:30,Mini Project - Faculty Interaction,ITC21,TBD,2,MCA,B,403,102,74,72.55,70.59,1.0,Project,No,No,No,Cloudy,No,8.6,Afternoon,Provided - user uploaded timetable,Synthetic development data,60.0,20,4,1,70.26333333333334,5,25.0,0,0,0,0,Medium
21-01-2026,Wednesday,1,9:15,10:15,Cyber Security,IT23,F_DPY,2,MCA,B,403,102,74,72.55,72.55,18.75,Theory,No,No,No,Cloudy,No,4.2,Morning,Provided - user uploaded timetable,Synthetic development data,60.0,21,4,1,72.22333333333334,1,26.0,0,0,0,0,Medium
21-01-2026,Wednesday,2,10:15,11:15,Software Project Management,IT24,F_JSP_MST,2,MCA,B,403,102,75,73.53,72.55,1.0,Theory,No,No,No,Sunny,No,12.1,Morning,Provided - user uploaded timetable,Synthetic development data,60.0,21,4,1,71.89666666666666,2,26.0,0,0,0,0,Medium
21-01-2026,Wednesday,3,11:15,12:15,Java Programming,IT21,F_VSN_SDM,2,MCA,B,403,102,81,79.41,73.53,1.0,Theory,No,No,No,Rainy,No,2.3,Morning,Provided - user uploaded timetable,Synthetic development data,60.0,21,4,1,72.87666666666667,3,26.0,0,0,0,0,High
21-01-2026,Wednesday,4,13:30,14:30,Full Stack Development Practical,ITL21-FSD,F_ASP_RSZ_SP_KSD,2,MCA,B,401/402,102,82,80.39,79.41,2.25,Practical,No,No,No,Cloudy,No,7.2,Afternoon,Provided - user uploaded timetable,Synthetic development data,60.0,21,4,1,75.16333333333333,4,26.0,0,0,0,0,High
21-01-2026,Wednesday,5,14:30,15:30,Full Stack Development Practical,ITL21-FSD,F_ASP_RSZ_SP_KSD,2,MCA,B,401/402,102,77,75.49,80.39,1.0,Practical,No,Yes,No,Rainy,No,12.8,Afternoon,Provided - user uploaded timetable,Synthetic development data,60.0,21,4,1,77.77666666666666,5,26.0,0,1,0,0,High
22-01-2026,Thursday,1,9:15,10:15,Java Programming,IT21,F_VSN_SDM,2,MCA,B,403,102,84,82.35,75.49,18.75,Theory,No,No,No,Cloudy,No,4.3,Morning,Provided - user uploaded timetable,Synthetic development data,60.0,22,4,1,78.42999999999999,1,27.0,0,0,0,0,High
22-01-2026,Thursday,2,10:15,11:15,Research Methodology,IT25,F_MLK,2,MCA,B,403,102,80,78.43,82.35,1.0,Theory,No,No,No,Rainy,No,12.5,Morning,Provided - user uploaded timetable,Synthetic development data,60.0,22,4,1,79.41,2,27.0,0,0,0,0,High
22-01-2026,Thursday,3,11:15,12:15,Full Stack Development,IT22,F_ASP_RSZ,2,MCA,B,403,102,72,70.59,78.43,1.0,Theory,No,No,No,Cloudy,No,12.7,Morning,Provided - user uploaded timetable,Synthetic development data,60.0,22,4,1,78.75666666666666,3,27.0,0,0,0,0,Medium
22-01-2026,Thursday,4,13:30,14:30,Java Practical,ITL21-JAVA,F_SDM_VSN_KSD_SSP,2,MCA,B,401/402,102,85,83.33,70.59,2.25,Practical,No,No,No,Sunny,No,12.8,Afternoon,Provided - user uploaded timetable,Synthetic development data,60.0,22,4,1,77.12333333333333,4,27.0,0,0,0,0,High
22-01-2026,Thursday,5,14:30,15:30,Java Practical,ITL21-JAVA,F_SDM_VSN_KSD_SSP,2,MCA,B,401/402,102,83,81.37,83.33,1.0,Practical,No,No,No,Sunny,No,11.8,Afternoon,Provided - user uploaded timetable,Synthetic development data,60.0,22,4,1,77.45,5,27.0,0,0,0,0,High
23-01-2026,Friday,1,9:15,10:15,Software Project Management,IT24,F_JSP_MST,2,MCA,B,403,102,74,72.55,81.37,18.75,Theory,No,No,No,Cloudy,No,10.4,Morning,Provided - user uploaded timetable,Synthetic development data,60.0,23,4,1,78.43,1,28.0,0,0,0,0,Medium
23-01-2026,Friday,2,10:15,11:15,Java Programming,IT21,F_VSN_SDM,2,MCA,B,403,102,79,77.45,72.55,1.0,Theory,No,No,No,Sunny,No,5.8,Morning,Provided - user uploaded timetable,Synthetic development data,60.0,23,4,1,79.08333333333333,2,28.0,0,0,0,0,High
23-01-2026,Friday,3,11:15,12:15,Full Stack Development,IT22,F_ASP_RSZ,2,MCA,B,403,102,78,76.47,77.45,1.0,Theory,No,No,No,Rainy,No,9.6,Morning,Provided - user uploaded timetable,Synthetic development data,60.0,23,4,1,77.12333333333333,3,28.0,0,0,0,0,High
23-01-2026,Friday,4,13:30,14:30,Cyber Security,IT23,F_DPY,2,MCA,B,403,102,69,67.65,76.47,2.25,Theory,No,No,No,Cloudy,No,15.0,Afternoon,Provided - user uploaded timetable,Synthetic development data,60.0,23,4,1,75.49000000000001,4,28.0,0,0,0,0,Medium
23-01-2026,Friday,5,14:30,15:30,IRP,IRP2,F_SDM,2,MCA,B,403,102,69,67.65,67.65,1.0,Theory,No,No,No,Cloudy,No,5.5,Afternoon,Provided - user uploaded timetable,Synthetic development data,60.0,23,4,1,73.85666666666667,5,28.0,0,0,0,0,Medium
24-01-2026,Saturday,1,11:15,12:15,Training And Placement / Mini Project Training,P201,TBD,2,MCA,B,403,102,73,71.57,67.65,20.75,Project,No,No,No,Rainy,No,8.6,Morning,Provided - user uploaded timetable,Synthetic development data,60.0,24,4,1,70.59000000000002,1,29.0,0,0,0,0,Medium
27-01-2026,Tuesday,1,9:15,10:15,Software Project Management,IT24,F_JSP_MST,2,MCA,B,403,102,75,73.53,71.57,70.0,Theory,No,No,Yes,Sunny,No,13.3,Morning,Provided - user uploaded timetable,Synthetic development data,60.0,27,5,1,68.95666666666666,1,32.0,0,0,1,0,Medium
27-01-2026,Tuesday,2,10:15,11:15,Full Stack Development,IT22,F_ASP_RSZ,2,MCA,B,403,102,69,67.65,73.53,1.0,Theory,No,No,Yes,Cloudy,No,6.4,Morning,Provided - user uploaded timetable,Synthetic development data,60.0,27,5,1,70.91666666666667,2,32.0,0,0,1,0,Medium
27-01-2026,Tuesday,3,11:15,12:15,Research Methodology,IT25,F_MLK,2,MCA,B,403,102,72,70.59,67.65,1.0,Theory,No,No,Yes,Cloudy,No,3.5,Morning,Provided - user uploaded timetable,Synthetic development data,60.0,27,5,1,70.91666666666667,3,32.0,0,0,1,0,Medium
27-01-2026,Tuesday,4,13:30,14:30,Mini Project - Faculty Interaction,ITC21,TBD,2,MCA,B,403,102,67,65.69,70.59,2.25,Project,Yes,No,Yes,Rainy,No,8.6,Afternoon,Provided - user uploaded timetable,Synthetic development data,60.0,27,5,1,70.58999999999999,4,32.0,1,0,1,0,Medium
27-01-2026,Tuesday,5,14:30,15:30,Mini Project - Faculty Interaction,ITC21,TBD,2,MCA,B,403,102,64,62.75,65.69,1.0,Project,No,Yes,Yes,Sunny,No,8.6,Afternoon,Provided - user uploaded timetable,Synthetic development data,60.0,27,5,1,67.97666666666667,5,32.0,0,1,1,0,Medium
28-01-2026,Wednesday,1,9:15,10:15,Cyber Security,IT23,F_DPY,2,MCA,B,403,102,66,64.71,62.75,18.75,Theory,No,No,No,Cloudy,No,10.6,Morning,Provided - user uploaded timetable,Synthetic development data,60.0,28,5,1,66.34333333333332,1,1.0,0,0,0,0,Medium
28-01-2026,Wednesday,2,10:15,11:15,Software Project Management,IT24,F_JSP_MST,2,MCA,B,403,102,79,77.45,64.71,1.0,Theory,No,No,No,Sunny,No,4.0,Morning,Provided - user uploaded timetable,Synthetic development data,60.0,28,5,1,64.38333333333334,2,1.0,0,0,0,0,High
28-01-2026,Wednesday,3,11:15,12:15,Java Programming,IT21,F_VSN_SDM,2,MCA,B,403,102,82,80.39,77.45,1.0,Theory,No,No,No,Cloudy,No,5.8,Morning,Provided - user uploaded timetable,Synthetic development data,60.0,28,5,1,68.30333333333333,3,1.0,0,0,0,0,High
28-01-2026,Wednesday,4,13:30,14:30,Full Stack Development Practical,ITL21-FSD,F_ASP_RSZ_SP_KSD,2,MCA,B,401/402,102,76,74.51,80.39,2.25,Practical,No,No,No,Rainy,No,13.2,Afternoon,Provided - user uploaded timetable,Synthetic development data,60.0,28,5,1,74.18333333333334,4,1.0,0,0,0,0,Medium
28-01-2026,Wednesday,5,14:30,15:30,Full Stack Development Practical,ITL21-FSD,F_ASP_RSZ_SP_KSD,2,MCA,B,401/402,102,81,79.41,74.51,1.0,Practical,Yes,No,No,Cloudy,No,12.2,Afternoon,Provided - user uploaded timetable,Synthetic development data,60.0,28,5,1,77.45,5,1.0,1,0,0,0,High
29-01-2026,Thursday,1,9:15,10:15,Java Programming,IT21,F_VSN_SDM,2,MCA,B,403,102,85,83.33,79.41,18.75,Theory,No,No,No,Cloudy,No,3.0,Morning,Provided - user uploaded timetable,Synthetic development data,60.0,29,5,1,78.10333333333334,1,2.0,0,0,0,0,High
29-01-2026,Thursday,2,10:15,11:15,Research Methodology,IT25,F_MLK,2,MCA,B,403,102,67,65.69,83.33,1.0,Theory,Yes,No,No,Cloudy,No,9.8,Morning,Provided - user uploaded timetable,Synthetic development data,60.0,29,5,1,79.08333333333333,2,2.0,1,0,0,0,Medium
29-01-2026,Thursday,3,11:15,12:15,Full Stack Development,IT22,F_ASP_RSZ,2,MCA,B,403,102,72,70.59,65.69,1.0,Theory,Yes,No,No,Rainy,No,12.9,Morning,Provided - user uploaded timetable,Synthetic development data,60.0,29,5,1,76.14333333333333,3,2.0,1,0,0,0,Medium
29-01-2026,Thursday,4,13:30,14:30,Java Practical,ITL21-JAVA,F_SDM_VSN_KSD_SSP,2,MCA,B,401/402,102,83,81.37,70.59,2.25,Practical,No,No,No,Rainy,No,12.7,Afternoon,Provided - user uploaded timetable,Synthetic development data,60.0,29,5,1,73.20333333333333,4,2.0,0,0,0,0,High
29-01-2026,Thursday,5,14:30,15:30,Java Practical,ITL21-JAVA,F_SDM_VSN_KSD_SSP,2,MCA,B,401/402,102,83,81.37,81.37,1.0,Practical,No,No,No,Sunny,No,8.1,Afternoon,Provided - user uploaded timetable,Synthetic development data,60.0,29,5,1,72.55000000000001,5,2.0,0,0,0,0,High
30-01-2026,Friday,1,9:15,10:15,Software Project Management,IT24,F_JSP_MST,2,MCA,B,403,102,82,80.39,81.37,18.75,Theory,Yes,Yes,No,Cloudy,No,6.2,Morning,Provided - user uploaded timetable,Synthetic development data,60.0,30,5,1,77.77666666666669,1,3.0,1,1,0,0,High
30-01-2026,Friday,2,10:15,11:15,Java Programming,IT21,F_VSN_SDM,2,MCA,B,403,102,78,76.47,80.39,1.0,Theory,No,No,No,Rainy,No,12.7,Morning,Provided - user uploaded timetable,Synthetic development data,60.0,30,5,1,81.04333333333334,2,3.0,0,0,0,0,High
30-01-2026,Friday,3,11:15,12:15,Full Stack Development,IT22,F_ASP_RSZ,2,MCA,B,403,102,80,78.43,76.47,1.0,Theory,Yes,No,No,Cloudy,No,7.4,Morning,Provided - user uploaded timetable,Synthetic development data,60.0,30,5,1,79.41,3,3.0,1,0,0,0,High
30-01-2026,Friday,4,13:30,14:30,Cyber Security,IT23,F_DPY,2,MCA,B,403,102,63,61.76,78.43,2.25,Theory,No,No,No,Cloudy,No,10.1,Afternoon,Provided - user uploaded timetable,Synthetic development data,60.0,30,5,1,78.43,4,3.0,0,0,0,0,Medium
30-01-2026,Friday,5,14:30,15:30,IRP,IRP2,F_SDM,2,MCA,B,403,102,64,62.75,61.76,1.0,Theory,No,No,No,Rainy,No,3.7,Afternoon,Provided - user uploaded timetable,Synthetic development data,60.0,30,5,1,72.22,5,3.0,0,0,0,0,Medium
31-01-2026,Saturday,1,11:15,12:15,Training And Placement / Mini Project Training,P201,TBD,2,MCA,B,403,102,66,64.71,62.75,20.75,Project,No,No,No,Rainy,No,8.6,Morning,Provided - user uploaded timetable,Synthetic development data,60.0,31,5,1,67.64666666666666,1,4.0,0,0,0,0,Medium
02-02-2026,Monday,1,9:15,10:15,Cyber Security Practical,ITL21-CYBER,F_DPY_MSU_MLK_MST,2,MCA,B,401/402,102,89,87.25,64.71,46.0,Practical,No,No,No,Rainy,No,13.4,Morning,Provided - user uploaded timetable,Synthetic development data,60.0,33,6,2,63.07333333333333,1,6.0,0,0,0,0,High
02-02-2026,Monday,2,10:15,11:15,Cyber Security Practical,ITL21-CYBER,F_DPY_MSU_MLK_MST,2,MCA,B,401/402,102,84,82.35,87.25,1.0,Practical,No,No,No,Cloudy,No,6.4,Morning,Provided - user uploaded timetable,Synthetic development data,60.0,33,6,2,71.57000000000001,2,6.0,0,0,0,0,High
02-02-2026,Monday,3,11:15,12:15,Research Methodology,IT25,F_MLK,2,MCA,B,403,102,69,67.65,82.35,1.0,Theory,No,No,No,Sunny,No,5.7,Morning,Provided - user uploaded timetable,Synthetic development data,60.0,33,6,2,78.10333333333334,3,6.0,0,0,0,0,Medium
02-02-2026,Monday,4,13:30,14:30,Cyber Security,IT23,F_DPY,2,MCA,B,403,102,64,62.75,67.65,2.25,Theory,No,No,No,Rainy,No,8.4,Afternoon,Provided - user uploaded timetable,Synthetic development data,60.0,33,6,2,79.08333333333333,4,6.0,0,0,0,0,Medium
02-02-2026,Monday,5,14:30,15:30,Club Activities,CLUB,TBD,2,MCA,B,403,102,70,68.63,62.75,1.0,Special Event,No,No,No,Cloudy,Yes,8.6,Afternoon,Provided - user uploaded timetable,Synthetic development data,60.0,33,6,2,70.91666666666667,5,6.0,0,0,0,1,Medium
03-02-2026,Tuesday,1,9:15,10:15,Software Project Management,IT24,F_JSP_MST,2,MCA,B,403,102,82,80.39,68.63,18.75,Theory,Yes,No,No,Rainy,No,6.3,Morning,Provided - user uploaded timetable,Synthetic development data,60.0,34,6,2,66.34333333333333,1,7.0,1,0,0,0,High
03-02-2026,Tuesday,2,10:15,11:15,Full Stack Development,IT22,F_ASP_RSZ,2,MCA,B,403,102,66,64.71,80.39,1.0,Theory,No,No,No,Sunny,No,8.8,Morning,Provided - user uploaded timetable,Synthetic development data,60.0,34,6,2,70.58999999999999,2,7.0,0,0,0,0,Medium
03-02-2026,Tuesday,3,11:15,12:15,Research Methodology,IT25,F_MLK,2,MCA,B,403,102,75,73.53,64.71,1.0,Theory,No,No,No,Cloudy,No,13.3,Morning,Provided - user uploaded timetable,Synthetic development data,60.0,34,6,2,71.24333333333333,3,7.0,0,0,0,0,Medium
03-02-2026,Tuesday,4,13:30,14:30,Mini Project - Faculty Interaction,ITC21,TBD,2,MCA,B,403,102,67,65.69,73.53,2.25,Project,No,Yes,No,Cloudy,No,8.6,Afternoon,Provided - user uploaded timetable,Synthetic development data,60.0,34,6,2,72.87666666666667,4,7.0,0,1,0,0,Medium
03-02-2026,Tuesday,5,14:30,15:30,Mini Project - Faculty Interaction,ITC21,TBD,2,MCA,B,403,102,75,73.53,65.69,1.0,Project,No,No,No,Rainy,No,8.6,Afternoon,Provided - user uploaded timetable,Synthetic development data,60.0,34,6,2,67.97666666666667,5,7.0,0,0,0,0,Medium
04-02-2026,Wednesday,1,9:15,10:15,Cyber Security,IT23,F_DPY,2,MCA,B,403,102,71,69.61,73.53,18.75,Theory,No,No,No,Cloudy,No,13.7,Morning,Provided - user uploaded timetable,Synthetic development data,60.0,35,6,2,70.91666666666667,1,8.0,0,0,0,0,Medium
04-02-2026,Wednesday,2,10:15,11:15,Software Project Management,IT24,F_JSP_MST,2,MCA,B,403,102,76,74.51,69.61,1.0,Theory,Yes,No,No,Cloudy,No,6.7,Morning,Provided - user uploaded timetable,Synthetic development data,60.0,35,6,2,69.61,2,8.0,1,0,0,0,Medium
04-02-2026,Wednesday,3,11:15,12:15,Java Programming,IT21,F_VSN_SDM,2,MCA,B,403,102,76,74.51,74.51,1.0,Theory,No,No,No,Cloudy,No,9.4,Morning,Provided - user uploaded timetable,Synthetic development data,60.0,35,6,2,72.55,3,8.0,0,0,0,0,Medium
04-02-2026,Wednesday,4,13:30,14:30,Full Stack Development Practical,ITL21-FSD,F_ASP_RSZ_SP_KSD,2,MCA,B,401/402,102,90,88.24,74.51,2.25,Practical,No,No,No,Sunny,No,9.9,Afternoon,Provided - user uploaded timetable,Synthetic development data,60.0,35,6,2,72.87666666666667,4,8.0,0,0,0,0,High
04-02-2026,Wednesday,5,14:30,15:30,Full Stack Development Practical,ITL21-FSD,F_ASP_RSZ_SP_KSD,2,MCA,B,401/402,102,83,81.37,88.24,1.0,Practical,No,No,No,Cloudy,No,13.9,Afternoon,Provided - user uploaded timetable,Synthetic development data,60.0,35,6,2,79.08666666666666,5,8.0,0,0,0,0,High
05-02-2026,Thursday,1,9:15,10:15,Java Programming,IT21,F_VSN_SDM,2,MCA,B,403,102,77,75.49,81.37,18.75,Theory,No,No,No,Sunny,No,7.0,Morning,Provided - user uploaded timetable,Synthetic development data,60.0,36,6,2,81.37333333333333,1,9.0,0,0,0,0,High
05-02-2026,Thursday,2,10:15,11:15,Research Methodology,IT25,F_MLK,2,MCA,B,403,102,81,79.41,75.49,1.0,Theory,No,No,No,Rainy,No,5.8,Morning,Provided - user uploaded timetable,Synthetic development data,60.0,36,6,2,81.7,2,9.0,0,0,0,0,High
05-02-2026,Thursday,3,11:15,12:15,Full Stack Development,IT22,F_ASP_RSZ,2,MCA,B,403,102,73,71.57,79.41,1.0,Theory,No,No,No,Cloudy,No,2.1,Morning,Provided - user uploaded timetable,Synthetic development data,60.0,36,6,2,78.75666666666666,3,9.0,0,0,0,0,Medium
05-02-2026,Thursday,4,13:30,14:30,Java Practical,ITL21-JAVA,F_SDM_VSN_KSD_SSP,2,MCA,B,401/402,102,83,81.37,71.57,2.25,Practical,No,No,No,Sunny,No,13.8,Afternoon,Provided - user uploaded timetable,Synthetic development data,60.0,36,6,2,75.49,4,9.0,0,0,0,0,High
05-02-2026,Thursday,5,14:30,15:30,Java Practical,ITL21-JAVA,F_SDM_VSN_KSD_SSP,2,MCA,B,401/402,102,85,83.33,81.37,1.0,Practical,No,No,No,Cloudy,No,12.1,Afternoon,Provided - user uploaded timetable,Synthetic development data,60.0,36,6,2,77.44999999999999,5,9.0,0,0,0,0,High
06-02-2026,Friday,1,9:15,10:15,Software Project Management,IT24,F_JSP_MST,2,MCA,B,403,102,72,70.59,83.33,18.75,Theory,No,No,No,Rainy,No,7.4,Morning,Provided - user uploaded timetable,Synthetic development data,60.0,37,6,2,78.75666666666667,1,10.0,0,0,0,0,Medium
06-02-2026,Friday,2,10:15,11:15,Java Programming,IT21,F_VSN_SDM,2,MCA,B,403,102,88,86.27,70.59,1.0,Theory,No,No,No,Cloudy,No,8.9,Morning,Provided - user uploaded timetable,Synthetic development data,60.0,37,6,2,78.42999999999999,2,10.0,0,0,0,0,High
06-02-2026,Friday,3,11:15,12:15,Full Stack Development,IT22,F_ASP_RSZ,2,MCA,B,403,102,69,67.65,86.27,1.0,Theory,No,No,No,Cloudy,No,13.9,Morning,Provided - user uploaded timetable,Synthetic development data,60.0,37,6,2,80.06333333333333,3,10.0,0,0,0,0,Medium
06-02-2026,Friday,4,13:30,14:30,Cyber Security,IT23,F_DPY,2,MCA,B,403,102,65,63.73,67.65,2.25,Theory,No,No,No,Cloudy,No,11.7,Afternoon,Provided - user uploaded timetable,Synthetic development data,60.0,37,6,2,74.83666666666666,4,10.0,0,0,0,0,Medium
06-02-2026,Friday,5,14:30,15:30,IRP,IRP2,F_SDM,2,MCA,B,403,102,66,64.71,63.73,1.0,Theory,No,Yes,No,Sunny,No,3.8,Afternoon,Provided - user uploaded timetable,Synthetic development data,60.0,37,6,2,72.55,5,10.0,0,1,0,0,Medium
07-02-2026,Saturday,1,11:15,12:15,Training And Placement / Mini Project Training,P201,TBD,2,MCA,B,403,102,58,56.86,64.71,20.75,Project,No,No,No,Rainy,No,8.6,Morning,Provided - user uploaded timetable,Synthetic development data,60.0,38,6,2,65.36333333333333,1,11.0,0,0,0,0,Medium
09-02-2026,Monday,1,9:15,10:15,Cyber Security Practical,ITL21-CYBER,F_DPY_MSU_MLK_MST,2,MCA,B,401/402,102,81,79.41,56.86,46.0,Practical,No,No,No,Cloudy,No,3.5,Morning,Provided - user uploaded timetable,Synthetic development data,60.0,40,7,2,61.76666666666667,1,13.0,0,0,0,0,High
09-02-2026,Monday,2,10:15,11:15,Cyber Security Practical,ITL21-CYBER,F_DPY_MSU_MLK_MST,2,MCA,B,401/402,102,84,82.35,79.41,1.0,Practical,Yes,Yes,No,Cloudy,No,3.5,Morning,Provided - user uploaded timetable,Synthetic development data,60.0,40,7,2,66.99333333333333,2,13.0,1,1,0,0,High
09-02-2026,Monday,3,11:15,12:15,Research Methodology,IT25,F_MLK,2,MCA,B,403,102,72,70.59,82.35,1.0,Theory,No,No,No,Cloudy,No,7.9,Morning,Provided - user uploaded timetable,Synthetic development data,60.0,40,7,2,72.87333333333333,3,13.0,0,0,0,0,Medium
09-02-2026,Monday,4,13:30,14:30,Cyber Security,IT23,F_DPY,2,MCA,B,403,102,68,66.67,70.59,2.25,Theory,No,No,No,Rainy,No,7.4,Afternoon,Provided - user uploaded timetable,Synthetic development data,60.0,40,7,2,77.44999999999999,4,13.0,0,0,0,0,Medium
09-02-2026,Monday,5,14:30,15:30,Club Activities,CLUB,TBD,2,MCA,B,403,102,70,68.63,66.67,1.0,Special Event,No,No,No,Cloudy,Yes,8.6,Afternoon,Provided - user uploaded timetable,Synthetic development data,60.0,40,7,2,73.20333333333333,5,13.0,0,0,0,1,Medium
10-02-2026,Tuesday,1,9:15,10:15,Software Project Management,IT24,F_JSP_MST,2,MCA,B,403,102,82,80.39,68.63,18.75,Theory,No,Yes,No,Sunny,No,10.3,Morning,Provided - user uploaded timetable,Synthetic development data,60.0,41,7,2,68.63,1,14.0,0,1,0,0,High
10-02-2026,Tuesday,2,10:15,11:15,Full Stack Development,IT22,F_ASP_RSZ,2,MCA,B,403,102,78,76.47,80.39,1.0,Theory,No,Yes,No,Cloudy,No,5.2,Morning,Provided - user uploaded timetable,Synthetic development data,60.0,41,7,2,71.89666666666666,2,14.0,0,1,0,0,High
10-02-2026,Tuesday,3,11:15,12:15,Research Methodology,IT25,F_MLK,2,MCA,B,403,102,71,69.61,76.47,1.0,Theory,No,No,No,Sunny,No,12.8,Morning,Provided - user uploaded timetable,Synthetic development data,60.0,41,7,2,75.16333333333334,3,14.0,0,0,0,0,Medium
10-02-2026,Tuesday,4,13:30,14:30,Mini Project - Faculty Interaction,ITC21,TBD,2,MCA,B,403,102,69,67.65,69.61,2.25,Project,No,No,No,Sunny,No,8.6,Afternoon,Provided - user uploaded timetable,Synthetic development data,60.0,41,7,2,75.49,4,14.0,0,0,0,0,Medium
10-02-2026,Tuesday,5,14:30,15:30,Mini Project - Faculty Interaction,ITC21,TBD,2,MCA,B,403,102,68,66.67,67.65,1.0,Project,No,No,No,Rainy,No,8.6,Afternoon,Provided - user uploaded timetable,Synthetic development data,60.0,41,7,2,71.24333333333333,5,14.0,0,0,0,0,Medium
11-02-2026,Wednesday,1,9:15,10:15,Cyber Security,IT23,F_DPY,2,MCA,B,403,102,74,72.55,66.67,18.75,Theory,No,No,No,Cloudy,No,8.5,Morning,Provided - user uploaded timetable,Synthetic development data,60.0,42,7,2,67.97666666666667,1,15.0,0,0,0,0,Medium
11-02-2026,Wednesday,2,10:15,11:15,Software Project Management,IT24,F_JSP_MST,2,MCA,B,403,102,83,81.37,72.55,1.0,Theory,No,Yes,No,Rainy,No,8.8,Morning,Provided - user uploaded timetable,Synthetic development data,60.0,42,7,2,68.95666666666666,2,15.0,0,1,0,0,High
11-02-2026,Wednesday,3,11:15,12:15,Java Programming,IT21,F_VSN_SDM,2,MCA,B,403,102,83,81.37,81.37,1.0,Theory,No,No,No,Sunny,No,15.0,Morning,Provided - user uploaded timetable,Synthetic development data,60.0,42,7,2,73.53,3,15.0,0,0,0,0,High
11-02-2026,Wednesday,4,13:30,14:30,Full Stack Development Practical,ITL21-FSD,F_ASP_RSZ_SP_KSD,2,MCA,B,401/402,102,76,74.51,81.37,2.25,Practical,No,No,No,Sunny,No,8.4,Afternoon,Provided - user uploaded timetable,Synthetic development data,60.0,42,7,2,78.43,4,15.0,0,0,0,0,Medium
11-02-2026,Wednesday,5,14:30,15:30,Full Stack Development Practical,ITL21-FSD,F_ASP_RSZ_SP_KSD,2,MCA,B,401/402,102,78,76.47,74.51,1.0,Practical,No,Yes,No,Sunny,No,6.2,Afternoon,Provided - user uploaded timetable,Synthetic development data,60.0,42,7,2,79.08333333333333,5,15.0,0,1,0,0,High
12-02-2026,Thursday,1,9:15,10:15,Java Programming,IT21,F_VSN_SDM,2,MCA,B,403,102,77,75.49,76.47,18.75,Theory,No,No,No,Cloudy,No,7.4,Morning,Provided - user uploaded timetable,Synthetic development data,60.0,43,7,2,77.45,1,16.0,0,0,0,0,High
12-02-2026,Thursday,2,10:15,11:15,Research Methodology,IT25,F_MLK,2,MCA,B,403,102,77,75.49,75.49,1.0,Theory,No,No,No,Rainy,No,5.3,Morning,Provided - user uploaded timetable,Synthetic development data,60.0,43,7,2,75.49,2,16.0,0,0,0,0,High
12-02-2026,Thursday,3,11:15,12:15,Full Stack Development,IT22,F_ASP_RSZ,2,MCA,B,403,102,75,73.53,75.49,1.0,Theory,No,No,No,Cloudy,No,2.9,Morning,Provided - user uploaded timetable,Synthetic development data,60.0,43,7,2,75.81666666666666,3,16.0,0,0,0,0,Medium
12-02-2026,Thursday,4,13:30,14:30,Java Practical,ITL21-JAVA,F_SDM_VSN_KSD_SSP,2,MCA,B,401/402,102,79,77.45,73.53,2.25,Practical,No,Yes,No,Sunny,No,11.7,Afternoon,Provided - user uploaded timetable,Synthetic development data,60.0,43,7,2,74.83666666666666,4,16.0,0,1,0,0,High
12-02-2026,Thursday,5,14:30,15:30,Java Practical,ITL21-JAVA,F_SDM_VSN_KSD_SSP,2,MCA,B,401/402,102,86,84.31,77.45,1.0,Practical,No,No,No,Sunny,No,9.6,Afternoon,Provided - user uploaded timetable,Synthetic development data,60.0,43,7,2,75.49,5,16.0,0,0,0,0,High
13-02-2026,Friday,1,9:15,10:15,Software Project Management,IT24,F_JSP_MST,2,MCA,B,403,102,77,75.49,84.31,18.75,Theory,No,No,No,Sunny,No,11.9,Morning,Provided - user uploaded timetable,Synthetic development data,60.0,44,7,2,78.43,1,17.0,0,0,0,0,High
13-02-2026,Friday,2,10:15,11:15,Java Programming,IT21,F_VSN_SDM,2,MCA,B,403,102,81,79.41,75.49,1.0,Theory,No,No,No,Rainy,No,14.7,Morning,Provided - user uploaded timetable,Synthetic development data,60.0,44,7,2,79.08333333333333,2,17.0,0,0,0,0,High
13-02-2026,Friday,3,11:15,12:15,Full Stack Development,IT22,F_ASP_RSZ,2,MCA,B,403,102,76,74.51,79.41,1.0,Theory,No,No,No,Rainy,No,9.2,Morning,Provided - user uploaded timetable,Synthetic development data,60.0,44,7,2,79.73666666666666,3,17.0,0,0,0,0,Medium
13-02-2026,Friday,4,13:30,14:30,Cyber Security,IT23,F_DPY,2,MCA,B,403,102,68,66.67,74.51,2.25,Theory,No,No,No,Rainy,No,5.5,Afternoon,Provided - user uploaded timetable,Synthetic development data,60.0,44,7,2,76.47,4,17.0,0,0,0,0,Medium
13-02-2026,Friday,5,14:30,15:30,IRP,IRP2,F_SDM,2,MCA,B,403,102,68,66.67,66.67,1.0,Theory,No,No,No,Cloudy,No,14.0,Afternoon,Provided - user uploaded timetable,Synthetic development data,60.0,44,7,2,73.53000000000002,5,17.0,0,0,0,0,Medium
14-02-2026,Saturday,1,11:15,12:15,Training And Placement / Mini Project Training,P201,TBD,2,MCA,B,403,102,76,74.51,66.67,20.75,Project,No,No,No,Sunny,No,8.6,Morning,Provided - user uploaded timetable,Synthetic development data,60.0,45,7,2,69.28333333333333,1,18.0,0,0,0,0,Medium
16-02-2026,Monday,1,9:15,10:15,Cyber Security Practical,ITL21-CYBER,F_DPY_MSU_MLK_MST,2,MCA,B,401/402,102,87,85.29,74.51,46.0,Practical,No,No,No,Rainy,No,3.5,Morning,Provided - user uploaded timetable,Synthetic development data,60.0,47,8,2,69.28333333333335,1,20.0,0,0,0,0,High
16-02-2026,Monday,2,10:15,11:15,Cyber Security Practical,ITL21-CYBER,F_DPY_MSU_MLK_MST,2,MCA,B,401/402,102,84,82.35,85.29,1.0,Practical,No,No,No,Rainy,No,9.7,Morning,Provided - user uploaded timetable,Synthetic development data,60.0,47,8,2,75.49,2,20.0,0,0,0,0,High
16-02-2026,Monday,3,11:15,12:15,Research Methodology,IT25,F_MLK,2,MCA,B,403,102,70,68.63,82.35,1.0,Theory,No,No,No,Sunny,No,7.1,Morning,Provided - user uploaded timetable,Synthetic development data,60.0,47,8,2,80.71666666666667,3,20.0,0,0,0,0,Medium
16-02-2026,Monday,4,13:30,14:30,Cyber Security,IT23,F_DPY,2,MCA,B,403,102,68,66.67,68.63,2.25,Theory,No,Yes,No,Cloudy,No,14.3,Afternoon,Provided - user uploaded timetable,Synthetic development data,60.0,47,8,2,78.75666666666666,4,20.0,0,1,0,0,Medium
16-02-2026,Monday,5,14:30,15:30,Club Activities,CLUB,TBD,2,MCA,B,403,102,63,61.76,66.67,1.0,Special Event,No,No,No,Cloudy,Yes,8.6,Afternoon,Provided - user uploaded timetable,Synthetic development data,60.0,47,8,2,72.55,5,20.0,0,0,0,1,Medium
17-02-2026,Tuesday,1,9:15,10:15,Software Project Management,IT24,F_JSP_MST,2,MCA,B,403,102,76,74.51,61.76,18.75,Theory,No,No,No,Cloudy,No,2.3,Morning,Provided - user uploaded timetable,Synthetic development data,60.0,48,8,2,65.68666666666667,1,21.0,0,0,0,0,Medium
17-02-2026,Tuesday,2,10:15,11:15,Full Stack Development,IT22,F_ASP_RSZ,2,MCA,B,403,102,72,70.59,74.51,1.0,Theory,No,No,No,Rainy,No,8.0,Morning,Provided - user uploaded timetable,Synthetic development data,60.0,48,8,2,67.64666666666666,2,21.0,0,0,0,0,Medium
17-02-2026,Tuesday,3,11:15,12:15,Research Methodology,IT25,F_MLK,2,MCA,B,403,102,76,74.51,70.59,1.0,Theory,No,No,No,Cloudy,No,13.0,Morning,Provided - user uploaded timetable,Synthetic development data,60.0,48,8,2,68.95333333333333,3,21.0,0,0,0,0,Medium
17-02-2026,Tuesday,4,13:30,14:30,Mini Project - Faculty Interaction,ITC21,TBD,2,MCA,B,403,102,72,70.59,74.51,2.25,Project,No,No,No,Rainy,No,8.6,Afternoon,Provided - user uploaded timetable,Synthetic development data,60.0,48,8,2,73.20333333333333,4,21.0,0,0,0,0,Medium
17-02-2026,Tuesday,5,14:30,15:30,Mini Project - Faculty Interaction,ITC21,TBD,2,MCA,B,403,102,68,66.67,70.59,1.0,Project,Yes,No,No,Rainy,No,8.6,Afternoon,Provided - user uploaded timetable,Synthetic development data,60.0,48,8,2,71.89666666666666,5,21.0,1,0,0,0,Medium
18-02-2026,Wednesday,1,9:15,10:15,Cyber Security,IT23,F_DPY,2,MCA,B,403,102,71,69.61,66.67,18.75,Theory,No,No,No,Rainy,No,11.9,Morning,Provided - user uploaded timetable,Synthetic development data,60.0,49,8,2,70.59,1,22.0,0,0,0,0,Medium
18-02-2026,Wednesday,2,10:15,11:15,Software Project Management,IT24,F_JSP_MST,2,MCA,B,403,102,80,78.43,69.61,1.0,Theory,No,No,No,Rainy,No,10.4,Morning,Provided - user uploaded timetable,Synthetic development data,60.0,49,8,2,68.95666666666666,2,22.0,0,0,0,0,High
18-02-2026,Wednesday,3,11:15,12:15,Java Programming,IT21,F_VSN_SDM,2,MCA,B,403,102,87,85.29,78.43,1.0,Theory,No,No,No,Rainy,No,6.1,Morning,Provided - user uploaded timetable,Synthetic development data,60.0,49,8,2,71.57000000000001,3,22.0,0,0,0,0,High
18-02-2026,Wednesday,4,13:30,14:30,Full Stack Development Practical,ITL21-FSD,F_ASP_RSZ_SP_KSD,2,MCA,B,401/402,102,85,83.33,85.29,2.25,Practical,No,No,No,Rainy,No,5.9,Afternoon,Provided - user uploaded timetable,Synthetic development data,60.0,49,8,2,77.77666666666667,4,22.0,0,0,0,0,High
18-02-2026,Wednesday,5,14:30,15:30,Full Stack Development Practical,ITL21-FSD,F_ASP_RSZ_SP_KSD,2,MCA,B,401/402,102,80,78.43,83.33,1.0,Practical,No,Yes,No,Rainy,No,3.0,Afternoon,Provided - user uploaded timetable,Synthetic development data,60.0,49,8,2,82.35000000000001,5,22.0,0,1,0,0,High
19-02-2026,Thursday,1,9:15,10:15,Java Programming,IT21,F_VSN_SDM,2,MCA,B,403,102,75,73.53,78.43,18.75,Theory,No,No,No,Cloudy,No,14.8,Morning,Provided - user uploaded timetable,Synthetic development data,60.0,50,8,2,82.35000000000001,1,23.0,0,0,0,0,Medium
19-02-2026,Thursday,2,10:15,11:15,Research Methodology,IT25,F_MLK,2,MCA,B,403,102,77,75.49,73.53,1.0,Theory,No,No,No,Sunny,No,5.2,Morning,Provided - user uploaded timetable,Synthetic development data,60.0,50,8,2,78.43,2,23.0,0,0,0,0,High
19-02-2026,Thursday,3,11:15,12:15,Full Stack Development,IT22,F_ASP_RSZ,2,MCA,B,403,102,84,82.35,75.49,1.0,Theory,No,No,No,Rainy,No,9.9,Morning,Provided - user uploaded timetable,Synthetic development data,60.0,50,8,2,75.81666666666668,3,23.0,0,0,0,0,High
19-02-2026,Thursday,4,13:30,14:30,Java Practical,ITL21-JAVA,F_SDM_VSN_KSD_SSP,2,MCA,B,401/402,102,80,78.43,82.35,2.25,Practical,No,No,No,Cloudy,No,7.3,Afternoon,Provided - user uploaded timetable,Synthetic development data,60.0,50,8,2,77.12333333333332,4,23.0,0,0,0,0,High
19-02-2026,Thursday,5,14:30,15:30,Java Practical,ITL21-JAVA,F_SDM_VSN_KSD_SSP,2,MCA,B,401/402,102,83,81.37,78.43,1.0,Practical,No,No,No,Rainy,No,10.4,Afternoon,Provided - user uploaded timetable,Synthetic development data,60.0,50,8,2,78.75666666666666,5,23.0,0,0,0,0,High
20-02-2026,Friday,1,9:15,10:15,Software Project Management,IT24,F_JSP_MST,2,MCA,B,403,102,75,73.53,81.37,18.75,Theory,No,No,No,Cloudy,No,12.6,Morning,Provided - user uploaded timetable,Synthetic development data,60.0,51,8,2,80.71666666666667,1,24.0,0,0,0,0,Medium
20-02-2026,Friday,2,10:15,11:15,Java Programming,IT21,F_VSN_SDM,2,MCA,B,403,102,80,78.43,73.53,1.0,Theory,No,No,No,Rainy,No,15.0,Morning,Provided - user uploaded timetable,Synthetic development data,60.0,51,8,2,77.77666666666667,2,24.0,0,0,0,0,High
20-02-2026,Friday,3,11:15,12:15,Full Stack Development,IT22,F_ASP_RSZ,2,MCA,B,403,102,79,77.45,78.43,1.0,Theory,No,Yes,No,Rainy,No,7.5,Morning,Provided - user uploaded timetable,Synthetic development data,60.0,51,8,2,77.77666666666667,3,24.0,0,1,0,0,High
20-02-2026,Friday,4,13:30,14:30,Cyber Security,IT23,F_DPY,2,MCA,B,403,102,75,73.53,77.45,2.25,Theory,No,No,No,Sunny,No,14.4,Afternoon,Provided - user uploaded timetable,Synthetic development data,60.0,51,8,2,76.47000000000001,4,24.0,0,0,0,0,Medium
20-02-2026,Friday,5,14:30,15:30,IRP,IRP2,F_SDM,2,MCA,B,403,102,70,68.63,73.53,1.0,Theory,No,No,No,Sunny,No,4.9,Afternoon,Provided - user uploaded timetable,Synthetic development data,60.0,51,8,2,76.47000000000001,5,24.0,0,0,0,0,Medium
21-02-2026,Saturday,1,11:15,12:15,Training And Placement / Mini Project Training,P201,TBD,2,MCA,B,403,102,61,59.8,68.63,20.75,Project,No,No,No,Rainy,No,8.6,Morning,Provided - user uploaded timetable,Synthetic development data,60.0,52,8,2,73.20333333333333,1,25.0,0,0,0,0,Medium
23-02-2026,Monday,1,9:15,10:15,Cyber Security Practical,ITL21-CYBER,F_DPY_MSU_MLK_MST,2,MCA,B,401/402,102,81,79.41,59.8,46.0,Practical,No,No,No,Cloudy,No,13.8,Morning,Provided - user uploaded timetable,Synthetic development data,60.0,54,9,2,67.32000000000001,1,27.0,0,0,0,0,High
23-02-2026,Monday,2,10:15,11:15,Cyber Security Practical,ITL21-CYBER,F_DPY_MSU_MLK_MST,2,MCA,B,401/402,102,73,71.57,79.41,1.0,Practical,No,No,No,Rainy,No,14.8,Morning,Provided - user uploaded timetable,Synthetic development data,60.0,54,9,2,69.28,2,27.0,0,0,0,0,Medium
23-02-2026,Monday,3,11:15,12:15,Research Methodology,IT25,F_MLK,2,MCA,B,403,102,72,70.59,71.57,1.0,Theory,No,No,No,Cloudy,No,8.5,Morning,Provided - user uploaded timetable,Synthetic development data,60.0,54,9,2,70.25999999999999,3,27.0,0,0,0,0,Medium
23-02-2026,Monday,4,13:30,14:30,Cyber Security,IT23,F_DPY,2,MCA,B,403,102,63,61.76,70.59,2.25,Theory,No,No,No,Sunny,No,12.4,Afternoon,Provided - user uploaded timetable,Synthetic development data,60.0,54,9,2,73.85666666666667,4,27.0,0,0,0,0,Medium
23-02-2026,Monday,5,14:30,15:30,Club Activities,CLUB,TBD,2,MCA,B,403,102,67,65.69,61.76,1.0,Special Event,No,No,No,Rainy,Yes,8.6,Afternoon,Provided - user uploaded timetable,Synthetic development data,60.0,54,9,2,67.97333333333333,5,27.0,0,0,0,1,Medium
24-02-2026,Tuesday,1,9:15,10:15,Software Project Management,IT24,F_JSP_MST,2,MCA,B,403,102,81,79.41,65.69,18.75,Theory,No,No,No,Cloudy,No,4.9,Morning,Provided - user uploaded timetable,Synthetic development data,60.0,55,9,2,66.01333333333334,1,28.0,0,0,0,0,High
24-02-2026,Tuesday,2,10:15,11:15,Full Stack Development,IT22,F_ASP_RSZ,2,MCA,B,403,102,70,68.63,79.41,1.0,Theory,No,Yes,No,Rainy,No,10.4,Morning,Provided - user uploaded timetable,Synthetic development data,60.0,55,9,2,68.95333333333333,2,28.0,0,1,0,0,Medium
24-02-2026,Tuesday,3,11:15,12:15,Research Methodology,IT25,F_MLK,2,MCA,B,403,102,84,82.35,68.63,1.0,Theory,No,No,No,Cloudy,No,13.9,Morning,Provided - user uploaded timetable,Synthetic development data,60.0,55,9,2,71.24333333333333,3,28.0,0,0,0,0,High
24-02-2026,Tuesday,4,13:30,14:30,Mini Project - Faculty Interaction,ITC21,TBD,2,MCA,B,403,102,76,74.51,82.35,2.25,Project,No,No,No,Rainy,No,8.6,Afternoon,Provided - user uploaded timetable,Synthetic development data,60.0,55,9,2,76.79666666666667,4,28.0,0,0,0,0,Medium
24-02-2026,Tuesday,5,14:30,15:30,Mini Project - Faculty Interaction,ITC21,TBD,2,MCA,B,403,102,68,66.67,74.51,1.0,Project,No,No,No,Sunny,No,8.6,Afternoon,Provided - user uploaded timetable,Synthetic development data,60.0,55,9,2,75.16333333333334,5,28.0,0,0,0,0,Medium
25-02-2026,Wednesday,1,9:15,10:15,Cyber Security,IT23,F_DPY,2,MCA,B,403,102,69,67.65,66.67,18.75,Theory,No,No,No,Cloudy,No,2.0,Morning,Provided - user uploaded timetable,Synthetic development data,60.0,56,9,2,74.51,1,29.0,0,0,0,0,Medium
25-02-2026,Wednesday,2,10:15,11:15,Software Project Management,IT24,F_JSP_MST,2,MCA,B,403,102,79,77.45,67.65,1.0,Theory,No,No,No,Sunny,No,10.6,Morning,Provided - user uploaded timetable,Synthetic development data,60.0,56,9,2,69.61,2,29.0,0,0,0,0,High
25-02-2026,Wednesday,3,11:15,12:15,Java Programming,IT21,F_VSN_SDM,2,MCA,B,403,102,80,78.43,77.45,1.0,Theory,No,No,No,Sunny,No,14.4,Morning,Provided - user uploaded timetable,Synthetic development data,60.0,56,9,2,70.58999999999999,3,29.0,0,0,0,0,High
25-02-2026,Wednesday,4,13:30,14:30,Full Stack Development Practical,ITL21-FSD,F_ASP_RSZ_SP_KSD,2,MCA,B,401/402,102,78,76.47,78.43,2.25,Practical,No,No,No,Rainy,No,9.2,Afternoon,Provided - user uploaded timetable,Synthetic development data,60.0,56,9,2,74.51,4,29.0,0,0,0,0,High
25-02-2026,Wednesday,5,14:30,15:30,Full Stack Development Practical,ITL21-FSD,F_ASP_RSZ_SP_KSD,2,MCA,B,401/402,102,84,82.35,76.47,1.0,Practical,No,No,No,Rainy,No,7.0,Afternoon,Provided - user uploaded timetable,Synthetic development data,60.0,56,9,2,77.45,5,29.0,0,0,0,0,High
26-02-2026,Thursday,1,9:15,10:15,Java Programming,IT21,F_VSN_SDM,2,MCA,B,403,102,74,72.55,82.35,18.75,Theory,No,No,No,Rainy,No,12.1,Morning,Provided - user uploaded timetable,Synthetic development data,60.0,57,9,2,79.08333333333333,1,30.0,0,0,0,0,Medium
26-02-2026,Thursday,2,10:15,11:15,Research Methodology,IT25,F_MLK,2,MCA,B,403,102,67,65.69,72.55,1.0,Theory,No,No,No,Sunny,No,12.3,Morning,Provided - user uploaded timetable,Synthetic development data,60.0,57,9,2,77.12333333333333,2,30.0,0,0,0,0,Medium
26-02-2026,Thursday,3,11:15,12:15,Full Stack Development,IT22,F_ASP_RSZ,2,MCA,B,403,102,83,81.37,65.69,1.0,Theory,No,No,No,Cloudy,No,8.7,Morning,Provided - user uploaded timetable,Synthetic development data,60.0,57,9,2,73.52999999999999,3,30.0,0,0,0,0,High
26-02-2026,Thursday,4,13:30,14:30,Java Practical,ITL21-JAVA,F_SDM_VSN_KSD_SSP,2,MCA,B,401/402,102,82,80.39,81.37,2.25,Practical,No,No,No,Cloudy,No,2.5,Afternoon,Provided - user uploaded timetable,Synthetic development data,60.0,57,9,2,73.20333333333333,4,30.0,0,0,0,0,High
26-02-2026,Thursday,5,14:30,15:30,Java Practical,ITL21-JAVA,F_SDM_VSN_KSD_SSP,2,MCA,B,401/402,102,77,75.49,80.39,1.0,Practical,No,No,No,Sunny,No,13.3,Afternoon,Provided - user uploaded timetable,Synthetic development data,60.0,57,9,2,75.81666666666666,5,30.0,0,0,0,0,High
27-02-2026,Friday,1,9:15,10:15,Software Project Management,IT24,F_JSP_MST,2,MCA,B,403,102,87,85.29,75.49,18.75,Theory,No,No,No,Sunny,No,6.3,Morning,Provided - user uploaded timetable,Synthetic development data,60.0,58,9,2,79.08333333333333,1,31.0,0,0,0,0,High
27-02-2026,Friday,2,10:15,11:15,Java Programming,IT21,F_VSN_SDM,2,MCA,B,403,102,78,76.47,85.29,1.0,Theory,No,No,No,Rainy,No,7.5,Morning,Provided - user uploaded timetable,Synthetic development data,60.0,58,9,2,80.39,2,31.0,0,0,0,0,High
27-02-2026,Friday,3,11:15,12:15,Full Stack Development,IT22,F_ASP_RSZ,2,MCA,B,403,102,81,79.41,76.47,1.0,Theory,No,No,No,Sunny,No,11.4,Morning,Provided - user uploaded timetable,Synthetic development data,60.0,58,9,2,79.08333333333333,3,31.0,0,0,0,0,High
27-02-2026,Friday,4,13:30,14:30,Cyber Security,IT23,F_DPY,2,MCA,B,403,102,71,69.61,79.41,2.25,Theory,No,No,No,Cloudy,No,5.6,Afternoon,Provided - user uploaded timetable,Synthetic development data,60.0,58,9,2,80.39,4,31.0,0,0,0,0,Medium
27-02-2026,Friday,5,14:30,15:30,IRP,IRP2,F_SDM,2,MCA,B,403,102,72,70.59,69.61,1.0,Theory,No,No,No,Sunny,No,10.7,Afternoon,Provided - user uploaded timetable,Synthetic development data,60.0,58,9,2,75.16333333333333,5,31.0,0,0,0,0,Medium
28-02-2026,Saturday,1,11:15,12:15,Training And Placement / Mini Project Training,P201,TBD,2,MCA,B,403,102,69,67.65,70.59,20.75,Project,No,No,No,Sunny,No,8.6,Morning,Provided - user uploaded timetable,Synthetic development data,60.0,59,9,2,73.20333333333333,1,32.0,0,0,0,0,Medium
02-03-2026,Monday,1,9:15,10:15,Cyber Security Practical,ITL21-CYBER,F_DPY_MSU_MLK_MST,2,MCA,B,401/402,102,87,85.29,67.65,46.0,Practical,No,Yes,No,Sunny,No,8.5,Morning,Provided - user uploaded timetable,Synthetic development data,60.0,61,10,3,69.28333333333333,1,34.0,0,1,0,0,High
02-03-2026,Monday,2,10:15,11:15,Cyber Security Practical,ITL21-CYBER,F_DPY_MSU_MLK_MST,2,MCA,B,401/402,102,91,89.22,85.29,1.0,Practical,No,No,No,Cloudy,No,12.1,Morning,Provided - user uploaded timetable,Synthetic development data,60.0,61,10,3,74.51,2,34.0,0,0,0,0,High
02-03-2026,Monday,3,11:15,12:15,Research Methodology,IT25,F_MLK,2,MCA,B,403,102,75,73.53,89.22,1.0,Theory,No,No,No,Rainy,No,5.7,Morning,Provided - user uploaded timetable,Synthetic development data,60.0,61,10,3,80.72000000000001,3,34.0,0,0,0,0,Medium
02-03-2026,Monday,4,13:30,14:30,Cyber Security,IT23,F_DPY,2,MCA,B,403,102,76,74.51,73.53,2.25,Theory,No,No,No,Sunny,No,3.8,Afternoon,Provided - user uploaded timetable,Synthetic development data,60.0,61,10,3,82.68,4,34.0,0,0,0,0,Medium
02-03-2026,Monday,5,14:30,15:30,Club Activities,CLUB,TBD,2,MCA,B,403,102,59,57.84,74.51,1.0,Special Event,Yes,No,No,Rainy,Yes,8.6,Afternoon,Provided - user uploaded timetable,Synthetic development data,60.0,61,10,3,79.08666666666666,5,34.0,1,0,0,1,Medium
03-03-2026,Tuesday,1,9:15,10:15,Software Project Management,IT24,F_JSP_MST,2,MCA,B,403,102,78,76.47,57.84,18.75,Theory,No,No,No,Rainy,No,6.8,Morning,Provided - user uploaded timetable,Synthetic development data,60.0,62,10,3,68.62666666666668,1,35.0,0,0,0,0,High
03-03-2026,Tuesday,2,10:15,11:15,Full Stack Development,IT22,F_ASP_RSZ,2,MCA,B,403,102,70,68.63,76.47,1.0,Theory,No,No,No,Rainy,No,13.5,Morning,Provided - user uploaded timetable,Synthetic development data,60.0,62,10,3,69.60666666666667,2,35.0,0,0,0,0,Medium
03-03-2026,Tuesday,3,11:15,12:15,Research Methodology,IT25,F_MLK,2,MCA,B,403,102,78,76.47,68.63,1.0,Theory,Yes,No,No,Rainy,No,11.3,Morning,Provided - user uploaded timetable,Synthetic development data,60.0,62,10,3,67.64666666666666,3,35.0,1,0,0,0,High
03-03-2026,Tuesday,4,13:30,14:30,Mini Project - Faculty Interaction,ITC21,TBD,2,MCA,B,403,102,72,70.59,76.47,2.25,Project,No,No,No,Rainy,No,8.6,Afternoon,Provided - user uploaded timetable,Synthetic development data,60.0,62,10,3,73.85666666666667,4,35.0,0,0,0,0,Medium
03-03-2026,Tuesday,5,14:30,15:30,Mini Project - Faculty Interaction,ITC21,TBD,2,MCA,B,403,102,66,64.71,70.59,1.0,Project,Yes,No,No,Rainy,No,8.6,Afternoon,Provided - user uploaded timetable,Synthetic development data,60.0,62,10,3,71.89666666666666,5,35.0,1,0,0,0,Medium
04-03-2026,Wednesday,1,9:15,10:15,Cyber Security,IT23,F_DPY,2,MCA,B,403,102,75,73.53,64.71,18.75,Theory,No,No,No,Sunny,No,5.3,Morning,Provided - user uploaded timetable,Synthetic development data,60.0,63,10,3,70.58999999999999,1,36.0,0,0,0,0,Medium
04-03-2026,Wednesday,2,10:15,11:15,Software Project Management,IT24,F_JSP_MST,2,MCA,B,403,102,76,74.51,73.53,1.0,Theory,No,No,No,Sunny,No,10.1,Morning,Provided - user uploaded timetable,Synthetic development data,60.0,63,10,3,69.61,2,36.0,0,0,0,0,Medium
04-03-2026,Wednesday,3,11:15,12:15,Java Programming,IT21,F_VSN_SDM,2,MCA,B,403,102,76,74.51,74.51,1.0,Theory,No,Yes,No,Rainy,No,4.2,Morning,Provided - user uploaded timetable,Synthetic development data,60.0,63,10,3,70.91666666666667,3,36.0,0,1,0,0,Medium
04-03-2026,Wednesday,4,13:30,14:30,Full Stack Development Practical,ITL21-FSD,F_ASP_RSZ_SP_KSD,2,MCA,B,401/402,102,80,78.43,74.51,2.25,Practical,No,No,No,Rainy,No,10.1,Afternoon,Provided - user uploaded timetable,Synthetic development data,60.0,63,10,3,74.18333333333334,4,36.0,0,0,0,0,High
04-03-2026,Wednesday,5,14:30,15:30,Full Stack Development Practical,ITL21-FSD,F_ASP_RSZ_SP_KSD,2,MCA,B,401/402,102,75,73.53,78.43,1.0,Practical,No,No,No,Rainy,No,2.5,Afternoon,Provided - user uploaded timetable,Synthetic development data,60.0,63,10,3,75.81666666666666,5,36.0,0,0,0,0,Medium
05-03-2026,Thursday,1,9:15,10:15,Java Programming,IT21,F_VSN_SDM,2,MCA,B,403,102,81,79.41,73.53,18.75,Theory,No,No,No,Cloudy,No,8.3,Morning,Provided - user uploaded timetable,Synthetic development data,60.0,64,10,3,75.49000000000001,1,37.0,0,0,0,0,High
05-03-2026,Thursday,2,10:15,11:15,Research Methodology,IT25,F_MLK,2,MCA,B,403,102,74,72.55,79.41,1.0,Theory,No,No,No,Cloudy,No,13.2,Morning,Provided - user uploaded timetable,Synthetic development data,60.0,64,10,3,77.12333333333333,2,37.0,0,0,0,0,Medium
05-03-2026,Thursday,3,11:15,12:15,Full Stack Development,IT22,F_ASP_RSZ,2,MCA,B,403,102,75,73.53,72.55,1.0,Theory,No,No,No,Cloudy,No,14.7,Morning,Provided - user uploaded timetable,Synthetic development data,60.0,64,10,3,75.16333333333334,3,37.0,0,0,0,0,Medium
05-03-2026,Thursday,4,13:30,14:30,Java Practical,ITL21-JAVA,F_SDM_VSN_KSD_SSP,2,MCA,B,401/402,102,84,82.35,73.53,2.25,Practical,No,No,No,Rainy,No,3.4,Afternoon,Provided - user uploaded timetable,Synthetic development data,60.0,64,10,3,75.16333333333333,4,37.0,0,0,0,0,High
05-03-2026,Thursday,5,14:30,15:30,Java Practical,ITL21-JAVA,F_SDM_VSN_KSD_SSP,2,MCA,B,401/402,102,84,82.35,82.35,1.0,Practical,No,No,No,Cloudy,No,5.2,Afternoon,Provided - user uploaded timetable,Synthetic development data,60.0,64,10,3,76.14333333333333,5,37.0,0,0,0,0,High
06-03-2026,Friday,1,9:15,10:15,Software Project Management,IT24,F_JSP_MST,2,MCA,B,403,102,86,84.31,82.35,18.75,Theory,No,No,No,Sunny,No,4.8,Morning,Provided - user uploaded timetable,Synthetic development data,60.0,65,10,3,79.41,1,38.0,0,0,0,0,High
06-03-2026,Friday,2,10:15,11:15,Java Programming,IT21,F_VSN_SDM,2,MCA,B,403,102,88,86.27,84.31,1.0,Theory,No,Yes,No,Cloudy,No,9.8,Morning,Provided - user uploaded timetable,Synthetic development data,60.0,65,10,3,83.00333333333333,2,38.0,0,1,0,0,High
06-03-2026,Friday,3,11:15,12:15,Full Stack Development,IT22,F_ASP_RSZ,2,MCA,B,403,102,75,73.53,86.27,1.0,Theory,No,No,No,Cloudy,No,9.0,Morning,Provided - user uploaded timetable,Synthetic development data,60.0,65,10,3,84.31,3,38.0,0,0,0,0,Medium
06-03-2026,Friday,4,13:30,14:30,Cyber Security,IT23,F_DPY,2,MCA,B,403,102,70,68.63,73.53,2.25,Theory,No,No,No,Cloudy,No,11.5,Afternoon,Provided - user uploaded timetable,Synthetic development data,60.0,65,10,3,81.37,4,38.0,0,0,0,0,Medium
06-03-2026,Friday,5,14:30,15:30,IRP,IRP2,F_SDM,2,MCA,B,403,102,67,65.69,68.63,1.0,Theory,No,No,No,Cloudy,No,2.7,Afternoon,Provided - user uploaded timetable,Synthetic development data,60.0,65,10,3,76.14333333333333,5,38.0,0,0,0,0,Medium
07-03-2026,Saturday,1,11:15,12:15,Training And Placement / Mini Project Training,P201,TBD,2,MCA,B,403,102,71,69.61,65.69,20.75,Project,Yes,No,No,Rainy,No,8.6,Morning,Provided - user uploaded timetable,Synthetic development data,60.0,66,10,3,69.28333333333335,1,39.0,1,0,0,0,Medium
09-03-2026,Monday,1,9:15,10:15,Cyber Security Practical,ITL21-CYBER,F_DPY_MSU_MLK_MST,2,MCA,B,401/402,102,76,74.51,69.61,46.0,Practical,No,No,No,Cloudy,No,14.1,Morning,Provided - user uploaded timetable,Synthetic development data,60.0,68,11,3,67.97666666666666,1,41.0,0,0,0,0,Medium
09-03-2026,Monday,2,10:15,11:15,Cyber Security Practical,ITL21-CYBER,F_DPY_MSU_MLK_MST,2,MCA,B,401/402,102,80,78.43,74.51,1.0,Practical,No,No,No,Rainy,No,11.6,Morning,Provided - user uploaded timetable,Synthetic development data,60.0,68,11,3,69.93666666666667,2,41.0,0,0,0,0,High
09-03-2026,Monday,3,11:15,12:15,Research Methodology,IT25,F_MLK,2,MCA,B,403,102,69,67.65,78.43,1.0,Theory,No,No,No,Rainy,No,8.9,Morning,Provided - user uploaded timetable,Synthetic development data,60.0,68,11,3,74.18333333333334,3,41.0,0,0,0,0,Medium
09-03-2026,Monday,4,13:30,14:30,Cyber Security,IT23,F_DPY,2,MCA,B,403,102,76,74.51,67.65,2.25,Theory,No,No,No,Sunny,No,6.8,Afternoon,Provided - user uploaded timetable,Synthetic development data,60.0,68,11,3,73.53000000000002,4,41.0,0,0,0,0,Medium
09-03-2026,Monday,5,14:30,15:30,Club Activities,CLUB,TBD,2,MCA,B,403,102,71,69.61,74.51,1.0,Special Event,No,No,No,Rainy,Yes,8.6,Afternoon,Provided - user uploaded timetable,Synthetic development data,60.0,68,11,3,73.53000000000002,5,41.0,0,0,0,1,Medium
10-03-2026,Tuesday,1,9:15,10:15,Software Project Management,IT24,F_JSP_MST,2,MCA,B,403,102,81,79.41,69.61,18.75,Theory,No,No,No,Sunny,No,2.2,Morning,Provided - user uploaded timetable,Synthetic development data,60.0,69,11,3,70.59000000000002,1,42.0,0,0,0,0,High
10-03-2026,Tuesday,2,10:15,11:15,Full Stack Development,IT22,F_ASP_RSZ,2,MCA,B,403,102,71,69.61,79.41,1.0,Theory,No,No,No,Rainy,No,4.7,Morning,Provided - user uploaded timetable,Synthetic development data,60.0,69,11,3,74.50999999999999,2,42.0,0,0,0,0,Medium
10-03-2026,Tuesday,3,11:15,12:15,Research Methodology,IT25,F_MLK,2,MCA,B,403,102,73,71.57,69.61,1.0,Theory,No,No,No,Cloudy,No,13.3,Morning,Provided - user uploaded timetable,Synthetic development data,60.0,69,11,3,72.87666666666667,3,42.0,0,0,0,0,Medium
10-03-2026,Tuesday,4,13:30,14:30,Mini Project - Faculty Interaction,ITC21,TBD,2,MCA,B,403,102,66,64.71,71.57,2.25,Project,No,Yes,No,Sunny,No,8.6,Afternoon,Provided - user uploaded timetable,Synthetic development data,60.0,69,11,3,73.52999999999999,4,42.0,0,1,0,0,Medium
10-03-2026,Tuesday,5,14:30,15:30,Mini Project - Faculty Interaction,ITC21,TBD,2,MCA,B,403,102,63,61.76,64.71,1.0,Project,No,No,No,Rainy,No,8.6,Afternoon,Provided - user uploaded timetable,Synthetic development data,60.0,69,11,3,68.63,5,42.0,0,0,0,0,Medium
11-03-2026,Wednesday,1,9:15,10:15,Cyber Security,IT23,F_DPY,2,MCA,B,403,102,70,68.63,61.76,18.75,Theory,No,No,No,Cloudy,No,6.1,Morning,Provided - user uploaded timetable,Synthetic development data,60.0,70,11,3,66.01333333333334,1,43.0,0,0,0,0,Medium
11-03-2026,Wednesday,2,10:15,11:15,Software Project Management,IT24,F_JSP_MST,2,MCA,B,403,102,76,74.51,68.63,1.0,Theory,No,No,No,Rainy,No,5.6,Morning,Provided - user uploaded timetable,Synthetic development data,60.0,70,11,3,65.03333333333333,2,43.0,0,0,0,0,Medium
11-03-2026,Wednesday,3,11:15,12:15,Java Programming,IT21,F_VSN_SDM,2,MCA,B,403,102,75,73.53,74.51,1.0,Theory,No,No,No,Cloudy,No,13.6,Morning,Provided - user uploaded timetable,Synthetic development data,60.0,70,11,3,68.3,3,43.0,0,0,0,0,Medium
11-03-2026,Wednesday,4,13:30,14:30,Full Stack Development Practical,ITL21-FSD,F_ASP_RSZ_SP_KSD,2,MCA,B,401/402,102,81,79.41,73.53,2.25,Practical,No,No,No,Sunny,No,5.8,Afternoon,Provided - user uploaded timetable,Synthetic development data,60.0,70,11,3,72.22333333333334,4,43.0,0,0,0,0,High
11-03-2026,Wednesday,5,14:30,15:30,Full Stack Development Practical,ITL21-FSD,F_ASP_RSZ_SP_KSD,2,MCA,B,401/402,102,76,74.51,79.41,1.0,Practical,No,No,No,Cloudy,No,14.0,Afternoon,Provided - user uploaded timetable,Synthetic development data,60.0,70,11,3,75.81666666666666,5,43.0,0,0,0,0,Medium
12-03-2026,Thursday,1,9:15,10:15,Java Programming,IT21,F_VSN_SDM,2,MCA,B,403,102,83,81.37,74.51,18.75,Theory,No,No,No,Sunny,No,14.5,Morning,Provided - user uploaded timetable,Synthetic development data,60.0,71,11,3,75.81666666666668,1,44.0,0,0,0,0,High
12-03-2026,Thursday,2,10:15,11:15,Research Methodology,IT25,F_MLK,2,MCA,B,403,102,77,75.49,81.37,1.0,Theory,No,No,No,Rainy,No,14.2,Morning,Provided - user uploaded timetable,Synthetic development data,60.0,71,11,3,78.43,2,44.0,0,0,0,0,High
12-03-2026,Thursday,3,11:15,12:15,Full Stack Development,IT22,F_ASP_RSZ,2,MCA,B,403,102,72,70.59,75.49,1.0,Theory,No,No,No,Sunny,No,11.8,Morning,Provided - user uploaded timetable,Synthetic development data,60.0,71,11,3,77.12333333333333,3,44.0,0,0,0,0,Medium
12-03-2026,Thursday,4,13:30,14:30,Java Practical,ITL21-JAVA,F_SDM_VSN_KSD_SSP,2,MCA,B,401/402,102,81,79.41,70.59,2.25,Practical,No,No,No,Sunny,No,13.8,Afternoon,Provided - user uploaded timetable,Synthetic development data,60.0,71,11,3,75.81666666666666,4,44.0,0,0,0,0,High
12-03-2026,Thursday,5,14:30,15:30,Java Practical,ITL21-JAVA,F_SDM_VSN_KSD_SSP,2,MCA,B,401/402,102,84,82.35,79.41,1.0,Practical,No,No,No,Rainy,No,11.6,Afternoon,Provided - user uploaded timetable,Synthetic development data,60.0,71,11,3,75.16333333333334,5,44.0,0,0,0,0,High
13-03-2026,Friday,1,9:15,10:15,Software Project Management,IT24,F_JSP_MST,2,MCA,B,403,102,69,67.65,82.35,18.75,Theory,No,No,No,Rainy,No,8.8,Morning,Provided - user uploaded timetable,Synthetic development data,60.0,72,11,3,77.44999999999999,1,45.0,0,0,0,0,Medium
13-03-2026,Friday,2,10:15,11:15,Java Programming,IT21,F_VSN_SDM,2,MCA,B,403,102,71,69.61,67.65,1.0,Theory,No,No,No,Rainy,No,8.1,Morning,Provided - user uploaded timetable,Synthetic development data,60.0,72,11,3,76.47000000000001,2,45.0,0,0,0,0,Medium
13-03-2026,Friday,3,11:15,12:15,Full Stack Development,IT22,F_ASP_RSZ,2,MCA,B,403,102,77,75.49,69.61,1.0,Theory,No,Yes,No,Sunny,No,11.5,Morning,Provided - user uploaded timetable,Synthetic development data,60.0,72,11,3,73.20333333333333,3,45.0,0,1,0,0,High
13-03-2026,Friday,4,13:30,14:30,Cyber Security,IT23,F_DPY,2,MCA,B,403,102,69,67.65,75.49,2.25,Theory,No,No,No,Sunny,No,11.6,Afternoon,Provided - user uploaded timetable,Synthetic development data,60.0,72,11,3,70.91666666666667,4,45.0,0,0,0,0,Medium
13-03-2026,Friday,5,14:30,15:30,IRP,IRP2,F_SDM,2,MCA,B,403,102,61,59.8,67.65,1.0,Theory,No,No,No,Sunny,No,4.3,Afternoon,Provided - user uploaded timetable,Synthetic development data,60.0,72,11,3,70.91666666666667,5,45.0,0,0,0,0,Medium
14-03-2026,Saturday,1,11:15,12:15,Training And Placement / Mini Project Training,P201,TBD,2,MCA,B,403,102,57,55.88,59.8,20.75,Project,No,Yes,No,Rainy,No,8.6,Morning,Provided - user uploaded timetable,Synthetic development data,60.0,73,11,3,67.64666666666666,1,46.0,0,1,0,0,Medium
16-03-2026,Monday,1,9:15,10:15,Cyber Security Practical,ITL21-CYBER,F_DPY_MSU_MLK_MST,2,MCA,B,401/402,102,82,80.39,55.88,46.0,Practical,No,No,No,Rainy,No,12.0,Morning,Provided - user uploaded timetable,Synthetic development data,60.0,75,12,3,61.11000000000001,1,48.0,0,0,0,0,High
16-03-2026,Monday,2,10:15,11:15,Cyber Security Practical,ITL21-CYBER,F_DPY_MSU_MLK_MST,2,MCA,B,401/402,102,89,87.25,80.39,1.0,Practical,No,No,No,Cloudy,No,6.8,Morning,Provided - user uploaded timetable,Synthetic development data,60.0,75,12,3,65.35666666666667,2,48.0,0,0,0,0,High
16-03-2026,Monday,3,11:15,12:15,Research Methodology,IT25,F_MLK,2,MCA,B,403,102,72,70.59,87.25,1.0,Theory,No,No,No,Cloudy,No,4.0,Morning,Provided - user uploaded timetable,Synthetic development data,60.0,75,12,3,74.50666666666666,3,48.0,0,0,0,0,Medium
16-03-2026,Monday,4,13:30,14:30,Cyber Security,IT23,F_DPY,2,MCA,B,403,102,72,70.59,70.59,2.25,Theory,No,No,No,Cloudy,No,11.1,Afternoon,Provided - user uploaded timetable,Synthetic development data,60.0,75,12,3,79.41,4,48.0,0,0,0,0,Medium
16-03-2026,Monday,5,14:30,15:30,Club Activities,CLUB,TBD,2,MCA,B,403,102,61,59.8,70.59,1.0,Special Event,No,No,No,Rainy,Yes,8.6,Afternoon,Provided - user uploaded timetable,Synthetic development data,60.0,75,12,3,76.14333333333333,5,48.0,0,0,0,1,Medium
17-03-2026,Tuesday,1,9:15,10:15,Software Project Management,IT24,F_JSP_MST,2,MCA,B,403,102,78,76.47,59.8,18.75,Theory,No,No,No,Sunny,No,13.7,Morning,Provided - user uploaded timetable,Synthetic development data,60.0,76,12,3,66.99333333333334,1,49.0,0,0,0,0,High
17-03-2026,Tuesday,2,10:15,11:15,Full Stack Development,IT22,F_ASP_RSZ,2,MCA,B,403,102,78,76.47,76.47,1.0,Theory,No,Yes,No,Sunny,No,8.7,Morning,Provided - user uploaded timetable,Synthetic development data,60.0,76,12,3,68.95333333333333,2,49.0,0,1,0,0,High
17-03-2026,Tuesday,3,11:15,12:15,Research Methodology,IT25,F_MLK,2,MCA,B,403,102,71,69.61,76.47,1.0,Theory,No,Yes,No,Cloudy,No,10.7,Morning,Provided - user uploaded timetable,Synthetic development data,60.0,76,12,3,70.91333333333334,3,49.0,0,1,0,0,Medium
17-03-2026,Tuesday,4,13:30,14:30,Mini Project - Faculty Interaction,ITC21,TBD,2,MCA,B,403,102,71,69.61,69.61,2.25,Project,No,Yes,No,Cloudy,No,8.6,Afternoon,Provided - user uploaded timetable,Synthetic development data,60.0,76,12,3,74.18333333333332,4,49.0,0,1,0,0,Medium
17-03-2026,Tuesday,5,14:30,15:30,Mini Project - Faculty Interaction,ITC21,TBD,2,MCA,B,403,102,70,68.63,69.61,1.0,Project,No,No,No,Rainy,No,8.6,Afternoon,Provided - user uploaded timetable,Synthetic development data,60.0,76,12,3,71.89666666666666,5,49.0,0,0,0,0,Medium
18-03-2026,Wednesday,1,9:15,10:15,Cyber Security,IT23,F_DPY,2,MCA,B,403,102,64,62.75,68.63,18.75,Theory,No,No,Yes,Rainy,No,14.5,Morning,Provided - user uploaded timetable,Synthetic development data,60.0,77,12,3,69.28333333333335,1,50.0,0,0,1,0,Medium
18-03-2026,Wednesday,2,10:15,11:15,Software Project Management,IT24,F_JSP_MST,2,MCA,B,403,102,74,72.55,62.75,1.0,Theory,No,No,Yes,Cloudy,No,3.5,Morning,Provided - user uploaded timetable,Synthetic development data,60.0,77,12,3,66.99666666666667,2,50.0,0,0,1,0,Medium
18-03-2026,Wednesday,3,11:15,12:15,Java Programming,IT21,F_VSN_SDM,2,MCA,B,403,102,71,69.61,72.55,1.0,Theory,No,No,Yes,Sunny,No,11.5,Morning,Provided - user uploaded timetable,Synthetic development data,60.0,77,12,3,67.97666666666666,3,50.0,0,0,1,0,Medium
18-03-2026,Wednesday,4,13:30,14:30,Full Stack Development Practical,ITL21-FSD,F_ASP_RSZ_SP_KSD,2,MCA,B,401/402,102,76,74.51,69.61,2.25,Practical,No,Yes,Yes,Sunny,No,14.7,Afternoon,Provided - user uploaded timetable,Synthetic development data,60.0,77,12,3,68.30333333333334,4,50.0,0,1,1,0,Medium
18-03-2026,Wednesday,5,14:30,15:30,Full Stack Development Practical,ITL21-FSD,F_ASP_RSZ_SP_KSD,2,MCA,B,401/402,102,85,83.33,74.51,1.0,Practical,No,No,Yes,Cloudy,No,8.9,Afternoon,Provided - user uploaded timetable,Synthetic development data,60.0,77,12,3,72.22333333333334,5,50.0,0,0,1,0,High
20-03-2026,Friday,1,9:15,10:15,Software Project Management,IT24,F_JSP_MST,2,MCA,B,403,102,67,65.69,83.33,42.75,Theory,No,Yes,Yes,Cloudy,No,5.0,Morning,Provided - user uploaded timetable,Synthetic development data,60.0,79,12,3,75.81666666666666,1,2.0,0,1,1,0,Medium
20-03-2026,Friday,2,10:15,11:15,Java Programming,IT21,F_VSN_SDM,2,MCA,B,403,102,64,62.75,65.69,1.0,Theory,No,No,Yes,Sunny,No,3.8,Morning,Provided - user uploaded timetable,Synthetic development data,60.0,79,12,3,74.50999999999999,2,2.0,0,0,1,0,Medium
20-03-2026,Friday,3,11:15,12:15,Full Stack Development,IT22,F_ASP_RSZ,2,MCA,B,403,102,69,67.65,62.75,1.0,Theory,No,No,Yes,Rainy,No,9.5,Morning,Provided - user uploaded timetable,Synthetic development data,60.0,79,12,3,70.58999999999999,3,2.0,0,0,1,0,Medium
20-03-2026,Friday,4,13:30,14:30,Cyber Security,IT23,F_DPY,2,MCA,B,403,102,61,59.8,67.65,2.25,Theory,No,No,Yes,Cloudy,No,5.1,Afternoon,Provided - user uploaded timetable,Synthetic development data,60.0,79,12,3,65.36333333333334,4,2.0,0,0,1,0,Medium
20-03-2026,Friday,5,14:30,15:30,IRP,IRP2,F_SDM,2,MCA,B,403,102,68,66.67,59.8,1.0,Theory,No,No,Yes,Rainy,No,4.9,Afternoon,Provided - user uploaded timetable,Synthetic development data,60.0,79,12,3,63.400000000000006,5,2.0,0,0,1,0,Medium
21-03-2026,Saturday,1,11:15,12:15,Training And Placement / Mini Project Training,P201,TBD,2,MCA,B,403,102,64,62.75,66.67,20.75,Project,No,No,No,Rainy,No,8.6,Morning,Provided - user uploaded timetable,Synthetic development data,60.0,80,12,3,64.70666666666666,1,1.0,0,0,0,0,Medium
23-03-2026,Monday,1,9:15,10:15,Cyber Security Practical,ITL21-CYBER,F_DPY_MSU_MLK_MST,2,MCA,B,401/402,102,89,87.25,62.75,46.0,Practical,No,No,No,Sunny,No,7.0,Morning,Provided - user uploaded timetable,Synthetic development data,60.0,82,13,3,63.07333333333333,1,3.0,0,0,0,0,High
23-03-2026,Monday,2,10:15,11:15,Cyber Security Practical,ITL21-CYBER,F_DPY_MSU_MLK_MST,2,MCA,B,401/402,102,85,83.33,87.25,1.0,Practical,No,No,No,Sunny,No,14.0,Morning,Provided - user uploaded timetable,Synthetic development data,60.0,82,13,3,72.22333333333334,2,3.0,0,0,0,0,High
23-03-2026,Monday,3,11:15,12:15,Research Methodology,IT25,F_MLK,2,MCA,B,403,102,72,70.59,83.33,1.0,Theory,No,Yes,No,Rainy,No,12.8,Morning,Provided - user uploaded timetable,Synthetic development data,60.0,82,13,3,77.77666666666666,3,3.0,0,1,0,0,Medium
23-03-2026,Monday,4,13:30,14:30,Cyber Security,IT23,F_DPY,2,MCA,B,403,102,71,69.61,70.59,2.25,Theory,Yes,No,No,Rainy,No,9.8,Afternoon,Provided - user uploaded timetable,Synthetic development data,60.0,82,13,3,80.39,4,3.0,1,0,0,0,Medium
23-03-2026,Monday,5,14:30,15:30,Club Activities,CLUB,TBD,2,MCA,B,403,102,78,76.47,69.61,1.0,Special Event,No,No,No,Rainy,Yes,8.6,Afternoon,Provided - user uploaded timetable,Synthetic development data,60.0,82,13,3,74.51,5,3.0,0,0,0,1,High
24-03-2026,Tuesday,1,9:15,10:15,Software Project Management,IT24,F_JSP_MST,2,MCA,B,403,102,74,72.55,76.47,18.75,Theory,No,No,No,Cloudy,No,6.0,Morning,Provided - user uploaded timetable,Synthetic development data,60.0,83,13,3,72.22333333333333,1,4.0,0,0,0,0,Medium
24-03-2026,Tuesday,2,10:15,11:15,Full Stack Development,IT22,F_ASP_RSZ,2,MCA,B,403,102,77,75.49,72.55,1.0,Theory,No,No,No,Cloudy,No,3.3,Morning,Provided - user uploaded timetable,Synthetic development data,60.0,83,13,3,72.87666666666667,2,4.0,0,0,0,0,High
24-03-2026,Tuesday,3,11:15,12:15,Research Methodology,IT25,F_MLK,2,MCA,B,403,102,72,70.59,75.49,1.0,Theory,No,No,No,Cloudy,No,13.9,Morning,Provided - user uploaded timetable,Synthetic development data,60.0,83,13,3,74.83666666666666,3,4.0,0,0,0,0,Medium
24-03-2026,Tuesday,4,13:30,14:30,Mini Project - Faculty Interaction,ITC21,TBD,2,MCA,B,403,102,73,71.57,70.59,2.25,Project,No,No,No,Rainy,No,8.6,Afternoon,Provided - user uploaded timetable,Synthetic development data,60.0,83,13,3,72.87666666666667,4,4.0,0,0,0,0,Medium
24-03-2026,Tuesday,5,14:30,15:30,Mini Project - Faculty Interaction,ITC21,TBD,2,MCA,B,403,102,72,70.59,71.57,1.0,Project,No,No,No,Sunny,No,8.6,Afternoon,Provided - user uploaded timetable,Synthetic development data,60.0,83,13,3,72.55,5,4.0,0,0,0,0,Medium
25-03-2026,Wednesday,1,9:15,10:15,Cyber Security,IT23,F_DPY,2,MCA,B,403,102,74,72.55,70.59,18.75,Theory,No,No,No,Rainy,No,8.3,Morning,Provided - user uploaded timetable,Synthetic development data,60.0,84,13,3,70.91666666666667,1,5.0,0,0,0,0,Medium
25-03-2026,Wednesday,2,10:15,11:15,Software Project Management,IT24,F_JSP_MST,2,MCA,B,403,102,82,80.39,72.55,1.0,Theory,No,No,No,Rainy,No,14.4,Morning,Provided - user uploaded timetable,Synthetic development data,60.0,84,13,3,71.57,2,5.0,0,0,0,0,High
25-03-2026,Wednesday,3,11:15,12:15,Java Programming,IT21,F_VSN_SDM,2,MCA,B,403,102,75,73.53,80.39,1.0,Theory,No,No,No,Sunny,No,14.3,Morning,Provided - user uploaded timetable,Synthetic development data,60.0,84,13,3,74.51,3,5.0,0,0,0,0,Medium
25-03-2026,Wednesday,4,13:30,14:30,Full Stack Development Practical,ITL21-FSD,F_ASP_RSZ_SP_KSD,2,MCA,B,401/402,102,85,83.33,73.53,2.25,Practical,No,No,No,Cloudy,No,3.8,Afternoon,Provided - user uploaded timetable,Synthetic development data,60.0,84,13,3,75.49,4,5.0,0,0,0,0,High
25-03-2026,Wednesday,5,14:30,15:30,Full Stack Development Practical,ITL21-FSD,F_ASP_RSZ_SP_KSD,2,MCA,B,401/402,102,87,85.29,83.33,1.0,Practical,No,Yes,No,Sunny,No,2.1,Afternoon,Provided - user uploaded timetable,Synthetic development data,60.0,84,13,3,79.08333333333333,5,5.0,0,1,0,0,High
26-03-2026,Thursday,1,9:15,10:15,Java Programming,IT21,F_VSN_SDM,2,MCA,B,403,102,87,85.29,85.29,18.75,Theory,No,No,No,Sunny,No,8.8,Morning,Provided - user uploaded timetable,Synthetic development data,60.0,85,13,3,80.71666666666667,1,6.0,0,0,0,0,High
26-03-2026,Thursday,2,10:15,11:15,Research Methodology,IT25,F_MLK,2,MCA,B,403,102,78,76.47,85.29,1.0,Theory,No,No,No,Cloudy,No,12.6,Morning,Provided - user uploaded timetable,Synthetic development data,60.0,85,13,3,84.63666666666667,2,6.0,0,0,0,0,High
26-03-2026,Thursday,3,11:15,12:15,Full Stack Development,IT22,F_ASP_RSZ,2,MCA,B,403,102,76,74.51,76.47,1.0,Theory,No,No,No,Cloudy,No,14.5,Morning,Provided - user uploaded timetable,Synthetic development data,60.0,85,13,3,82.35000000000001,3,6.0,0,0,0,0,Medium
26-03-2026,Thursday,4,13:30,14:30,Java Practical,ITL21-JAVA,F_SDM_VSN_KSD_SSP,2,MCA,B,401/402,102,82,80.39,74.51,2.25,Practical,No,No,No,Rainy,No,4.9,Afternoon,Provided - user uploaded timetable,Synthetic development data,60.0,85,13,3,78.75666666666667,4,6.0,0,0,0,0,High
26-03-2026,Thursday,5,14:30,15:30,Java Practical,ITL21-JAVA,F_SDM_VSN_KSD_SSP,2,MCA,B,401/402,102,75,73.53,80.39,1.0,Practical,No,No,No,Rainy,No,14.9,Afternoon,Provided - user uploaded timetable,Synthetic development data,60.0,85,13,3,77.12333333333333,5,6.0,0,0,0,0,Medium
27-03-2026,Friday,1,9:15,10:15,Software Project Management,IT24,F_JSP_MST,2,MCA,B,403,102,80,78.43,73.53,18.75,Theory,No,No,No,Rainy,No,8.2,Morning,Provided - user uploaded timetable,Synthetic development data,60.0,86,13,3,76.14333333333333,1,7.0,0,0,0,0,High
27-03-2026,Friday,2,10:15,11:15,Java Programming,IT21,F_VSN_SDM,2,MCA,B,403,102,76,74.51,78.43,1.0,Theory,Yes,Yes,No,Cloudy,No,13.7,Morning,Provided - user uploaded timetable,Synthetic development data,60.0,86,13,3,77.45,2,7.0,1,1,0,0,Medium
27-03-2026,Friday,3,11:15,12:15,Full Stack Development,IT22,F_ASP_RSZ,2,MCA,B,403,102,79,77.45,74.51,1.0,Theory,No,Yes,No,Cloudy,No,2.2,Morning,Provided - user uploaded timetable,Synthetic development data,60.0,86,13,3,75.49000000000001,3,7.0,0,1,0,0,High
27-03-2026,Friday,4,13:30,14:30,Cyber Security,IT23,F_DPY,2,MCA,B,403,102,77,75.49,77.45,2.25,Theory,No,No,No,Rainy,No,12.7,Afternoon,Provided - user uploaded timetable,Synthetic development data,60.0,86,13,3,76.79666666666667,4,7.0,0,0,0,0,High
27-03-2026,Friday,5,14:30,15:30,IRP,IRP2,F_SDM,2,MCA,B,403,102,72,70.59,75.49,1.0,Theory,No,No,No,Rainy,No,5.1,Afternoon,Provided - user uploaded timetable,Synthetic development data,60.0,86,13,3,75.81666666666666,5,7.0,0,0,0,0,Medium
28-03-2026,Saturday,1,11:15,12:15,Training And Placement / Mini Project Training,P201,TBD,2,MCA,B,403,102,63,61.76,70.59,20.75,Project,No,No,No,Sunny,No,8.6,Morning,Provided - user uploaded timetable,Synthetic development data,60.0,87,13,3,74.51,1,8.0,0,0,0,0,Medium
30-03-2026,Monday,1,9:15,10:15,Cyber Security Practical,ITL21-CYBER,F_DPY_MSU_MLK_MST,2,MCA,B,401/402,102,91,89.22,61.76,46.0,Practical,No,No,No,Rainy,No,9.6,Morning,Provided - user uploaded timetable,Synthetic development data,60.0,89,14,3,69.27999999999999,1,10.0,0,0,0,0,High
30-03-2026,Monday,2,10:15,11:15,Cyber Security Practical,ITL21-CYBER,F_DPY_MSU_MLK_MST,2,MCA,B,401/402,102,83,81.37,89.22,1.0,Practical,No,No,No,Cloudy,No,12.4,Morning,Provided - user uploaded timetable,Synthetic development data,60.0,89,14,3,73.85666666666667,2,10.0,0,0,0,0,High
30-03-2026,Monday,3,11:15,12:15,Research Methodology,IT25,F_MLK,2,MCA,B,403,102,72,70.59,81.37,1.0,Theory,No,Yes,No,Sunny,No,6.9,Morning,Provided - user uploaded timetable,Synthetic development data,60.0,89,14,3,77.45,3,10.0,0,1,0,0,Medium
30-03-2026,Monday,4,13:30,14:30,Cyber Security,IT23,F_DPY,2,MCA,B,403,102,62,60.78,70.59,2.25,Theory,No,No,No,Cloudy,No,6.1,Afternoon,Provided - user uploaded timetable,Synthetic development data,60.0,89,14,3,80.39333333333333,4,10.0,0,0,0,0,Medium
30-03-2026,Monday,5,14:30,15:30,Club Activities,CLUB,TBD,2,MCA,B,403,102,58,56.86,60.78,1.0,Special Event,No,Yes,No,Cloudy,Yes,8.6,Afternoon,Provided - user uploaded timetable,Synthetic development data,60.0,89,14,3,70.91333333333334,5,10.0,0,1,0,1,Medium
31-03-2026,Tuesday,1,9:15,10:15,Software Project Management,IT24,F_JSP_MST,2,MCA,B,403,102,87,85.29,56.86,18.75,Theory,No,No,No,Rainy,No,8.8,Morning,Provided - user uploaded timetable,Synthetic development data,60.0,90,14,3,62.74333333333334,1,11.0,0,0,0,0,High
31-03-2026,Tuesday,2,10:15,11:15,Full Stack Development,IT22,F_ASP_RSZ,2,MCA,B,403,102,75,73.53,85.29,1.0,Theory,No,No,No,Cloudy,No,5.9,Morning,Provided - user uploaded timetable,Synthetic development data,60.0,90,14,3,67.64333333333333,2,11.0,0,0,0,0,Medium
31-03-2026,Tuesday,3,11:15,12:15,Research Methodology,IT25,F_MLK,2,MCA,B,403,102,67,65.69,73.53,1.0,Theory,No,Yes,No,Cloudy,No,5.6,Morning,Provided - user uploaded timetable,Synthetic development data,60.0,90,14,3,71.89333333333333,3,11.0,0,1,0,0,Medium
31-03-2026,Tuesday,4,13:30,14:30,Mini Project - Faculty Interaction,ITC21,TBD,2,MCA,B,403,102,69,67.65,65.69,2.25,Project,No,No,No,Cloudy,No,8.6,Afternoon,Provided - user uploaded timetable,Synthetic development data,60.0,90,14,3,74.83666666666666,4,11.0,0,0,0,0,Medium
31-03-2026,Tuesday,5,14:30,15:30,Mini Project - Faculty Interaction,ITC21,TBD,2,MCA,B,403,102,69,67.65,67.65,1.0,Project,No,No,No,Rainy,No,8.6,Afternoon,Provided - user uploaded timetable,Synthetic development data,60.0,90,14,3,68.95666666666666,5,11.0,0,0,0,0,Medium
01-04-2026,Wednesday,1,9:15,10:15,Cyber Security,IT23,F_DPY,2,MCA,B,403,102,78,76.47,67.65,18.75,Theory,No,No,No,Cloudy,No,5.8,Morning,Provided - user uploaded timetable,Synthetic development data,60.0,91,14,4,66.99666666666667,1,12.0,0,0,0,0,High
01-04-2026,Wednesday,2,10:15,11:15,Software Project Management,IT24,F_JSP_MST,2,MCA,B,403,102,77,75.49,76.47,1.0,Theory,No,No,No,Rainy,No,12.2,Morning,Provided - user uploaded timetable,Synthetic development data,60.0,91,14,4,70.59,2,12.0,0,0,0,0,High
01-04-2026,Wednesday,3,11:15,12:15,Java Programming,IT21,F_VSN_SDM,2,MCA,B,403,102,74,72.55,75.49,1.0,Theory,No,No,No,Cloudy,No,6.7,Morning,Provided - user uploaded timetable,Synthetic development data,60.0,91,14,4,73.20333333333333,3,12.0,0,0,0,0,Medium
01-04-2026,Wednesday,4,13:30,14:30,Full Stack Development Practical,ITL21-FSD,F_ASP_RSZ_SP_KSD,2,MCA,B,401/402,102,94,92.16,72.55,2.25,Practical,No,No,No,Rainy,No,4.3,Afternoon,Provided - user uploaded timetable,Synthetic development data,60.0,91,14,4,74.83666666666666,4,12.0,0,0,0,0,High
01-04-2026,Wednesday,5,14:30,15:30,Full Stack Development Practical,ITL21-FSD,F_ASP_RSZ_SP_KSD,2,MCA,B,401/402,102,81,79.41,92.16,1.0,Practical,No,Yes,No,Rainy,No,8.0,Afternoon,Provided - user uploaded timetable,Synthetic development data,60.0,91,14,4,80.06666666666666,5,12.0,0,1,0,0,High
02-04-2026,Thursday,1,9:15,10:15,Java Programming,IT21,F_VSN_SDM,2,MCA,B,403,102,71,69.61,79.41,18.75,Theory,No,No,Yes,Rainy,No,7.4,Morning,Provided - user uploaded timetable,Synthetic development data,60.0,92,14,4,81.37333333333332,1,13.0,0,0,1,0,Medium
02-04-2026,Thursday,2,10:15,11:15,Research Methodology,IT25,F_MLK,2,MCA,B,403,102,68,66.67,69.61,1.0,Theory,Yes,No,Yes,Rainy,No,13.6,Morning,Provided - user uploaded timetable,Synthetic development data,60.0,92,14,4,80.39333333333333,2,13.0,1,0,1,0,Medium
02-04-2026,Thursday,3,11:15,12:15,Full Stack Development,IT22,F_ASP_RSZ,2,MCA,B,403,102,68,66.67,66.67,1.0,Theory,No,No,Yes,Sunny,No,3.4,Morning,Provided - user uploaded timetable,Synthetic development data,60.0,92,14,4,71.89666666666666,3,13.0,0,0,1,0,Medium
02-04-2026,Thursday,4,13:30,14:30,Java Practical,ITL21-JAVA,F_SDM_VSN_KSD_SSP,2,MCA,B,401/402,102,71,69.61,66.67,2.25,Practical,No,No,Yes,Sunny,No,10.4,Afternoon,Provided - user uploaded timetable,Synthetic development data,60.0,92,14,4,67.64999999999999,4,13.0,0,0,1,0,Medium
02-04-2026,Thursday,5,14:30,15:30,Java Practical,ITL21-JAVA,F_SDM_VSN_KSD_SSP,2,MCA,B,401/402,102,75,73.53,69.61,1.0,Practical,Yes,No,Yes,Rainy,No,10.4,Afternoon,Provided - user uploaded timetable,Synthetic development data,60.0,92,14,4,67.64999999999999,5,13.0,1,0,1,0,Medium
04-04-2026,Saturday,1,11:15,12:15,Training And Placement / Mini Project Training,P201,TBD,2,MCA,B,403,102,67,65.69,73.53,44.75,Project,No,Yes,Yes,Sunny,No,8.6,Morning,Provided - user uploaded timetable,Synthetic development data,60.0,94,14,4,69.93666666666667,1,2.0,0,1,1,0,Medium
06-04-2026,Monday,1,9:15,10:15,Cyber Security Practical,ITL21-CYBER,F_DPY_MSU_MLK_MST,2,MCA,B,401/402,102,82,80.39,65.69,46.0,Practical,No,No,No,Cloudy,No,8.2,Morning,Provided - user uploaded timetable,Synthetic development data,60.0,96,15,4,69.61,1,2.0,0,0,0,0,High
06-04-2026,Monday,2,10:15,11:15,Cyber Security Practical,ITL21-CYBER,F_DPY_MSU_MLK_MST,2,MCA,B,401/402,102,76,74.51,80.39,1.0,Practical,No,No,No,Cloudy,No,2.9,Morning,Provided - user uploaded timetable,Synthetic development data,60.0,96,15,4,73.20333333333333,2,2.0,0,0,0,0,Medium
06-04-2026,Monday,3,11:15,12:15,Research Methodology,IT25,F_MLK,2,MCA,B,403,102,70,68.63,74.51,1.0,Theory,Yes,No,No,Sunny,No,13.0,Morning,Provided - user uploaded timetable,Synthetic development data,60.0,96,15,4,73.53,3,2.0,1,0,0,0,Medium
06-04-2026,Monday,4,13:30,14:30,Cyber Security,IT23,F_DPY,2,MCA,B,403,102,62,60.78,68.63,2.25,Theory,No,No,No,Sunny,No,14.1,Afternoon,Provided - user uploaded timetable,Synthetic development data,60.0,96,15,4,74.51,4,2.0,0,0,0,0,Medium
06-04-2026,Monday,5,14:30,15:30,Club Activities,CLUB,TBD,2,MCA,B,403,102,75,73.53,60.78,1.0,Special Event,No,No,No,Rainy,Yes,8.6,Afternoon,Provided - user uploaded timetable,Synthetic development data,60.0,96,15,4,67.97333333333333,5,2.0,0,0,0,1,Medium
07-04-2026,Tuesday,1,9:15,10:15,Software Project Management,IT24,F_JSP_MST,2,MCA,B,403,102,81,79.41,73.53,18.75,Theory,No,No,No,Cloudy,No,6.2,Morning,Provided - user uploaded timetable,Synthetic development data,60.0,97,15,4,67.64666666666666,1,3.0,0,0,0,0,High
07-04-2026,Tuesday,2,10:15,11:15,Full Stack Development,IT22,F_ASP_RSZ,2,MCA,B,403,102,70,68.63,79.41,1.0,Theory,No,No,No,Cloudy,No,8.9,Morning,Provided - user uploaded timetable,Synthetic development data,60.0,97,15,4,71.24,2,3.0,0,0,0,0,Medium
07-04-2026,Tuesday,3,11:15,12:15,Research Methodology,IT25,F_MLK,2,MCA,B,403,102,78,76.47,68.63,1.0,Theory,No,No,No,Rainy,No,7.1,Morning,Provided - user uploaded timetable,Synthetic development data,60.0,97,15,4,73.85666666666667,3,3.0,0,0,0,0,High
07-04-2026,Tuesday,4,13:30,14:30,Mini Project - Faculty Interaction,ITC21,TBD,2,MCA,B,403,102,69,67.65,76.47,2.25,Project,No,No,No,Cloudy,No,8.6,Afternoon,Provided - user uploaded timetable,Synthetic development data,60.0,97,15,4,74.83666666666666,4,3.0,0,0,0,0,Medium
07-04-2026,Tuesday,5,14:30,15:30,Mini Project - Faculty Interaction,ITC21,TBD,2,MCA,B,403,102,68,66.67,67.65,1.0,Project,No,No,No,Rainy,No,8.6,Afternoon,Provided - user uploaded timetable,Synthetic development data,60.0,97,15,4,70.91666666666667,5,3.0,0,0,0,0,Medium
08-04-2026,Wednesday,1,9:15,10:15,Cyber Security,IT23,F_DPY,2,MCA,B,403,102,76,74.51,66.67,18.75,Theory,No,No,No,Cloudy,No,12.9,Morning,Provided - user uploaded timetable,Synthetic development data,60.0,98,15,4,70.26333333333334,1,4.0,0,0,0,0,Medium
08-04-2026,Wednesday,2,10:15,11:15,Software Project Management,IT24,F_JSP_MST,2,MCA,B,403,102,82,80.39,74.51,1.0,Theory,No,No,No,Sunny,No,8.3,Morning,Provided - user uploaded timetable,Synthetic development data,60.0,98,15,4,69.61,2,4.0,0,0,0,0,High
08-04-2026,Wednesday,3,11:15,12:15,Java Programming,IT21,F_VSN_SDM,2,MCA,B,403,102,78,76.47,80.39,1.0,Theory,No,No,No,Rainy,No,8.6,Morning,Provided - user uploaded timetable,Synthetic development data,60.0,98,15,4,73.85666666666667,3,4.0,0,0,0,0,High
08-04-2026,Wednesday,4,13:30,14:30,Full Stack Development Practical,ITL21-FSD,F_ASP_RSZ_SP_KSD,2,MCA,B,401/402,102,82,80.39,76.47,2.25,Practical,No,No,No,Cloudy,No,11.2,Afternoon,Provided - user uploaded timetable,Synthetic development data,60.0,98,15,4,77.12333333333333,4,4.0,0,0,0,0,High
08-04-2026,Wednesday,5,14:30,15:30,Full Stack Development Practical,ITL21-FSD,F_ASP_RSZ_SP_KSD,2,MCA,B,401/402,102,74,72.55,80.39,1.0,Practical,No,No,No,Rainy,No,2.4,Afternoon,Provided - user uploaded timetable,Synthetic development data,60.0,98,15,4,79.08333333333333,5,4.0,0,0,0,0,Medium
09-04-2026,Thursday,1,9:15,10:15,Java Programming,IT21,F_VSN_SDM,2,MCA,B,403,102,72,70.59,72.55,18.75,Theory,No,No,No,Rainy,No,12.8,Morning,Provided - user uploaded timetable,Synthetic development data,60.0,99,15,4,76.47000000000001,1,5.0,0,0,0,0,Medium
09-04-2026,Thursday,2,10:15,11:15,Research Methodology,IT25,F_MLK,2,MCA,B,403,102,67,65.69,70.59,1.0,Theory,No,No,No,Sunny,No,7.8,Morning,Provided - user uploaded timetable,Synthetic development data,60.0,99,15,4,74.50999999999999,2,5.0,0,0,0,0,Medium
09-04-2026,Thursday,3,11:15,12:15,Full Stack Development,IT22,F_ASP_RSZ,2,MCA,B,403,102,80,78.43,65.69,1.0,Theory,No,No,No,Cloudy,No,13.2,Morning,Provided - user uploaded timetable,Synthetic development data,60.0,99,15,4,69.61,3,5.0,0,0,0,0,High
09-04-2026,Thursday,4,13:30,14:30,Java Practical,ITL21-JAVA,F_SDM_VSN_KSD_SSP,2,MCA,B,401/402,102,74,72.55,78.43,2.25,Practical,No,No,No,Sunny,No,12.5,Afternoon,Provided - user uploaded timetable,Synthetic development data,60.0,99,15,4,71.57,4,5.0,0,0,0,0,Medium
09-04-2026,Thursday,5,14:30,15:30,Java Practical,ITL21-JAVA,F_SDM_VSN_KSD_SSP,2,MCA,B,401/402,102,90,88.24,72.55,1.0,Practical,No,No,No,Rainy,No,9.9,Afternoon,Provided - user uploaded timetable,Synthetic development data,60.0,99,15,4,72.22333333333334,5,5.0,0,0,0,0,High
10-04-2026,Friday,1,9:15,10:15,Software Project Management,IT24,F_JSP_MST,2,MCA,B,403,102,81,79.41,88.24,18.75,Theory,No,No,No,Cloudy,No,13.9,Morning,Provided - user uploaded timetable,Synthetic development data,60.0,100,15,4,79.74000000000001,1,6.0,0,0,0,0,High
10-04-2026,Friday,2,10:15,11:15,Java Programming,IT21,F_VSN_SDM,2,MCA,B,403,102,79,77.45,79.41,1.0,Theory,No,No,No,Sunny,No,11.1,Morning,Provided - user uploaded timetable,Synthetic development data,60.0,100,15,4,80.06666666666666,2,6.0,0,0,0,0,High
10-04-2026,Friday,3,11:15,12:15,Full Stack Development,IT22,F_ASP_RSZ,2,MCA,B,403,102,82,80.39,77.45,1.0,Theory,No,No,No,Cloudy,No,12.8,Morning,Provided - user uploaded timetable,Synthetic development data,60.0,100,15,4,81.7,3,6.0,0,0,0,0,High
10-04-2026,Friday,4,13:30,14:30,Cyber Security,IT23,F_DPY,2,MCA,B,403,102,68,66.67,80.39,2.25,Theory,No,No,No,Cloudy,No,3.8,Afternoon,Provided - user uploaded timetable,Synthetic development data,60.0,100,15,4,79.08333333333333,4,6.0,0,0,0,0,Medium
10-04-2026,Friday,5,14:30,15:30,IRP,IRP2,F_SDM,2,MCA,B,403,102,66,64.71,66.67,1.0,Theory,No,No,No,Cloudy,No,7.9,Afternoon,Provided - user uploaded timetable,Synthetic development data,60.0,100,15,4,74.83666666666666,5,6.0,0,0,0,0,Medium
11-04-2026,Saturday,1,11:15,12:15,Training And Placement / Mini Project Training,P201,TBD,2,MCA,B,403,102,65,63.73,64.71,20.75,Project,No,No,No,Rainy,No,8.6,Morning,Provided - user uploaded timetable,Synthetic development data,60.0,101,15,4,70.58999999999999,1,7.0,0,0,0,0,Medium
13-04-2026,Monday,1,9:15,10:15,Cyber Security Practical,ITL21-CYBER,F_DPY_MSU_MLK_MST,2,MCA,B,401/402,102,83,81.37,63.73,46.0,Practical,No,No,No,Rainy,No,13.1,Morning,Provided - user uploaded timetable,Synthetic development data,60.0,103,16,4,65.03666666666668,1,9.0,0,0,0,0,High
13-04-2026,Monday,2,10:15,11:15,Cyber Security Practical,ITL21-CYBER,F_DPY_MSU_MLK_MST,2,MCA,B,401/402,102,84,82.35,81.37,1.0,Practical,No,No,No,Sunny,No,2.6,Morning,Provided - user uploaded timetable,Synthetic development data,60.0,103,16,4,69.93666666666667,2,9.0,0,0,0,0,High
13-04-2026,Monday,3,11:15,12:15,Research Methodology,IT25,F_MLK,2,MCA,B,403,102,76,74.51,82.35,1.0,Theory,No,No,No,Sunny,No,3.6,Morning,Provided - user uploaded timetable,Synthetic development data,60.0,103,16,4,75.81666666666668,3,9.0,0,0,0,0,Medium
13-04-2026,Monday,4,13:30,14:30,Cyber Security,IT23,F_DPY,2,MCA,B,403,102,65,63.73,74.51,2.25,Theory,No,No,No,Sunny,No,14.9,Afternoon,Provided - user uploaded timetable,Synthetic development data,60.0,103,16,4,79.41000000000001,4,9.0,0,0,0,0,Medium
13-04-2026,Monday,5,14:30,15:30,Club Activities,CLUB,TBD,2,MCA,B,403,102,62,60.78,63.73,1.0,Special Event,No,No,No,Sunny,Yes,8.6,Afternoon,Provided - user uploaded timetable,Synthetic development data,60.0,103,16,4,73.53,5,9.0,0,0,0,1,Medium
14-04-2026,Tuesday,1,9:15,10:15,Software Project Management,IT24,F_JSP_MST,2,MCA,B,403,102,81,79.41,60.78,18.75,Theory,No,No,No,Sunny,No,11.0,Morning,Provided - user uploaded timetable,Synthetic development data,60.0,104,16,4,66.34,1,10.0,0,0,0,0,High
14-04-2026,Tuesday,2,10:15,11:15,Full Stack Development,IT22,F_ASP_RSZ,2,MCA,B,403,102,78,76.47,79.41,1.0,Theory,No,No,No,Cloudy,No,11.0,Morning,Provided - user uploaded timetable,Synthetic development data,60.0,104,16,4,67.97333333333334,2,10.0,0,0,0,0,High
14-04-2026,Tuesday,3,11:15,12:15,Research Methodology,IT25,F_MLK,2,MCA,B,403,102,79,77.45,76.47,1.0,Theory,No,No,No,Sunny,No,11.5,Morning,Provided - user uploaded timetable,Synthetic development data,60.0,104,16,4,72.22000000000001,3,10.0,0,0,0,0,High
14-04-2026,Tuesday,4,13:30,14:30,Mini Project - Faculty Interaction,ITC21,TBD,2,MCA,B,403,102,79,77.45,77.45,2.25,Project,No,No,No,Cloudy,No,8.6,Afternoon,Provided - user uploaded timetable,Synthetic development data,60.0,104,16,4,77.77666666666667,4,10.0,0,0,0,0,High
14-04-2026,Tuesday,5,14:30,15:30,Mini Project - Faculty Interaction,ITC21,TBD,2,MCA,B,403,102,76,74.51,77.45,1.0,Project,No,No,No,Sunny,No,8.6,Afternoon,Provided - user uploaded timetable,Synthetic development data,60.0,104,16,4,77.12333333333333,5,10.0,0,0,0,0,Medium
15-04-2026,Wednesday,1,9:15,10:15,Cyber Security,IT23,F_DPY,2,MCA,B,403,102,69,67.65,74.51,18.75,Theory,No,No,No,Cloudy,No,10.4,Morning,Provided - user uploaded timetable,Synthetic development data,60.0,105,16,4,76.47000000000001,1,11.0,0,0,0,0,Medium
15-04-2026,Wednesday,2,10:15,11:15,Software Project Management,IT24,F_JSP_MST,2,MCA,B,403,102,79,77.45,67.65,1.0,Theory,No,No,No,Rainy,No,9.9,Morning,Provided - user uploaded timetable,Synthetic development data,60.0,105,16,4,73.20333333333335,2,11.0,0,0,0,0,High
15-04-2026,Wednesday,3,11:15,12:15,Java Programming,IT21,F_VSN_SDM,2,MCA,B,403,102,76,74.51,77.45,1.0,Theory,No,No,No,Rainy,No,13.4,Morning,Provided - user uploaded timetable,Synthetic development data,60.0,105,16,4,73.20333333333333,3,11.0,0,0,0,0,Medium
15-04-2026,Wednesday,4,13:30,14:30,Full Stack Development Practical,ITL21-FSD,F_ASP_RSZ_SP_KSD,2,MCA,B,401/402,102,77,75.49,74.51,2.25,Practical,No,No,No,Sunny,No,11.7,Afternoon,Provided - user uploaded timetable,Synthetic development data,60.0,105,16,4,73.20333333333335,4,11.0,0,0,0,0,High
15-04-2026,Wednesday,5,14:30,15:30,Full Stack Development Practical,ITL21-FSD,F_ASP_RSZ_SP_KSD,2,MCA,B,401/402,102,73,71.57,75.49,1.0,Practical,No,Yes,No,Sunny,No,8.4,Afternoon,Provided - user uploaded timetable,Synthetic development data,60.0,105,16,4,75.81666666666668,5,11.0,0,1,0,0,Medium
16-04-2026,Thursday,1,9:15,10:15,Java Programming,IT21,F_VSN_SDM,2,MCA,B,403,102,93,91.18,71.57,18.75,Theory,Yes,No,No,Sunny,No,14.3,Morning,Provided - user uploaded timetable,Synthetic development data,60.0,106,16,4,73.85666666666667,1,12.0,1,0,0,0,High
16-04-2026,Thursday,2,10:15,11:15,Research Methodology,IT25,F_MLK,2,MCA,B,403,102,77,75.49,91.18,1.0,Theory,No,No,No,Rainy,No,8.5,Morning,Provided - user uploaded timetable,Synthetic development data,60.0,106,16,4,79.41333333333334,2,12.0,0,0,0,0,High
16-04-2026,Thursday,3,11:15,12:15,Full Stack Development,IT22,F_ASP_RSZ,2,MCA,B,403,102,77,75.49,75.49,1.0,Theory,No,No,No,Sunny,No,10.3,Morning,Provided - user uploaded timetable,Synthetic development data,60.0,106,16,4,79.41333333333334,3,12.0,0,0,0,0,High
16-04-2026,Thursday,4,13:30,14:30,Java Practical,ITL21-JAVA,F_SDM_VSN_KSD_SSP,2,MCA,B,401/402,102,76,74.51,75.49,2.25,Practical,No,No,No,Sunny,No,6.0,Afternoon,Provided - user uploaded timetable,Synthetic development data,60.0,106,16,4,80.72000000000001,4,12.0,0,0,0,0,Medium
16-04-2026,Thursday,5,14:30,15:30,Java Practical,ITL21-JAVA,F_SDM_VSN_KSD_SSP,2,MCA,B,401/402,102,84,82.35,74.51,1.0,Practical,No,No,No,Sunny,No,9.0,Afternoon,Provided - user uploaded timetable,Synthetic development data,60.0,106,16,4,75.16333333333334,5,12.0,0,0,0,0,High
17-04-2026,Friday,1,9:15,10:15,Software Project Management,IT24,F_JSP_MST,2,MCA,B,403,102,75,73.53,82.35,18.75,Theory,Yes,No,No,Sunny,No,4.1,Morning,Provided - user uploaded timetable,Synthetic development data,60.0,107,16,4,77.45,1,13.0,1,0,0,0,Medium
17-04-2026,Friday,2,10:15,11:15,Java Programming,IT21,F_VSN_SDM,2,MCA,B,403,102,79,77.45,73.53,1.0,Theory,No,No,No,Rainy,No,5.4,Morning,Provided - user uploaded timetable,Synthetic development data,60.0,107,16,4,76.79666666666667,2,13.0,0,0,0,0,High
17-04-2026,Friday,3,11:15,12:15,Full Stack Development,IT22,F_ASP_RSZ,2,MCA,B,403,102,86,84.31,77.45,1.0,Theory,No,No,No,Cloudy,No,11.5,Morning,Provided - user uploaded timetable,Synthetic development data,60.0,107,16,4,77.77666666666666,3,13.0,0,0,0,0,High
17-04-2026,Friday,4,13:30,14:30,Cyber Security,IT23,F_DPY,2,MCA,B,403,102,64,62.75,84.31,2.25,Theory,No,No,No,Cloudy,No,12.5,Afternoon,Provided - user uploaded timetable,Synthetic development data,60.0,107,16,4,78.43,4,13.0,0,0,0,0,Medium
17-04-2026,Friday,5,14:30,15:30,IRP,IRP2,F_SDM,2,MCA,B,403,102,75,73.53,62.75,1.0,Theory,No,Yes,No,Rainy,No,14.7,Afternoon,Provided - user uploaded timetable,Synthetic development data,60.0,107,16,4,74.83666666666666,5,13.0,0,1,0,0,Medium
18-04-2026,Saturday,1,11:15,12:15,Training And Placement / Mini Project Training,P201,TBD,2,MCA,B,403,102,62,60.78,73.53,20.75,Project,No,No,No,Rainy,No,8.6,Morning,Provided - user uploaded timetable,Synthetic development data,60.0,108,16,4,73.53000000000002,1,14.0,0,0,0,0,Medium
20-04-2026,Monday,1,9:15,10:15,Cyber Security Practical,ITL21-CYBER,F_DPY_MSU_MLK_MST,2,MCA,B,401/402,102,82,80.39,60.78,46.0,Practical,No,No,No,Cloudy,No,13.9,Morning,Provided - user uploaded timetable,Synthetic development data,60.0,110,17,4,65.68666666666667,1,16.0,0,0,0,0,High
20-04-2026,Monday,2,10:15,11:15,Cyber Security Practical,ITL21-CYBER,F_DPY_MSU_MLK_MST,2,MCA,B,401/402,102,83,81.37,80.39,1.0,Practical,No,No,No,Rainy,No,6.8,Morning,Provided - user uploaded timetable,Synthetic development data,60.0,110,17,4,71.56666666666668,2,16.0,0,0,0,0,High
20-04-2026,Monday,3,11:15,12:15,Research Methodology,IT25,F_MLK,2,MCA,B,403,102,78,76.47,81.37,1.0,Theory,No,No,No,Sunny,No,4.9,Morning,Provided - user uploaded timetable,Synthetic development data,60.0,110,17,4,74.18,3,16.0,0,0,0,0,High
20-04-2026,Monday,4,13:30,14:30,Cyber Security,IT23,F_DPY,2,MCA,B,403,102,68,66.67,76.47,2.25,Theory,No,Yes,No,Cloudy,No,2.9,Afternoon,Provided - user uploaded timetable,Synthetic development data,60.0,110,17,4,79.41000000000001,4,16.0,0,1,0,0,Medium
20-04-2026,Monday,5,14:30,15:30,Club Activities,CLUB,TBD,2,MCA,B,403,102,59,57.84,66.67,1.0,Special Event,No,No,No,Cloudy,Yes,8.6,Afternoon,Provided - user uploaded timetable,Synthetic development data,60.0,110,17,4,74.83666666666669,5,16.0,0,0,0,1,Medium
21-04-2026,Tuesday,1,9:15,10:15,Software Project Management,IT24,F_JSP_MST,2,MCA,B,403,102,81,79.41,57.84,18.75,Theory,No,No,No,Rainy,No,13.4,Morning,Provided - user uploaded timetable,Synthetic development data,60.0,111,17,4,66.99333333333334,1,17.0,0,0,0,0,High
21-04-2026,Tuesday,2,10:15,11:15,Full Stack Development,IT22,F_ASP_RSZ,2,MCA,B,403,102,76,74.51,79.41,1.0,Theory,No,Yes,No,Rainy,No,6.9,Morning,Provided - user uploaded timetable,Synthetic development data,60.0,111,17,4,67.97333333333334,2,17.0,0,1,0,0,Medium
21-04-2026,Tuesday,3,11:15,12:15,Research Methodology,IT25,F_MLK,2,MCA,B,403,102,66,64.71,74.51,1.0,Theory,No,No,No,Sunny,No,8.9,Morning,Provided - user uploaded timetable,Synthetic development data,60.0,111,17,4,70.58666666666666,3,17.0,0,0,0,0,Medium
21-04-2026,Tuesday,4,13:30,14:30,Mini Project - Faculty Interaction,ITC21,TBD,2,MCA,B,403,102,73,71.57,64.71,2.25,Project,No,No,No,Sunny,No,8.6,Afternoon,Provided - user uploaded timetable,Synthetic development data,60.0,111,17,4,72.87666666666668,4,17.0,0,0,0,0,Medium
21-04-2026,Tuesday,5,14:30,15:30,Mini Project - Faculty Interaction,ITC21,TBD,2,MCA,B,403,102,71,69.61,71.57,1.0,Project,No,No,No,Cloudy,No,8.6,Afternoon,Provided - user uploaded timetable,Synthetic development data,60.0,111,17,4,70.26333333333334,5,17.0,0,0,0,0,Medium
22-04-2026,Wednesday,1,9:15,10:15,Cyber Security,IT23,F_DPY,2,MCA,B,403,102,76,74.51,69.61,18.75,Theory,No,No,No,Cloudy,No,5.0,Morning,Provided - user uploaded timetable,Synthetic development data,60.0,112,17,4,68.63,1,18.0,0,0,0,0,Medium
22-04-2026,Wednesday,2,10:15,11:15,Software Project Management,IT24,F_JSP_MST,2,MCA,B,403,102,79,77.45,74.51,1.0,Theory,No,No,No,Rainy,No,3.4,Morning,Provided - user uploaded timetable,Synthetic development data,60.0,112,17,4,71.89666666666668,2,18.0,0,0,0,0,High
22-04-2026,Wednesday,3,11:15,12:15,Java Programming,IT21,F_VSN_SDM,2,MCA,B,403,102,80,78.43,77.45,1.0,Theory,No,No,No,Cloudy,No,7.3,Morning,Provided - user uploaded timetable,Synthetic development data,60.0,112,17,4,73.85666666666667,3,18.0,0,0,0,0,High
22-04-2026,Wednesday,4,13:30,14:30,Full Stack Development Practical,ITL21-FSD,F_ASP_RSZ_SP_KSD,2,MCA,B,401/402,102,85,83.33,78.43,2.25,Practical,No,No,No,Sunny,No,7.9,Afternoon,Provided - user uploaded timetable,Synthetic development data,60.0,112,17,4,76.79666666666668,4,18.0,0,0,0,0,High
22-04-2026,Wednesday,5,14:30,15:30,Full Stack Development Practical,ITL21-FSD,F_ASP_RSZ_SP_KSD,2,MCA,B,401/402,102,78,76.47,83.33,1.0,Practical,No,No,No,Sunny,No,4.0,Afternoon,Provided - user uploaded timetable,Synthetic development data,60.0,112,17,4,79.73666666666668,5,18.0,0,0,0,0,High
23-04-2026,Thursday,1,9:15,10:15,Java Programming,IT21,F_VSN_SDM,2,MCA,B,403,102,77,75.49,76.47,18.75,Theory,No,Yes,No,Sunny,No,12.5,Morning,Provided - user uploaded timetable,Synthetic development data,60.0,113,17,4,79.41000000000001,1,19.0,0,1,0,0,High
23-04-2026,Thursday,2,10:15,11:15,Research Methodology,IT25,F_MLK,2,MCA,B,403,102,81,79.41,75.49,1.0,Theory,No,Yes,No,Sunny,No,3.7,Morning,Provided - user uploaded timetable,Synthetic development data,60.0,113,17,4,78.43,2,19.0,0,1,0,0,High
23-04-2026,Thursday,3,11:15,12:15,Full Stack Development,IT22,F_ASP_RSZ,2,MCA,B,403,102,72,70.59,79.41,1.0,Theory,No,No,No,Rainy,No,14.2,Morning,Provided - user uploaded timetable,Synthetic development data,60.0,113,17,4,77.12333333333333,3,19.0,0,0,0,0,Medium
23-04-2026,Thursday,4,13:30,14:30,Java Practical,ITL21-JAVA,F_SDM_VSN_KSD_SSP,2,MCA,B,401/402,102,80,78.43,70.59,2.25,Practical,No,No,No,Sunny,No,2.3,Afternoon,Provided - user uploaded timetable,Synthetic development data,60.0,113,17,4,75.16333333333334,4,19.0,0,0,0,0,High
23-04-2026,Thursday,5,14:30,15:30,Java Practical,ITL21-JAVA,F_SDM_VSN_KSD_SSP,2,MCA,B,401/402,102,78,76.47,78.43,1.0,Practical,Yes,No,No,Cloudy,No,12.5,Afternoon,Provided - user uploaded timetable,Synthetic development data,60.0,113,17,4,76.14333333333333,5,19.0,1,0,0,0,High
24-04-2026,Friday,1,9:15,10:15,Software Project Management,IT24,F_JSP_MST,2,MCA,B,403,102,83,81.37,76.47,18.75,Theory,Yes,No,No,Sunny,No,10.4,Morning,Provided - user uploaded timetable,Synthetic development data,60.0,114,17,4,75.16333333333334,1,20.0,1,0,0,0,High
24-04-2026,Friday,2,10:15,11:15,Java Programming,IT21,F_VSN_SDM,2,MCA,B,403,102,80,78.43,81.37,1.0,Theory,No,No,No,Cloudy,No,2.8,Morning,Provided - user uploaded timetable,Synthetic development data,60.0,114,17,4,78.75666666666667,2,20.0,0,0,0,0,High
24-04-2026,Friday,3,11:15,12:15,Full Stack Development,IT22,F_ASP_RSZ,2,MCA,B,403,102,82,80.39,78.43,1.0,Theory,No,No,No,Sunny,No,10.4,Morning,Provided - user uploaded timetable,Synthetic development data,60.0,114,17,4,78.75666666666667,3,20.0,0,0,0,0,High
24-04-2026,Friday,4,13:30,14:30,Cyber Security,IT23,F_DPY,2,MCA,B,403,102,65,63.73,80.39,2.25,Theory,No,No,No,Rainy,No,12.3,Afternoon,Provided - user uploaded timetable,Synthetic development data,60.0,114,17,4,80.06333333333335,4,20.0,0,0,0,0,Medium
24-04-2026,Friday,5,14:30,15:30,IRP,IRP2,F_SDM,2,MCA,B,403,102,72,70.59,63.73,1.0,Theory,No,No,No,Cloudy,No,8.2,Afternoon,Provided - user uploaded timetable,Synthetic development data,60.0,114,17,4,74.18333333333334,5,20.0,0,0,0,0,Medium
25-04-2026,Saturday,1,11:15,12:15,Training And Placement / Mini Project Training,P201,TBD,2,MCA,B,403,102,63,61.76,70.59,20.75,Project,No,No,No,Sunny,No,8.6,Morning,Provided - user uploaded timetable,Synthetic development data,60.0,115,17,4,71.57000000000001,1,21.0,0,0,0,0,Medium
27-04-2026,Monday,1,9:15,10:15,Cyber Security Practical,ITL21-CYBER,F_DPY_MSU_MLK_MST,2,MCA,B,401/402,102,82,80.39,61.76,46.0,Practical,No,No,No,Sunny,No,5.1,Morning,Provided - user uploaded timetable,Synthetic development data,60.0,117,18,4,65.36,1,23.0,0,0,0,0,High
27-04-2026,Monday,2,10:15,11:15,Cyber Security Practical,ITL21-CYBER,F_DPY_MSU_MLK_MST,2,MCA,B,401/402,102,77,75.49,80.39,1.0,Practical,No,No,No,Cloudy,No,13.9,Morning,Provided - user uploaded timetable,Synthetic development data,60.0,117,18,4,70.91333333333334,2,23.0,0,0,0,0,High
27-04-2026,Monday,3,11:15,12:15,Research Methodology,IT25,F_MLK,2,MCA,B,403,102,70,68.63,75.49,1.0,Theory,Yes,No,No,Rainy,No,9.3,Morning,Provided - user uploaded timetable,Synthetic development data,60.0,117,18,4,72.54666666666667,3,23.0,1,0,0,0,Medium
27-04-2026,Monday,4,13:30,14:30,Cyber Security,IT23,F_DPY,2,MCA,B,403,102,62,60.78,68.63,2.25,Theory,No,No,No,Cloudy,No,9.0,Afternoon,Provided - user uploaded timetable,Synthetic development data,60.0,117,18,4,74.83666666666666,4,23.0,0,0,0,0,Medium
27-04-2026,Monday,5,14:30,15:30,Club Activities,CLUB,TBD,2,MCA,B,403,102,62,60.78,60.78,1.0,Special Event,No,Yes,No,Sunny,Yes,8.6,Afternoon,Provided - user uploaded timetable,Synthetic development data,60.0,117,18,4,68.3,5,23.0,0,1,0,1,Medium
28-04-2026,Tuesday,1,9:15,10:15,Software Project Management,IT24,F_JSP_MST,2,MCA,B,403,102,77,75.49,60.78,18.75,Theory,No,No,No,Sunny,No,6.4,Morning,Provided - user uploaded timetable,Synthetic development data,60.0,118,18,4,63.39666666666667,1,24.0,0,0,0,0,High
28-04-2026,Tuesday,2,10:15,11:15,Full Stack Development,IT22,F_ASP_RSZ,2,MCA,B,403,102,76,74.51,75.49,1.0,Theory,No,No,No,Rainy,No,14.3,Morning,Provided - user uploaded timetable,Synthetic development data,60.0,118,18,4,65.68333333333334,2,24.0,0,0,0,0,Medium
28-04-2026,Tuesday,3,11:15,12:15,Research Methodology,IT25,F_MLK,2,MCA,B,403,102,78,76.47,74.51,1.0,Theory,No,No,No,Rainy,No,6.1,Morning,Provided - user uploaded timetable,Synthetic development data,60.0,118,18,4,70.26,3,24.0,0,0,0,0,High
28-04-2026,Tuesday,4,13:30,14:30,Mini Project - Faculty Interaction,ITC21,TBD,2,MCA,B,403,102,65,63.73,76.47,2.25,Project,No,No,No,Rainy,No,8.6,Afternoon,Provided - user uploaded timetable,Synthetic development data,60.0,118,18,4,75.49,4,24.0,0,0,0,0,Medium
28-04-2026,Tuesday,5,14:30,15:30,Mini Project - Faculty Interaction,ITC21,TBD,2,MCA,B,403,102,72,70.59,63.73,1.0,Project,No,No,No,Rainy,No,8.6,Afternoon,Provided - user uploaded timetable,Synthetic development data,60.0,118,18,4,71.57000000000001,5,24.0,0,0,0,0,Medium
29-04-2026,Wednesday,1,9:15,10:15,Cyber Security,IT23,F_DPY,2,MCA,B,403,102,70,68.63,70.59,18.75,Theory,Yes,No,No,Cloudy,No,4.2,Morning,Provided - user uploaded timetable,Synthetic development data,60.0,119,18,4,70.26333333333334,1,25.0,1,0,0,0,Medium
29-04-2026,Wednesday,2,10:15,11:15,Software Project Management,IT24,F_JSP_MST,2,MCA,B,403,102,75,73.53,68.63,1.0,Theory,No,Yes,No,Rainy,No,10.7,Morning,Provided - user uploaded timetable,Synthetic development data,60.0,119,18,4,67.64999999999999,2,25.0,0,1,0,0,Medium
29-04-2026,Wednesday,3,11:15,12:15,Java Programming,IT21,F_VSN_SDM,2,MCA,B,403,102,77,75.49,73.53,1.0,Theory,No,No,No,Sunny,No,5.4,Morning,Provided - user uploaded timetable,Synthetic development data,60.0,119,18,4,70.91666666666667,3,25.0,0,0,0,0,High
29-04-2026,Wednesday,4,13:30,14:30,Full Stack Development Practical,ITL21-FSD,F_ASP_RSZ_SP_KSD,2,MCA,B,401/402,102,77,75.49,75.49,2.25,Practical,No,Yes,No,Cloudy,No,12.2,Afternoon,Provided - user uploaded timetable,Synthetic development data,60.0,119,18,4,72.55,4,25.0,0,1,0,0,High
29-04-2026,Wednesday,5,14:30,15:30,Full Stack Development Practical,ITL21-FSD,F_ASP_RSZ_SP_KSD,2,MCA,B,401/402,102,87,85.29,75.49,1.0,Practical,No,Yes,No,Cloudy,No,11.5,Afternoon,Provided - user uploaded timetable,Synthetic development data,60.0,119,18,4,74.83666666666666,5,25.0,0,1,0,0,High
30-04-2026,Thursday,1,9:15,10:15,Java Programming,IT21,F_VSN_SDM,2,MCA,B,403,102,77,75.49,85.29,18.75,Theory,No,No,Yes,Rainy,No,3.0,Morning,Provided - user uploaded timetable,Synthetic development data,60.0,120,18,4,78.75666666666666,1,26.0,0,0,1,0,High
30-04-2026,Thursday,2,10:15,11:15,Research Methodology,IT25,F_MLK,2,MCA,B,403,102,69,67.65,75.49,1.0,Theory,No,No,Yes,Cloudy,No,9.7,Morning,Provided - user uploaded timetable,Synthetic development data,60.0,120,18,4,78.75666666666666,2,26.0,0,0,1,0,Medium
30-04-2026,Thursday,3,11:15,12:15,Full Stack Development,IT22,F_ASP_RSZ,2,MCA,B,403,102,63,61.76,67.65,1.0,Theory,No,No,Yes,Sunny,No,7.6,Morning,Provided - user uploaded timetable,Synthetic development data,60.0,120,18,4,76.14333333333333,3,26.0,0,0,1,0,Medium
30-04-2026,Thursday,4,13:30,14:30,Java Practical,ITL21-JAVA,F_SDM_VSN_KSD_SSP,2,MCA,B,401/402,102,82,80.39,61.76,2.25,Practical,No,No,Yes,Cloudy,No,4.0,Afternoon,Provided - user uploaded timetable,Synthetic development data,60.0,120,18,4,68.3,4,26.0,0,0,1,0,High
30-04-2026,Thursday,5,14:30,15:30,Java Practical,ITL21-JAVA,F_SDM_VSN_KSD_SSP,2,MCA,B,401/402,102,84,82.35,80.39,1.0,Practical,No,No,Yes,Sunny,No,7.3,Afternoon,Provided - user uploaded timetable,Synthetic development data,60.0,120,18,4,69.93333333333334,5,26.0,0,0,1,0,High
02-05-2026,Saturday,1,11:15,12:15,Training And Placement / Mini Project Training,P201,TBD,2,MCA,B,403,102,57,55.88,82.35,44.75,Project,No,No,Yes,Sunny,No,8.6,Morning,Provided - user uploaded timetable,Synthetic development data,60.0,122,18,5,74.83333333333333,1,2.0,0,0,1,0,Medium
04-05-2026,Monday,1,9:15,10:15,Cyber Security Practical,ITL21-CYBER,F_DPY_MSU_MLK_MST,2,MCA,B,401/402,102,80,78.43,55.88,46.0,Practical,No,No,No,Rainy,No,9.1,Morning,Provided - user uploaded timetable,Synthetic development data,60.0,124,19,5,72.87333333333333,1,2.0,0,0,0,0,High
04-05-2026,Monday,2,10:15,11:15,Cyber Security Practical,ITL21-CYBER,F_DPY_MSU_MLK_MST,2,MCA,B,401/402,102,77,75.49,78.43,1.0,Practical,No,No,No,Cloudy,No,4.4,Morning,Provided - user uploaded timetable,Synthetic development data,60.0,124,19,5,72.22,2,2.0,0,0,0,0,High
04-05-2026,Monday,3,11:15,12:15,Research Methodology,IT25,F_MLK,2,MCA,B,403,102,71,69.61,75.49,1.0,Theory,Yes,No,No,Cloudy,No,4.9,Morning,Provided - user uploaded timetable,Synthetic development data,60.0,124,19,5,69.93333333333334,3,2.0,1,0,0,0,Medium
04-05-2026,Monday,4,13:30,14:30,Cyber Security,IT23,F_DPY,2,MCA,B,403,102,67,65.69,69.61,2.25,Theory,No,Yes,No,Rainy,No,10.7,Afternoon,Provided - user uploaded timetable,Synthetic development data,60.0,124,19,5,74.51,4,2.0,0,1,0,0,Medium
04-05-2026,Monday,5,14:30,15:30,Club Activities,CLUB,TBD,2,MCA,B,403,102,75,73.53,65.69,1.0,Special Event,No,No,No,Rainy,Yes,8.6,Afternoon,Provided - user uploaded timetable,Synthetic development data,60.0,124,19,5,70.26333333333334,5,2.0,0,0,0,1,Medium
05-05-2026,Tuesday,1,9:15,10:15,Software Project Management,IT24,F_JSP_MST,2,MCA,B,403,102,76,74.51,73.53,18.75,Theory,No,No,No,Cloudy,No,4.2,Morning,Provided - user uploaded timetable,Synthetic development data,60.0,125,19,5,69.61,1,3.0,0,0,0,0,Medium
05-05-2026,Tuesday,2,10:15,11:15,Full Stack Development,IT22,F_ASP_RSZ,2,MCA,B,403,102,74,72.55,74.51,1.0,Theory,No,No,No,Sunny,No,3.6,Morning,Provided - user uploaded timetable,Synthetic development data,60.0,125,19,5,71.24333333333334,2,3.0,0,0,0,0,Medium
05-05-2026,Tuesday,3,11:15,12:15,Research Methodology,IT25,F_MLK,2,MCA,B,403,102,80,78.43,72.55,1.0,Theory,No,No,No,Cloudy,No,4.6,Morning,Provided - user uploaded timetable,Synthetic development data,60.0,125,19,5,73.53,3,3.0,0,0,0,0,High
05-05-2026,Tuesday,4,13:30,14:30,Mini Project - Faculty Interaction,ITC21,TBD,2,MCA,B,403,102,74,72.55,78.43,2.25,Project,No,No,No,Rainy,No,8.6,Afternoon,Provided - user uploaded timetable,Synthetic development data,60.0,125,19,5,75.16333333333334,4,3.0,0,0,0,0,Medium
05-05-2026,Tuesday,5,14:30,15:30,Mini Project - Faculty Interaction,ITC21,TBD,2,MCA,B,403,102,80,78.43,72.55,1.0,Project,No,No,No,Sunny,No,8.6,Afternoon,Provided - user uploaded timetable,Synthetic development data,60.0,125,19,5,74.51,5,3.0,0,0,0,0,High
06-05-2026,Wednesday,1,9:15,10:15,Cyber Security,IT23,F_DPY,2,MCA,B,403,102,75,73.53,78.43,18.75,Theory,No,No,No,Cloudy,No,13.4,Morning,Provided - user uploaded timetable,Synthetic development data,60.0,126,19,5,76.47000000000001,1,4.0,0,0,0,0,Medium
06-05-2026,Wednesday,2,10:15,11:15,Software Project Management,IT24,F_JSP_MST,2,MCA,B,403,102,84,82.35,73.53,1.0,Theory,No,No,No,Rainy,No,9.9,Morning,Provided - user uploaded timetable,Synthetic development data,60.0,126,19,5,74.83666666666666,2,4.0,0,0,0,0,High
06-05-2026,Wednesday,3,11:15,12:15,Java Programming,IT21,F_VSN_SDM,2,MCA,B,403,102,86,84.31,82.35,1.0,Theory,Yes,No,No,Sunny,No,10.0,Morning,Provided - user uploaded timetable,Synthetic development data,60.0,126,19,5,78.10333333333334,3,4.0,1,0,0,0,High
06-05-2026,Wednesday,4,13:30,14:30,Full Stack Development Practical,ITL21-FSD,F_ASP_RSZ_SP_KSD,2,MCA,B,401/402,102,88,86.27,84.31,2.25,Practical,No,No,No,Cloudy,No,13.6,Afternoon,Provided - user uploaded timetable,Synthetic development data,60.0,126,19,5,80.06333333333333,4,4.0,0,0,0,0,High
06-05-2026,Wednesday,5,14:30,15:30,Full Stack Development Practical,ITL21-FSD,F_ASP_RSZ_SP_KSD,2,MCA,B,401/402,102,84,82.35,86.27,1.0,Practical,No,No,No,Rainy,No,8.2,Afternoon,Provided - user uploaded timetable,Synthetic development data,60.0,126,19,5,84.31,5,4.0,0,0,0,0,High
07-05-2026,Thursday,1,9:15,10:15,Java Programming,IT21,F_VSN_SDM,2,MCA,B,403,102,78,76.47,82.35,18.75,Theory,No,No,No,Cloudy,No,11.6,Morning,Provided - user uploaded timetable,Synthetic development data,60.0,127,19,5,84.30999999999999,1,5.0,0,0,0,0,High
07-05-2026,Thursday,2,10:15,11:15,Research Methodology,IT25,F_MLK,2,MCA,B,403,102,75,73.53,76.47,1.0,Theory,No,No,No,Sunny,No,8.7,Morning,Provided - user uploaded timetable,Synthetic development data,60.0,127,19,5,81.69666666666667,2,5.0,0,0,0,0,Medium
07-05-2026,Thursday,3,11:15,12:15,Full Stack Development,IT22,F_ASP_RSZ,2,MCA,B,403,102,83,81.37,73.53,1.0,Theory,No,No,No,Rainy,No,7.2,Morning,Provided - user uploaded timetable,Synthetic development data,60.0,127,19,5,77.45,3,5.0,0,0,0,0,High
07-05-2026,Thursday,4,13:30,14:30,Java Practical,ITL21-JAVA,F_SDM_VSN_KSD_SSP,2,MCA,B,401/402,102,82,80.39,81.37,2.25,Practical,No,No,No,Rainy,No,2.4,Afternoon,Provided - user uploaded timetable,Synthetic development data,60.0,127,19,5,77.12333333333333,4,5.0,0,0,0,0,High
07-05-2026,Thursday,5,14:30,15:30,Java Practical,ITL21-JAVA,F_SDM_VSN_KSD_SSP,2,MCA,B,401/402,102,81,79.41,80.39,1.0,Practical,No,No,No,Sunny,No,5.2,Afternoon,Provided - user uploaded timetable,Synthetic development data,60.0,127,19,5,78.43,5,5.0,0,0,0,0,High
08-05-2026,Friday,1,9:15,10:15,Software Project Management,IT24,F_JSP_MST,2,MCA,B,403,102,80,78.43,79.41,18.75,Theory,No,No,No,Rainy,No,3.2,Morning,Provided - user uploaded timetable,Synthetic development data,60.0,128,19,5,80.39,1,6.0,0,0,0,0,High
08-05-2026,Friday,2,10:15,11:15,Java Programming,IT21,F_VSN_SDM,2,MCA,B,403,102,81,79.41,78.43,1.0,Theory,Yes,Yes,No,Rainy,No,12.1,Morning,Provided - user uploaded timetable,Synthetic development data,60.0,128,19,5,79.41000000000001,2,6.0,1,1,0,0,High
08-05-2026,Friday,3,11:15,12:15,Full Stack Development,IT22,F_ASP_RSZ,2,MCA,B,403,102,85,83.33,79.41,1.0,Theory,No,No,No,Sunny,No,10.8,Morning,Provided - user uploaded timetable,Synthetic development data,60.0,128,19,5,79.08333333333333,3,6.0,0,0,0,0,High
08-05-2026,Friday,4,13:30,14:30,Cyber Security,IT23,F_DPY,2,MCA,B,403,102,67,65.69,83.33,2.25,Theory,No,No,No,Sunny,No,13.2,Afternoon,Provided - user uploaded timetable,Synthetic development data,60.0,128,19,5,80.39,4,6.0,0,0,0,0,Medium
08-05-2026,Friday,5,14:30,15:30,IRP,IRP2,F_SDM,2,MCA,B,403,102,67,65.69,65.69,1.0,Theory,No,No,No,Cloudy,No,13.8,Afternoon,Provided - user uploaded timetable,Synthetic development data,60.0,128,19,5,76.14333333333333,5,6.0,0,0,0,0,Medium
09-05-2026,Saturday,1,11:15,12:15,Training And Placement / Mini Project Training,P201,TBD,2,MCA,B,403,102,66,64.71,65.69,20.75,Project,No,No,No,Cloudy,No,8.6,Morning,Provided - user uploaded timetable,Synthetic development data,60.0,129,19,5,71.57,1,7.0,0,0,0,0,Medium
11-05-2026,Monday,1,9:15,10:15,Cyber Security Practical,ITL21-CYBER,F_DPY_MSU_MLK_MST,2,MCA,B,401/402,102,80,78.43,64.71,46.0,Practical,No,Yes,No,Sunny,No,6.4,Morning,Provided - user uploaded timetable,Synthetic development data,60.0,131,20,5,65.36333333333333,1,9.0,0,1,0,0,High
11-05-2026,Monday,2,10:15,11:15,Cyber Security Practical,ITL21-CYBER,F_DPY_MSU_MLK_MST,2,MCA,B,401/402,102,90,88.24,78.43,1.0,Practical,No,No,No,Cloudy,No,5.4,Morning,Provided - user uploaded timetable,Synthetic development data,60.0,131,20,5,69.61,2,9.0,0,0,0,0,High
11-05-2026,Monday,3,11:15,12:15,Research Methodology,IT25,F_MLK,2,MCA,B,403,102,67,65.69,88.24,1.0,Theory,No,No,No,Cloudy,No,4.4,Morning,Provided - user uploaded timetable,Synthetic development data,60.0,131,20,5,77.12666666666667,3,9.0,0,0,0,0,Medium
11-05-2026,Monday,4,13:30,14:30,Cyber Security,IT23,F_DPY,2,MCA,B,403,102,64,62.75,65.69,2.25,Theory,No,No,No,Sunny,No,12.5,Afternoon,Provided - user uploaded timetable,Synthetic development data,60.0,131,20,5,77.45333333333333,4,9.0,0,0,0,0,Medium
11-05-2026,Monday,5,14:30,15:30,Club Activities,CLUB,TBD,2,MCA,B,403,102,68,66.67,62.75,1.0,Special Event,No,No,No,Rainy,Yes,8.6,Afternoon,Provided - user uploaded timetable,Synthetic development data,60.0,131,20,5,72.22666666666667,5,9.0,0,0,0,1,Medium
12-05-2026,Tuesday,1,9:15,10:15,Software Project Management,IT24,F_JSP_MST,2,MCA,B,403,102,67,65.69,66.67,18.75,Theory,No,No,No,Rainy,No,13.4,Morning,Provided - user uploaded timetable,Synthetic development data,60.0,132,20,5,65.03666666666668,1,10.0,0,0,0,0,Medium
12-05-2026,Tuesday,2,10:15,11:15,Full Stack Development,IT22,F_ASP_RSZ,2,MCA,B,403,102,79,77.45,65.69,1.0,Theory,No,Yes,No,Sunny,No,11.6,Morning,Provided - user uploaded timetable,Synthetic development data,60.0,132,20,5,65.03666666666668,2,10.0,0,1,0,0,High
12-05-2026,Tuesday,3,11:15,12:15,Research Methodology,IT25,F_MLK,2,MCA,B,403,102,72,70.59,77.45,1.0,Theory,No,No,No,Sunny,No,14.3,Morning,Provided - user uploaded timetable,Synthetic development data,60.0,132,20,5,69.93666666666667,3,10.0,0,0,0,0,Medium
12-05-2026,Tuesday,4,13:30,14:30,Mini Project - Faculty Interaction,ITC21,TBD,2,MCA,B,403,102,65,63.73,70.59,2.25,Project,No,No,No,Sunny,No,8.6,Afternoon,Provided - user uploaded timetable,Synthetic development data,60.0,132,20,5,71.24333333333333,4,10.0,0,0,0,0,Medium
12-05-2026,Tuesday,5,14:30,15:30,Mini Project - Faculty Interaction,ITC21,TBD,2,MCA,B,403,102,74,72.55,63.73,1.0,Project,No,No,No,Cloudy,No,8.6,Afternoon,Provided - user uploaded timetable,Synthetic development data,60.0,132,20,5,70.59,5,10.0,0,0,0,0,Medium
13-05-2026,Wednesday,1,9:15,10:15,Cyber Security,IT23,F_DPY,2,MCA,B,403,102,72,70.59,72.55,18.75,Theory,No,No,No,Rainy,No,13.6,Morning,Provided - user uploaded timetable,Synthetic development data,60.0,133,20,5,68.95666666666666,1,11.0,0,0,0,0,Medium
13-05-2026,Wednesday,2,10:15,11:15,Software Project Management,IT24,F_JSP_MST,2,MCA,B,403,102,88,86.27,70.59,1.0,Theory,No,No,No,Rainy,No,4.3,Morning,Provided - user uploaded timetable,Synthetic development data,60.0,133,20,5,68.95666666666666,2,11.0,0,0,0,0,High
13-05-2026,Wednesday,3,11:15,12:15,Java Programming,IT21,F_VSN_SDM,2,MCA,B,403,102,74,72.55,86.27,1.0,Theory,No,No,No,Sunny,No,6.1,Morning,Provided - user uploaded timetable,Synthetic development data,60.0,133,20,5,76.47000000000001,3,11.0,0,0,0,0,Medium
13-05-2026,Wednesday,4,13:30,14:30,Full Stack Development Practical,ITL21-FSD,F_ASP_RSZ_SP_KSD,2,MCA,B,401/402,102,73,71.57,72.55,2.25,Practical,Yes,No,No,Sunny,No,11.9,Afternoon,Provided - user uploaded timetable,Synthetic development data,60.0,133,20,5,76.47,4,11.0,1,0,0,0,Medium
13-05-2026,Wednesday,5,14:30,15:30,Full Stack Development Practical,ITL21-FSD,F_ASP_RSZ_SP_KSD,2,MCA,B,401/402,102,77,75.49,71.57,1.0,Practical,No,No,No,Cloudy,No,12.2,Afternoon,Provided - user uploaded timetable,Synthetic development data,60.0,133,20,5,76.79666666666667,5,11.0,0,0,0,0,High
14-05-2026,Thursday,1,9:15,10:15,Java Programming,IT21,F_VSN_SDM,2,MCA,B,403,102,87,85.29,75.49,18.75,Theory,No,No,No,Sunny,No,7.0,Morning,Provided - user uploaded timetable,Synthetic development data,60.0,134,20,5,73.20333333333333,1,12.0,0,0,0,0,High
14-05-2026,Thursday,2,10:15,11:15,Research Methodology,IT25,F_MLK,2,MCA,B,403,102,74,72.55,85.29,1.0,Theory,No,No,No,Sunny,No,5.9,Morning,Provided - user uploaded timetable,Synthetic development data,60.0,134,20,5,77.45,2,12.0,0,0,0,0,Medium
14-05-2026,Thursday,3,11:15,12:15,Full Stack Development,IT22,F_ASP_RSZ,2,MCA,B,403,102,82,80.39,72.55,1.0,Theory,No,No,No,Rainy,No,8.8,Morning,Provided - user uploaded timetable,Synthetic development data,60.0,134,20,5,77.77666666666666,3,12.0,0,0,0,0,High
14-05-2026,Thursday,4,13:30,14:30,Java Practical,ITL21-JAVA,F_SDM_VSN_KSD_SSP,2,MCA,B,401/402,102,82,80.39,80.39,2.25,Practical,No,No,No,Sunny,No,6.5,Afternoon,Provided - user uploaded timetable,Synthetic development data,60.0,134,20,5,79.41,4,12.0,0,0,0,0,High
14-05-2026,Thursday,5,14:30,15:30,Java Practical,ITL21-JAVA,F_SDM_VSN_KSD_SSP,2,MCA,B,401/402,102,83,81.37,80.39,1.0,Practical,No,No,No,Sunny,No,4.1,Afternoon,Provided - user uploaded timetable,Synthetic development data,60.0,134,20,5,77.77666666666666,5,12.0,0,0,0,0,High
15-05-2026,Friday,1,9:15,10:15,Software Project Management,IT24,F_JSP_MST,2,MCA,B,403,102,82,80.39,81.37,18.75,Theory,No,No,No,Rainy,No,12.9,Morning,Provided - user uploaded timetable,Synthetic development data,60.0,135,20,5,80.71666666666665,1,13.0,0,0,0,0,High
15-05-2026,Friday,2,10:15,11:15,Java Programming,IT21,F_VSN_SDM,2,MCA,B,403,102,79,77.45,80.39,1.0,Theory,Yes,Yes,No,Cloudy,No,6.9,Morning,Provided - user uploaded timetable,Synthetic development data,60.0,135,20,5,80.71666666666667,2,13.0,1,1,0,0,High
15-05-2026,Friday,3,11:15,12:15,Full Stack Development,IT22,F_ASP_RSZ,2,MCA,B,403,102,84,82.35,77.45,1.0,Theory,No,No,No,Sunny,No,4.7,Morning,Provided - user uploaded timetable,Synthetic development data,60.0,135,20,5,79.73666666666666,3,13.0,0,0,0,0,High
15-05-2026,Friday,4,13:30,14:30,Cyber Security,IT23,F_DPY,2,MCA,B,403,102,64,62.75,82.35,2.25,Theory,No,Yes,No,Cloudy,No,10.6,Afternoon,Provided - user uploaded timetable,Synthetic development data,60.0,135,20,5,80.06333333333333,4,13.0,0,1,0,0,Medium
15-05-2026,Friday,5,14:30,15:30,IRP,IRP2,F_SDM,2,MCA,B,403,102,74,72.55,62.75,1.0,Theory,No,No,No,Rainy,No,11.1,Afternoon,Provided - user uploaded timetable,Synthetic development data,60.0,135,20,5,74.18333333333334,5,13.0,0,0,0,0,Medium
16-05-2026,Saturday,1,11:15,12:15,Training And Placement / Mini Project Training,P201,TBD,2,MCA,B,403,102,58,56.86,72.55,20.75,Project,No,Yes,No,Sunny,No,8.6,Morning,Provided - user uploaded timetable,Synthetic development data,60.0,136,20,5,72.55,1,14.0,0,1,0,0,Medium
18-05-2026,Monday,1,9:15,10:15,Cyber Security Practical,ITL21-CYBER,F_DPY_MSU_MLK_MST,2,MCA,B,401/402,102,74,72.55,56.86,46.0,Practical,No,No,No,Sunny,No,12.1,Morning,Provided - user uploaded timetable,Synthetic development data,60.0,138,21,5,64.05333333333334,1,16.0,0,0,0,0,Medium
18-05-2026,Monday,2,10:15,11:15,Cyber Security Practical,ITL21-CYBER,F_DPY_MSU_MLK_MST,2,MCA,B,401/402,102,81,79.41,72.55,1.0,Practical,Yes,No,No,Cloudy,No,10.4,Morning,Provided - user uploaded timetable,Synthetic development data,60.0,138,21,5,67.32000000000001,2,16.0,1,0,0,0,High
18-05-2026,Monday,3,11:15,12:15,Research Methodology,IT25,F_MLK,2,MCA,B,403,102,62,60.78,79.41,1.0,Theory,No,No,No,Cloudy,No,8.0,Morning,Provided - user uploaded timetable,Synthetic development data,60.0,138,21,5,69.60666666666667,3,16.0,0,0,0,0,Medium
18-05-2026,Monday,4,13:30,14:30,Cyber Security,IT23,F_DPY,2,MCA,B,403,102,59,57.84,60.78,2.25,Theory,No,No,No,Sunny,No,13.1,Afternoon,Provided - user uploaded timetable,Synthetic development data,60.0,138,21,5,70.91333333333333,4,16.0,0,0,0,0,Medium
18-05-2026,Monday,5,14:30,15:30,Club Activities,CLUB,TBD,2,MCA,B,403,102,70,68.63,57.84,1.0,Special Event,No,No,No,Cloudy,Yes,8.6,Afternoon,Provided - user uploaded timetable,Synthetic development data,60.0,138,21,5,66.01,5,16.0,0,0,0,1,Medium
19-05-2026,Tuesday,1,9:15,10:15,Software Project Management,IT24,F_JSP_MST,2,MCA,B,403,102,73,71.57,68.63,18.75,Theory,No,No,No,Sunny,No,3.5,Morning,Provided - user uploaded timetable,Synthetic development data,60.0,139,21,5,62.416666666666664,1,17.0,0,0,0,0,Medium
19-05-2026,Tuesday,2,10:15,11:15,Full Stack Development,IT22,F_ASP_RSZ,2,MCA,B,403,102,84,82.35,71.57,1.0,Theory,No,Yes,No,Sunny,No,3.3,Morning,Provided - user uploaded timetable,Synthetic development data,60.0,139,21,5,66.01333333333334,2,17.0,0,1,0,0,High
19-05-2026,Tuesday,3,11:15,12:15,Research Methodology,IT25,F_MLK,2,MCA,B,403,102,79,77.45,82.35,1.0,Theory,No,No,No,Rainy,No,10.8,Morning,Provided - user uploaded timetable,Synthetic development data,60.0,139,21,5,74.18333333333332,3,17.0,0,0,0,0,High
19-05-2026,Tuesday,4,13:30,14:30,Mini Project - Faculty Interaction,ITC21,TBD,2,MCA,B,403,102,69,67.65,77.45,2.25,Project,No,No,No,Cloudy,No,8.6,Afternoon,Provided - user uploaded timetable,Synthetic development data,60.0,139,21,5,77.12333333333333,4,17.0,0,0,0,0,Medium
19-05-2026,Tuesday,5,14:30,15:30,Mini Project - Faculty Interaction,ITC21,TBD,2,MCA,B,403,102,71,69.61,67.65,1.0,Project,No,No,No,Rainy,No,8.6,Afternoon,Provided - user uploaded timetable,Synthetic development data,60.0,139,21,5,75.81666666666666,5,17.0,0,0,0,0,Medium
20-05-2026,Wednesday,1,9:15,10:15,Cyber Security,IT23,F_DPY,2,MCA,B,403,102,71,69.61,69.61,18.75,Theory,No,No,No,Cloudy,No,10.6,Morning,Provided - user uploaded timetable,Synthetic development data,60.0,140,21,5,71.57000000000001,1,18.0,0,0,0,0,Medium
20-05-2026,Wednesday,2,10:15,11:15,Software Project Management,IT24,F_JSP_MST,2,MCA,B,403,102,88,86.27,69.61,1.0,Theory,No,No,No,Rainy,No,13.6,Morning,Provided - user uploaded timetable,Synthetic development data,60.0,140,21,5,68.95666666666666,2,18.0,0,0,0,0,High
20-05-2026,Wednesday,3,11:15,12:15,Java Programming,IT21,F_VSN_SDM,2,MCA,B,403,102,83,81.37,86.27,1.0,Theory,No,Yes,No,Sunny,No,8.6,Morning,Provided - user uploaded timetable,Synthetic development data,60.0,140,21,5,75.16333333333334,3,18.0,0,1,0,0,High
20-05-2026,Wednesday,4,13:30,14:30,Full Stack Development Practical,ITL21-FSD,F_ASP_RSZ_SP_KSD,2,MCA,B,401/402,102,78,76.47,81.37,2.25,Practical,No,No,No,Sunny,No,3.0,Afternoon,Provided - user uploaded timetable,Synthetic development data,60.0,140,21,5,79.08333333333333,4,18.0,0,0,0,0,High
20-05-2026,Wednesday,5,14:30,15:30,Full Stack Development Practical,ITL21-FSD,F_ASP_RSZ_SP_KSD,2,MCA,B,401/402,102,84,82.35,76.47,1.0,Practical,No,No,No,Cloudy,No,2.7,Afternoon,Provided - user uploaded timetable,Synthetic development data,60.0,140,21,5,81.36999999999999,5,18.0,0,0,0,0,High
21-05-2026,Thursday,1,9:15,10:15,Java Programming,IT21,F_VSN_SDM,2,MCA,B,403,102,82,80.39,82.35,18.75,Theory,No,No,No,Rainy,No,6.0,Morning,Provided - user uploaded timetable,Synthetic development data,60.0,141,21,5,80.06333333333333,1,19.0,0,0,0,0,High
21-05-2026,Thursday,2,10:15,11:15,Research Methodology,IT25,F_MLK,2,MCA,B,403,102,79,77.45,80.39,1.0,Theory,No,No,No,Rainy,No,7.9,Morning,Provided - user uploaded timetable,Synthetic development data,60.0,141,21,5,79.73666666666666,2,19.0,0,0,0,0,High
21-05-2026,Thursday,3,11:15,12:15,Full Stack Development,IT22,F_ASP_RSZ,2,MCA,B,403,102,80,78.43,77.45,1.0,Theory,No,No,No,Sunny,No,13.0,Morning,Provided - user uploaded timetable,Synthetic development data,60.0,141,21,5,80.06333333333333,3,19.0,0,0,0,0,High
21-05-2026,Thursday,4,13:30,14:30,Java Practical,ITL21-JAVA,F_SDM_VSN_KSD_SSP,2,MCA,B,401/402,102,86,84.31,78.43,2.25,Practical,No,No,No,Rainy,No,8.2,Afternoon,Provided - user uploaded timetable,Synthetic development data,60.0,141,21,5,78.75666666666667,4,19.0,0,0,0,0,High
21-05-2026,Thursday,5,14:30,15:30,Java Practical,ITL21-JAVA,F_SDM_VSN_KSD_SSP,2,MCA,B,401/402,102,78,76.47,84.31,1.0,Practical,No,No,No,Sunny,No,3.3,Afternoon,Provided - user uploaded timetable,Synthetic development data,60.0,141,21,5,80.06333333333333,5,19.0,0,0,0,0,High
22-05-2026,Friday,1,9:15,10:15,Software Project Management,IT24,F_JSP_MST,2,MCA,B,403,102,80,78.43,76.47,18.75,Theory,No,No,No,Cloudy,No,12.7,Morning,Provided - user uploaded timetable,Synthetic development data,60.0,142,21,5,79.73666666666666,1,20.0,0,0,0,0,High
22-05-2026,Friday,2,10:15,11:15,Java Programming,IT21,F_VSN_SDM,2,MCA,B,403,102,76,74.51,78.43,1.0,Theory,No,No,No,Cloudy,No,2.6,Morning,Provided - user uploaded timetable,Synthetic development data,60.0,142,21,5,79.73666666666666,2,20.0,0,0,0,0,Medium
22-05-2026,Friday,3,11:15,12:15,Full Stack Development,IT22,F_ASP_RSZ,2,MCA,B,403,102,74,72.55,74.51,1.0,Theory,No,No,No,Sunny,No,12.0,Morning,Provided - user uploaded timetable,Synthetic development data,60.0,142,21,5,76.47000000000001,3,20.0,0,0,0,0,Medium
22-05-2026,Friday,4,13:30,14:30,Cyber Security,IT23,F_DPY,2,MCA,B,403,102,66,64.71,72.55,2.25,Theory,No,No,No,Rainy,No,3.8,Afternoon,Provided - user uploaded timetable,Synthetic development data,60.0,142,21,5,75.16333333333334,4,20.0,0,0,0,0,Medium
22-05-2026,Friday,5,14:30,15:30,IRP,IRP2,F_SDM,2,MCA,B,403,102,67,65.69,64.71,1.0,Theory,No,No,No,Sunny,No,9.2,Afternoon,Provided - user uploaded timetable,Synthetic development data,60.0,142,21,5,70.58999999999999,5,20.0,0,0,0,0,Medium
23-05-2026,Saturday,1,11:15,12:15,Training And Placement / Mini Project Training,P201,TBD,2,MCA,B,403,102,62,60.78,65.69,20.75,Project,No,No,No,Rainy,No,8.6,Morning,Provided - user uploaded timetable,Synthetic development data,60.0,143,21,5,67.64999999999999,1,21.0,0,0,0,0,Medium
25-05-2026,Monday,1,9:15,10:15,Cyber Security Practical,ITL21-CYBER,F_DPY_MSU_MLK_MST,2,MCA,B,401/402,102,84,82.35,60.78,46.0,Practical,No,No,No,Rainy,No,13.2,Morning,Provided - user uploaded timetable,Synthetic development data,60.0,145,22,5,63.72666666666667,1,23.0,0,0,0,0,High
25-05-2026,Monday,2,10:15,11:15,Cyber Security Practical,ITL21-CYBER,F_DPY_MSU_MLK_MST,2,MCA,B,401/402,102,87,85.29,82.35,1.0,Practical,No,No,No,Rainy,No,4.8,Morning,Provided - user uploaded timetable,Synthetic development data,60.0,145,22,5,69.60666666666667,2,23.0,0,0,0,0,High
25-05-2026,Monday,3,11:15,12:15,Research Methodology,IT25,F_MLK,2,MCA,B,403,102,69,67.65,85.29,1.0,Theory,No,No,No,Rainy,No,6.5,Morning,Provided - user uploaded timetable,Synthetic development data,60.0,145,22,5,76.14,3,23.0,0,0,0,0,Medium
25-05-2026,Monday,4,13:30,14:30,Cyber Security,IT23,F_DPY,2,MCA,B,403,102,66,64.71,67.65,2.25,Theory,No,No,No,Rainy,No,14.7,Afternoon,Provided - user uploaded timetable,Synthetic development data,60.0,145,22,5,78.43,4,23.0,0,0,0,0,Medium
25-05-2026,Monday,5,14:30,15:30,Club Activities,CLUB,TBD,2,MCA,B,403,102,58,56.86,64.71,1.0,Special Event,No,No,No,Rainy,Yes,8.6,Afternoon,Provided - user uploaded timetable,Synthetic development data,60.0,145,22,5,72.55,5,23.0,0,0,0,1,Medium
26-05-2026,Tuesday,1,9:15,10:15,Software Project Management,IT24,F_JSP_MST,2,MCA,B,403,102,71,69.61,56.86,18.75,Theory,No,No,No,Rainy,No,5.3,Morning,Provided - user uploaded timetable,Synthetic development data,60.0,146,22,5,63.073333333333345,1,24.0,0,0,0,0,Medium
26-05-2026,Tuesday,2,10:15,11:15,Full Stack Development,IT22,F_ASP_RSZ,2,MCA,B,403,102,78,76.47,69.61,1.0,Theory,No,No,No,Cloudy,No,4.7,Morning,Provided - user uploaded timetable,Synthetic development data,60.0,146,22,5,63.72666666666667,2,24.0,0,0,0,0,High
26-05-2026,Tuesday,3,11:15,12:15,Research Methodology,IT25,F_MLK,2,MCA,B,403,102,80,78.43,76.47,1.0,Theory,No,No,No,Cloudy,No,3.3,Morning,Provided - user uploaded timetable,Synthetic development data,60.0,146,22,5,67.64666666666666,3,24.0,0,0,0,0,High
26-05-2026,Tuesday,4,13:30,14:30,Mini Project - Faculty Interaction,ITC21,TBD,2,MCA,B,403,102,79,77.45,78.43,2.25,Project,No,No,No,Sunny,No,8.6,Afternoon,Provided - user uploaded timetable,Synthetic development data,60.0,146,22,5,74.83666666666666,4,24.0,0,0,0,0,High
26-05-2026,Tuesday,5,14:30,15:30,Mini Project - Faculty Interaction,ITC21,TBD,2,MCA,B,403,102,68,66.67,77.45,1.0,Project,No,No,No,Sunny,No,8.6,Afternoon,Provided - user uploaded timetable,Synthetic development data,60.0,146,22,5,77.45,5,24.0,0,0,0,0,Medium
27-05-2026,Wednesday,1,9:15,10:15,Cyber Security,IT23,F_DPY,2,MCA,B,403,102,64,62.75,66.67,18.75,Theory,No,No,No,Sunny,No,12.1,Morning,Provided - user uploaded timetable,Synthetic development data,60.0,147,22,5,74.18333333333334,1,25.0,0,0,0,0,Medium
27-05-2026,Wednesday,2,10:15,11:15,Software Project Management,IT24,F_JSP_MST,2,MCA,B,403,102,86,84.31,62.75,1.0,Theory,No,No,No,Sunny,No,14.8,Morning,Provided - user uploaded timetable,Synthetic development data,60.0,147,22,5,68.95666666666666,2,25.0,0,0,0,0,High
27-05-2026,Wednesday,3,11:15,12:15,Java Programming,IT21,F_VSN_SDM,2,MCA,B,403,102,87,85.29,84.31,1.0,Theory,Yes,No,No,Rainy,No,8.7,Morning,Provided - user uploaded timetable,Synthetic development data,60.0,147,22,5,71.24333333333334,3,25.0,1,0,0,0,High
27-05-2026,Wednesday,4,13:30,14:30,Full Stack Development Practical,ITL21-FSD,F_ASP_RSZ_SP_KSD,2,MCA,B,401/402,102,77,75.49,85.29,2.25,Practical,No,No,No,Rainy,No,5.4,Afternoon,Provided - user uploaded timetable,Synthetic development data,60.0,147,22,5,77.45,4,25.0,0,0,0,0,High
27-05-2026,Wednesday,5,14:30,15:30,Full Stack Development Practical,ITL21-FSD,F_ASP_RSZ_SP_KSD,2,MCA,B,401/402,102,83,81.37,75.49,1.0,Practical,No,No,No,Sunny,No,6.3,Afternoon,Provided - user uploaded timetable,Synthetic development data,60.0,147,22,5,81.69666666666667,5,25.0,0,0,0,0,High
28-05-2026,Thursday,1,9:15,10:15,Java Programming,IT21,F_VSN_SDM,2,MCA,B,403,102,86,84.31,81.37,18.75,Theory,No,No,No,Cloudy,No,3.2,Morning,Provided - user uploaded timetable,Synthetic development data,60.0,148,22,5,80.71666666666667,1,26.0,0,0,0,0,High
28-05-2026,Thursday,2,10:15,11:15,Research Methodology,IT25,F_MLK,2,MCA,B,403,102,77,75.49,84.31,1.0,Theory,No,No,No,Cloudy,No,6.3,Morning,Provided - user uploaded timetable,Synthetic development data,60.0,148,22,5,80.39,2,26.0,0,0,0,0,High
28-05-2026,Thursday,3,11:15,12:15,Full Stack Development,IT22,F_ASP_RSZ,2,MCA,B,403,102,75,73.53,75.49,1.0,Theory,No,No,No,Rainy,No,8.9,Morning,Provided - user uploaded timetable,Synthetic development data,60.0,148,22,5,80.39,3,26.0,0,0,0,0,Medium
28-05-2026,Thursday,4,13:30,14:30,Java Practical,ITL21-JAVA,F_SDM_VSN_KSD_SSP,2,MCA,B,401/402,102,85,83.33,73.53,2.25,Practical,No,No,No,Rainy,No,2.1,Afternoon,Provided - user uploaded timetable,Synthetic development data,60.0,148,22,5,77.77666666666666,4,26.0,0,0,0,0,High
28-05-2026,Thursday,5,14:30,15:30,Java Practical,ITL21-JAVA,F_SDM_VSN_KSD_SSP,2,MCA,B,401/402,102,66,64.71,83.33,1.0,Practical,No,No,No,Rainy,No,10.0,Afternoon,Provided - user uploaded timetable,Synthetic development data,60.0,148,22,5,77.45,5,26.0,0,0,0,0,Medium
29-05-2026,Friday,1,9:15,10:15,Software Project Management,IT24,F_JSP_MST,2,MCA,B,403,102,84,82.35,64.71,18.75,Theory,No,No,No,Sunny,No,4.2,Morning,Provided - user uploaded timetable,Synthetic development data,60.0,149,22,5,73.85666666666667,1,27.0,0,0,0,0,High
29-05-2026,Friday,2,10:15,11:15,Java Programming,IT21,F_VSN_SDM,2,MCA,B,403,102,77,75.49,82.35,1.0,Theory,No,No,No,Sunny,No,10.2,Morning,Provided - user uploaded timetable,Synthetic development data,60.0,149,22,5,76.79666666666667,2,27.0,0,0,0,0,High
29-05-2026,Friday,3,11:15,12:15,Full Stack Development,IT22,F_ASP_RSZ,2,MCA,B,403,102,78,76.47,75.49,1.0,Theory,No,No,No,Sunny,No,13.2,Morning,Provided - user uploaded timetable,Synthetic development data,60.0,149,22,5,74.18333333333332,3,27.0,0,0,0,0,High
29-05-2026,Friday,4,13:30,14:30,Cyber Security,IT23,F_DPY,2,MCA,B,403,102,67,65.69,76.47,2.25,Theory,No,Yes,No,Rainy,No,12.8,Afternoon,Provided - user uploaded timetable,Synthetic development data,60.0,149,22,5,78.10333333333332,4,27.0,0,1,0,0,Medium
29-05-2026,Friday,5,14:30,15:30,IRP,IRP2,F_SDM,2,MCA,B,403,102,68,66.67,65.69,1.0,Theory,No,No,No,Cloudy,No,10.4,Afternoon,Provided - user uploaded timetable,Synthetic development data,60.0,149,22,5,72.55,5,27.0,0,0,0,0,Medium
30-05-2026,Saturday,1,11:15,12:15,Training And Placement / Mini Project Training,P201,TBD,2,MCA,B,403,102,59,57.84,66.67,20.75,Project,Yes,No,No,Sunny,No,8.6,Morning,Provided - user uploaded timetable,Synthetic development data,60.0,150,22,5,69.61,1,28.0,1,0,0,0,Medium
01-06-2026,Monday,1,8:30,9:15,Mobile Application Development,IT31,SSP_Visiting,3,MCA,B,403,102,83,81.37,57.84,45.25,Theory,No,No,No,Rainy,No,5.4,Morning,Provided,Synthetic development data,45.0,1,23,6,63.4,1,30.0,0,0,0,0,High
01-06-2026,Monday,2,9:15,10:15,Mobile Application Development,IT31,SSP_Visiting,3,MCA,B,403,102,79,77.45,81.37,0.75,Theory,No,No,No,Sunny,No,3.1,Morning,Provided,Synthetic development data,60.0,1,23,6,68.62666666666667,2,30.0,0,0,0,0,High
01-06-2026,Monday,3,10:15,11:15,Innovation and Entrepreneurship Development,IT34,JSP_Visiting,3,MCA,B,403,102,86,84.31,77.45,1.0,Theory,No,No,No,Sunny,No,13.0,Morning,Provided,Synthetic development data,60.0,1,23,6,72.22,3,30.0,0,0,0,0,High
01-06-2026,Monday,4,11:15,12:15,Innovation and Entrepreneurship Development,IT34,JSP_Visiting,3,MCA,B,403,102,78,76.47,84.31,1.0,Theory,No,No,No,Rainy,No,2.1,Morning,Provided,Synthetic development data,60.0,1,23,6,81.04333333333334,4,30.0,0,0,0,0,High
01-06-2026,Monday,5,13:30,15:30,"Practical based on Mobile Application Development, Machine Learning and Software Testing",IT31L,SSP_Visiting_SP_MLK_DPY,3,MCA,B,401/402,102,88,86.27,76.47,2.25,Practical,No,No,No,Rainy,Yes,11.5,Afternoon,Provided,Synthetic development data,120.0,1,23,6,79.41,5,30.0,0,0,0,1,High
02-06-2026,Tuesday,1,8:30,9:15,Mobile Application Development,IT31,SSP_Visiting,3,MCA,B,403,102,76,74.51,86.27,19.0,Theory,No,No,No,Rainy,No,14.8,Morning,Provided,Synthetic development data,45.0,2,23,6,82.35000000000001,1,31.0,0,0,0,0,Medium
02-06-2026,Tuesday,2,9:15,10:15,Mobile Application Development,IT31,SSP_Visiting,3,MCA,B,403,102,76,74.51,74.51,0.75,Theory,No,No,No,Rainy,No,8.3,Morning,Provided,Synthetic development data,60.0,2,23,6,79.08333333333333,2,31.0,0,0,0,0,Medium
02-06-2026,Tuesday,3,10:15,11:15,Data Science and Machine Learning,IT32,SP_MLK,3,MCA,B,403,102,74,72.55,74.51,1.0,Theory,Yes,No,No,Sunny,No,6.8,Morning,Provided,Synthetic development data,60.0,2,23,6,78.43,3,31.0,1,0,0,0,Medium
02-06-2026,Tuesday,4,11:15,12:15,Principles of Cloud Management and Security,IT35,KSD_SDM,3,MCA,B,403,102,70,68.63,72.55,1.0,Theory,No,No,No,Rainy,No,9.9,Morning,Provided,Synthetic development data,60.0,2,23,6,73.85666666666667,4,31.0,0,0,0,0,Medium
02-06-2026,Tuesday,5,13:30,15:30,Data Science and Machine Learning,IT32,SP_MLK,3,MCA,B,403,102,66,64.71,68.63,2.25,Theory,No,Yes,No,Sunny,No,12.5,Afternoon,Provided,Synthetic development data,120.0,2,23,6,71.89666666666666,5,31.0,0,1,0,0,Medium
03-06-2026,Wednesday,1,8:30,9:15,Mobile Application Development,IT31,SSP_Visiting,3,MCA,B,403,102,73,71.57,64.71,19.0,Theory,No,No,No,Sunny,No,5.1,Morning,Provided,Synthetic development data,45.0,3,23,6,68.63,1,32.0,0,0,0,0,Medium
03-06-2026,Wednesday,2,9:15,10:15,Mobile Application Development,IT31,SSP_Visiting,3,MCA,B,403,102,84,82.35,71.57,0.75,Theory,No,No,No,Rainy,No,5.3,Morning,Provided,Synthetic development data,60.0,3,23,6,68.30333333333333,2,32.0,0,0,0,0,High
03-06-2026,Wednesday,3,10:15,11:15,Data Science and Machine Learning,IT32,SP_MLK,3,MCA,B,403,102,74,72.55,82.35,1.0,Theory,No,No,No,Rainy,No,9.9,Morning,Provided,Synthetic development data,60.0,3,23,6,72.87666666666667,3,32.0,0,0,0,0,Medium
03-06-2026,Wednesday,4,11:15,12:15,Principles of Cloud Management and Security,IT35,KSD_SDM,3,MCA,B,403,102,76,74.51,72.55,1.0,Theory,No,No,No,Cloudy,No,14.2,Morning,Provided,Synthetic development data,60.0,3,23,6,75.49,4,32.0,0,0,0,0,Medium
03-06-2026,Wednesday,5,13:30,15:30,Innovation and Entrepreneurship Development,IT34,JSP_Visiting,3,MCA,B,403,102,79,77.45,74.51,2.25,Theory,No,No,No,Sunny,No,5.9,Afternoon,Provided,Synthetic development data,120.0,3,23,6,76.46999999999998,5,32.0,0,0,0,0,High
04-06-2026,Thursday,1,8:30,9:15,Mobile Application Development,IT31,SSP_Visiting,3,MCA,B,403,102,91,89.22,77.45,19.0,Theory,No,No,No,Rainy,No,6.9,Morning,Provided,Synthetic development data,45.0,4,23,6,74.83666666666667,1,33.0,0,0,0,0,High
04-06-2026,Thursday,2,9:15,10:15,Mobile Application Development,IT31,SSP_Visiting,3,MCA,B,403,102,75,73.53,89.22,0.75,Theory,No,Yes,No,Cloudy,No,14.9,Morning,Provided,Synthetic development data,60.0,4,23,6,80.39333333333333,2,33.0,0,1,0,0,Medium
04-06-2026,Thursday,3,10:15,11:15,Data Science and Machine Learning,IT32,SP_MLK,3,MCA,B,403,102,73,71.57,73.53,1.0,Theory,No,Yes,No,Rainy,No,4.3,Morning,Provided,Synthetic development data,60.0,4,23,6,80.06666666666668,3,33.0,0,1,0,0,Medium
04-06-2026,Thursday,4,11:15,12:15,Software Testing and Quality Assurance,IT33,DPY,3,MCA,B,403,102,70,68.63,71.57,1.0,Theory,No,No,No,Sunny,No,3.0,Morning,Provided,Synthetic development data,60.0,4,23,6,78.10666666666667,4,33.0,0,0,0,0,Medium
04-06-2026,Thursday,5,13:30,15:30,"Practical based on Mobile Application Development, Machine Learning and Software Testing",IT31L,SSP_Visiting_SP_MLK_DPY,3,MCA,B,401/402,102,78,76.47,68.63,2.25,Practical,No,No,No,Cloudy,No,9.7,Afternoon,Provided,Synthetic development data,120.0,4,23,6,71.24333333333333,5,33.0,0,0,0,0,High
05-06-2026,Friday,1,8:30,9:15,"Practical based on Mobile Application Development, Machine Learning and Software Testing",IT31L,SSP_Visiting_SP_MLK_DPY,3,MCA,B,401/402,102,81,79.41,76.47,19.0,Practical,No,No,No,Cloudy,No,2.3,Morning,Provided,Synthetic development data,45.0,5,23,6,72.22333333333333,1,34.0,0,0,0,0,High
05-06-2026,Friday,2,9:15,10:15,"Practical based on Mobile Application Development, Machine Learning and Software Testing",IT31L,SSP_Visiting_SP_MLK_DPY,3,MCA,B,401/402,102,88,86.27,79.41,0.75,Practical,No,Yes,No,Rainy,No,4.3,Morning,Provided,Synthetic development data,60.0,5,23,6,74.83666666666666,2,34.0,0,1,0,0,High
05-06-2026,Friday,3,10:15,11:15,Data Science and Machine Learning,IT32,SP_MLK,3,MCA,B,403,102,73,71.57,86.27,1.0,Theory,No,No,No,Rainy,No,10.1,Morning,Provided,Synthetic development data,60.0,5,23,6,80.71666666666665,3,34.0,0,0,0,0,Medium
05-06-2026,Friday,4,11:15,12:15,Principles of Cloud Management and Security,IT35,KSD_SDM,3,MCA,B,403,102,80,78.43,71.57,1.0,Theory,No,No,No,Cloudy,No,10.6,Morning,Provided,Synthetic development data,60.0,5,23,6,79.08333333333333,4,34.0,0,0,0,0,High
08-06-2026,Monday,1,8:30,9:15,Mobile Application Development,IT31,SSP_Visiting,3,MCA,B,403,102,77,75.49,78.43,69.25,Theory,Yes,No,No,Cloudy,No,8.6,Morning,Provided,Synthetic development data,45.0,8,24,6,78.75666666666666,1,37.0,1,0,0,0,High
08-06-2026,Monday,2,9:15,10:15,Mobile Application Development,IT31,SSP_Visiting,3,MCA,B,403,102,80,78.43,75.49,0.75,Theory,No,No,No,Sunny,No,7.0,Morning,Provided,Synthetic development data,60.0,8,24,6,75.16333333333334,2,37.0,0,0,0,0,High
08-06-2026,Monday,3,10:15,11:15,Innovation and Entrepreneurship Development,IT34,JSP_Visiting,3,MCA,B,403,102,82,80.39,78.43,1.0,Theory,No,No,No,Sunny,No,9.5,Morning,Provided,Synthetic development data,60.0,8,24,6,77.45,3,37.0,0,0,0,0,High
08-06-2026,Monday,4,11:15,12:15,Innovation and Entrepreneurship Development,IT34,JSP_Visiting,3,MCA,B,403,102,84,82.35,80.39,1.0,Theory,No,No,No,Cloudy,No,10.4,Morning,Provided,Synthetic development data,60.0,8,24,6,78.10333333333334,4,37.0,0,0,0,0,High
08-06-2026,Monday,5,13:30,15:30,"Practical based on Mobile Application Development, Machine Learning and Software Testing",IT31L,SSP_Visiting_SP_MLK_DPY,3,MCA,B,401/402,102,91,89.22,82.35,2.25,Practical,No,No,No,Cloudy,No,12.4,Afternoon,Provided,Synthetic development data,120.0,8,24,6,80.39,5,37.0,0,0,0,0,High
09-06-2026,Tuesday,1,8:30,9:15,Mobile Application Development,IT31,SSP_Visiting,3,MCA,B,403,102,88,86.27,89.22,19.0,Theory,No,No,No,Cloudy,No,12.3,Morning,Provided,Synthetic development data,45.0,9,24,6,83.98666666666666,1,38.0,0,0,0,0,High
09-06-2026,Tuesday,2,9:15,10:15,Mobile Application Development,IT31,SSP_Visiting,3,MCA,B,403,102,76,74.51,86.27,0.75,Theory,No,Yes,No,Cloudy,No,10.6,Morning,Provided,Synthetic development data,60.0,9,24,6,85.94666666666667,2,38.0,0,1,0,0,Medium
09-06-2026,Tuesday,3,10:15,11:15,Data Science and Machine Learning,IT32,SP_MLK,3,MCA,B,403,102,77,75.49,74.51,1.0,Theory,No,No,No,Sunny,No,13.6,Morning,Provided,Synthetic development data,60.0,9,24,6,83.33333333333333,3,38.0,0,0,0,0,High
09-06-2026,Tuesday,4,11:15,12:15,Principles of Cloud Management and Security,IT35,KSD_SDM,3,MCA,B,403,102,76,74.51,75.49,1.0,Theory,No,No,No,Cloudy,No,12.9,Morning,Provided,Synthetic development data,60.0,9,24,6,78.75666666666667,4,38.0,0,0,0,0,Medium
09-06-2026,Tuesday,5,13:30,15:30,Data Science and Machine Learning,IT32,SP_MLK,3,MCA,B,403,102,76,74.51,74.51,2.25,Theory,No,No,No,Cloudy,No,3.7,Afternoon,Provided,Synthetic development data,120.0,9,24,6,74.83666666666666,5,38.0,0,0,0,0,Medium
10-06-2026,Wednesday,1,8:30,9:15,Mobile Application Development,IT31,SSP_Visiting,3,MCA,B,403,102,88,86.27,74.51,19.0,Theory,No,No,No,Cloudy,No,14.4,Morning,Provided,Synthetic development data,45.0,10,24,6,74.83666666666667,1,39.0,0,0,0,0,High
10-06-2026,Wednesday,2,9:15,10:15,Mobile Application Development,IT31,SSP_Visiting,3,MCA,B,403,102,82,80.39,86.27,0.75,Theory,No,No,No,Cloudy,No,13.6,Morning,Provided,Synthetic development data,60.0,10,24,6,78.43,2,39.0,0,0,0,0,High
10-06-2026,Wednesday,3,10:15,11:15,Data Science and Machine Learning,IT32,SP_MLK,3,MCA,B,403,102,74,72.55,80.39,1.0,Theory,No,No,No,Rainy,No,6.2,Morning,Provided,Synthetic development data,60.0,10,24,6,80.39,3,39.0,0,0,0,0,Medium
10-06-2026,Wednesday,4,11:15,12:15,Principles of Cloud Management and Security,IT35,KSD_SDM,3,MCA,B,403,102,80,78.43,72.55,1.0,Theory,No,No,No,Rainy,No,2.3,Morning,Provided,Synthetic development data,60.0,10,24,6,79.73666666666666,4,39.0,0,0,0,0,High
10-06-2026,Wednesday,5,13:30,15:30,Innovation and Entrepreneurship Development,IT34,JSP_Visiting,3,MCA,B,403,102,81,79.41,78.43,2.25,Theory,No,No,No,Cloudy,No,9.9,Afternoon,Provided,Synthetic development data,120.0,10,24,6,77.12333333333333,5,39.0,0,0,0,0,High
11-06-2026,Thursday,1,8:30,9:15,Mobile Application Development,IT31,SSP_Visiting,3,MCA,B,403,102,82,80.39,79.41,19.0,Theory,No,No,No,Sunny,No,7.7,Morning,Provided,Synthetic development data,45.0,11,24,6,76.79666666666667,1,40.0,0,0,0,0,High
11-06-2026,Thursday,2,9:15,10:15,Mobile Application Development,IT31,SSP_Visiting,3,MCA,B,403,102,78,76.47,80.39,0.75,Theory,No,No,No,Rainy,No,11.7,Morning,Provided,Synthetic development data,60.0,11,24,6,79.41,2,40.0,0,0,0,0,High
11-06-2026,Thursday,3,10:15,11:15,Data Science and Machine Learning,IT32,SP_MLK,3,MCA,B,403,102,76,74.51,76.47,1.0,Theory,Yes,No,No,Cloudy,Yes,8.8,Morning,Provided,Synthetic development data,60.0,11,24,6,78.75666666666667,3,40.0,1,0,0,1,Medium
11-06-2026,Thursday,4,11:15,12:15,Software Testing and Quality Assurance,IT33,DPY,3,MCA,B,403,102,80,78.43,74.51,1.0,Theory,No,No,No,Cloudy,No,3.0,Morning,Provided,Synthetic development data,60.0,11,24,6,77.12333333333333,4,40.0,0,0,0,0,High
11-06-2026,Thursday,5,13:30,15:30,"Practical based on Mobile Application Development, Machine Learning and Software Testing",IT31L,SSP_Visiting_SP_MLK_DPY,3,MCA,B,401/402,102,76,74.51,78.43,2.25,Practical,No,No,No,Rainy,No,5.2,Afternoon,Provided,Synthetic development data,120.0,11,24,6,76.47000000000001,5,40.0,0,0,0,0,Medium
12-06-2026,Friday,1,8:30,9:15,"Practical based on Mobile Application Development, Machine Learning and Software Testing",IT31L,SSP_Visiting_SP_MLK_DPY,3,MCA,B,401/402,102,87,85.29,74.51,19.0,Practical,No,Yes,No,Rainy,No,13.5,Morning,Provided,Synthetic development data,45.0,12,24,6,75.81666666666668,1,41.0,0,1,0,0,High
12-06-2026,Friday,2,9:15,10:15,"Practical based on Mobile Application Development, Machine Learning and Software Testing",IT31L,SSP_Visiting_SP_MLK_DPY,3,MCA,B,401/402,102,86,84.31,85.29,0.75,Practical,No,No,No,Cloudy,No,2.5,Morning,Provided,Synthetic development data,60.0,12,24,6,79.41000000000001,2,41.0,0,0,0,0,High
12-06-2026,Friday,3,10:15,11:15,Data Science and Machine Learning,IT32,SP_MLK,3,MCA,B,403,102,69,67.65,84.31,1.0,Theory,No,Yes,No,Cloudy,No,11.6,Morning,Provided,Synthetic development data,60.0,12,24,6,81.37,3,41.0,0,1,0,0,Medium
12-06-2026,Friday,4,11:15,12:15,Principles of Cloud Management and Security,IT35,KSD_SDM,3,MCA,B,403,102,80,78.43,67.65,1.0,Theory,No,Yes,No,Sunny,No,5.8,Morning,Provided,Synthetic development data,60.0,12,24,6,79.08333333333333,4,41.0,0,1,0,0,High
15-06-2026,Monday,1,8:30,9:15,Mobile Application Development,IT31,SSP_Visiting,3,MCA,B,403,102,87,85.29,78.43,69.25,Theory,No,No,No,Sunny,No,7.9,Morning,Provided,Synthetic development data,45.0,15,25,6,76.79666666666667,1,44.0,0,0,0,0,High
15-06-2026,Monday,2,9:15,10:15,Mobile Application Development,IT31,SSP_Visiting,3,MCA,B,403,102,78,76.47,85.29,0.75,Theory,No,Yes,No,Cloudy,No,8.9,Morning,Provided,Synthetic development data,60.0,15,25,6,77.12333333333333,2,44.0,0,1,0,0,High
15-06-2026,Monday,3,10:15,11:15,Innovation and Entrepreneurship Development,IT34,JSP_Visiting,3,MCA,B,403,102,82,80.39,76.47,1.0,Theory,No,No,No,Rainy,Yes,5.3,Morning,Provided,Synthetic development data,60.0,15,25,6,80.06333333333335,3,44.0,0,0,0,1,High
15-06-2026,Monday,4,11:15,12:15,Innovation and Entrepreneurship Development,IT34,JSP_Visiting,3,MCA,B,403,102,84,82.35,80.39,1.0,Theory,No,No,No,Rainy,No,10.5,Morning,Provided,Synthetic development data,60.0,15,25,6,80.71666666666665,4,44.0,0,0,0,0,High
15-06-2026,Monday,5,13:30,15:30,"Practical based on Mobile Application Development, Machine Learning and Software Testing",IT31L,SSP_Visiting_SP_MLK_DPY,3,MCA,B,401/402,102,82,80.39,82.35,2.25,Practical,No,No,No,Cloudy,No,11.0,Afternoon,Provided,Synthetic development data,120.0,15,25,6,79.73666666666666,5,44.0,0,0,0,0,High
16-06-2026,Tuesday,1,8:30,9:15,Mobile Application Development,IT31,SSP_Visiting,3,MCA,B,403,102,75,73.53,80.39,19.0,Theory,No,No,No,Rainy,No,3.1,Morning,Provided,Synthetic development data,45.0,16,25,6,81.04333333333334,1,45.0,0,0,0,0,Medium
16-06-2026,Tuesday,2,9:15,10:15,Mobile Application Development,IT31,SSP_Visiting,3,MCA,B,403,102,85,83.33,73.53,0.75,Theory,No,No,No,Rainy,No,6.9,Morning,Provided,Synthetic development data,60.0,16,25,6,78.75666666666667,2,45.0,0,0,0,0,High
16-06-2026,Tuesday,3,10:15,11:15,Data Science and Machine Learning,IT32,SP_MLK,3,MCA,B,403,102,68,66.67,83.33,1.0,Theory,No,No,No,Cloudy,No,11.7,Morning,Provided,Synthetic development data,60.0,16,25,6,79.08333333333333,3,45.0,0,0,0,0,Medium
16-06-2026,Tuesday,4,11:15,12:15,Principles of Cloud Management and Security,IT35,KSD_SDM,3,MCA,B,403,102,74,72.55,66.67,1.0,Theory,No,No,No,Cloudy,No,11.4,Morning,Provided,Synthetic development data,60.0,16,25,6,74.51,4,45.0,0,0,0,0,Medium
16-06-2026,Tuesday,5,13:30,15:30,Data Science and Machine Learning,IT32,SP_MLK,3,MCA,B,403,102,72,70.59,72.55,2.25,Theory,No,No,No,Rainy,No,9.1,Afternoon,Provided,Synthetic development data,120.0,16,25,6,74.18333333333334,5,45.0,0,0,0,0,Medium
17-06-2026,Wednesday,1,8:30,9:15,Mobile Application Development,IT31,SSP_Visiting,3,MCA,B,403,102,67,65.69,70.59,19.0,Theory,No,No,No,Sunny,No,12.1,Morning,Provided,Synthetic development data,45.0,17,25,6,69.93666666666667,1,46.0,0,0,0,0,Medium
17-06-2026,Wednesday,2,9:15,10:15,Mobile Application Development,IT31,SSP_Visiting,3,MCA,B,403,102,81,79.41,65.69,0.75,Theory,No,No,No,Rainy,No,3.4,Morning,Provided,Synthetic development data,60.0,17,25,6,69.61,2,46.0,0,0,0,0,High
17-06-2026,Wednesday,3,10:15,11:15,Data Science and Machine Learning,IT32,SP_MLK,3,MCA,B,403,102,73,71.57,79.41,1.0,Theory,No,No,No,Sunny,No,3.5,Morning,Provided,Synthetic development data,60.0,17,25,6,71.89666666666666,3,46.0,0,0,0,0,Medium
17-06-2026,Wednesday,4,11:15,12:15,Principles of Cloud Management and Security,IT35,KSD_SDM,3,MCA,B,403,102,71,69.61,71.57,1.0,Theory,Yes,No,No,Cloudy,No,10.5,Morning,Provided,Synthetic development data,60.0,17,25,6,72.22333333333334,4,46.0,1,0,0,0,Medium
17-06-2026,Wednesday,5,13:30,15:30,Innovation and Entrepreneurship Development,IT34,JSP_Visiting,3,MCA,B,403,102,79,77.45,69.61,2.25,Theory,No,No,No,Sunny,No,11.0,Afternoon,Provided,Synthetic development data,120.0,17,25,6,73.53,5,46.0,0,0,0,0,High
18-06-2026,Thursday,1,8:30,9:15,Mobile Application Development,IT31,SSP_Visiting,3,MCA,B,403,102,78,76.47,77.45,19.0,Theory,Yes,Yes,No,Sunny,No,12.6,Morning,Provided,Synthetic development data,45.0,18,25,6,72.87666666666667,1,47.0,1,1,0,0,High
18-06-2026,Thursday,2,9:15,10:15,Mobile Application Development,IT31,SSP_Visiting,3,MCA,B,403,102,88,86.27,76.47,0.75,Theory,Yes,No,No,Rainy,No,4.4,Morning,Provided,Synthetic development data,60.0,18,25,6,74.51,2,47.0,1,0,0,0,High
18-06-2026,Thursday,3,10:15,11:15,Data Science and Machine Learning,IT32,SP_MLK,3,MCA,B,403,102,70,68.63,86.27,1.0,Theory,No,No,No,Cloudy,No,8.7,Morning,Provided,Synthetic development data,60.0,18,25,6,80.06333333333333,3,47.0,0,0,0,0,Medium
18-06-2026,Thursday,4,11:15,12:15,Software Testing and Quality Assurance,IT33,DPY,3,MCA,B,403,102,66,64.71,68.63,1.0,Theory,No,No,No,Cloudy,No,10.6,Morning,Provided,Synthetic development data,60.0,18,25,6,77.12333333333333,4,47.0,0,0,0,0,Medium
18-06-2026,Thursday,5,13:30,15:30,"Practical based on Mobile Application Development, Machine Learning and Software Testing",IT31L,SSP_Visiting_SP_MLK_DPY,3,MCA,B,401/402,102,77,75.49,64.71,2.25,Practical,No,No,No,Rainy,No,4.9,Afternoon,Provided,Synthetic development data,120.0,18,25,6,73.20333333333332,5,47.0,0,0,0,0,High
19-06-2026,Friday,1,8:30,9:15,"Practical based on Mobile Application Development, Machine Learning and Software Testing",IT31L,SSP_Visiting_SP_MLK_DPY,3,MCA,B,401/402,102,79,77.45,75.49,19.0,Practical,No,No,No,Sunny,No,8.7,Morning,Provided,Synthetic development data,45.0,19,25,6,69.61,1,48.0,0,0,0,0,High
19-06-2026,Friday,2,9:15,10:15,"Practical based on Mobile Application Development, Machine Learning and Software Testing",IT31L,SSP_Visiting_SP_MLK_DPY,3,MCA,B,401/402,102,93,91.18,77.45,0.75,Practical,No,No,No,Sunny,No,10.3,Morning,Provided,Synthetic development data,60.0,19,25,6,72.55,2,48.0,0,0,0,0,High
19-06-2026,Friday,3,10:15,11:15,Data Science and Machine Learning,IT32,SP_MLK,3,MCA,B,403,102,75,73.53,91.18,1.0,Theory,No,No,No,Cloudy,No,4.8,Morning,Provided,Synthetic development data,60.0,19,25,6,81.37333333333333,3,48.0,0,0,0,0,Medium
19-06-2026,Friday,4,11:15,12:15,Principles of Cloud Management and Security,IT35,KSD_SDM,3,MCA,B,403,102,82,80.39,73.53,1.0,Theory,No,No,No,Sunny,No,6.9,Morning,Provided,Synthetic development data,60.0,19,25,6,80.72000000000001,4,48.0,0,0,0,0,High
22-06-2026,Monday,1,8:30,9:15,Mobile Application Development,IT31,SSP_Visiting,3,MCA,B,403,102,85,83.33,80.39,69.25,Theory,No,No,No,Rainy,No,4.8,Morning,Provided,Synthetic development data,45.0,22,26,6,81.7,1,51.0,0,0,0,0,High
22-06-2026,Monday,2,9:15,10:15,Mobile Application Development,IT31,SSP_Visiting,3,MCA,B,403,102,80,78.43,83.33,0.75,Theory,No,No,No,Sunny,No,13.7,Morning,Provided,Synthetic development data,60.0,22,26,6,79.08333333333333,2,51.0,0,0,0,0,High
22-06-2026,Monday,3,10:15,11:15,Innovation and Entrepreneurship Development,IT34,JSP_Visiting,3,MCA,B,403,102,84,82.35,78.43,1.0,Theory,No,Yes,No,Cloudy,No,5.1,Morning,Provided,Synthetic development data,60.0,22,26,6,80.71666666666665,3,51.0,0,1,0,0,High
22-06-2026,Monday,4,11:15,12:15,Innovation and Entrepreneurship Development,IT34,JSP_Visiting,3,MCA,B,403,102,80,78.43,82.35,1.0,Theory,No,No,No,Sunny,No,3.6,Morning,Provided,Synthetic development data,60.0,22,26,6,81.37,4,51.0,0,0,0,0,High
22-06-2026,Monday,5,13:30,15:30,"Practical based on Mobile Application Development, Machine Learning and Software Testing",IT31L,SSP_Visiting_SP_MLK_DPY,3,MCA,B,401/402,102,88,86.27,78.43,2.25,Practical,No,No,No,Sunny,No,2.5,Afternoon,Provided,Synthetic development data,120.0,22,26,6,79.73666666666668,5,51.0,0,0,0,0,High
23-06-2026,Tuesday,1,8:30,9:15,Mobile Application Development,IT31,SSP_Visiting,3,MCA,B,403,102,75,73.53,86.27,19.0,Theory,Yes,No,No,Cloudy,No,2.6,Morning,Provided,Synthetic development data,45.0,23,26,6,82.35000000000001,1,52.0,1,0,0,0,Medium
23-06-2026,Tuesday,2,9:15,10:15,Mobile Application Development,IT31,SSP_Visiting,3,MCA,B,403,102,83,81.37,73.53,0.75,Theory,No,No,No,Sunny,No,4.5,Morning,Provided,Synthetic development data,60.0,23,26,6,79.41,2,52.0,0,0,0,0,High
23-06-2026,Tuesday,3,10:15,11:15,Data Science and Machine Learning,IT32,SP_MLK,3,MCA,B,403,102,72,70.59,81.37,1.0,Theory,No,No,No,Sunny,No,9.9,Morning,Provided,Synthetic development data,60.0,23,26,6,80.39,3,52.0,0,0,0,0,Medium
23-06-2026,Tuesday,4,11:15,12:15,Principles of Cloud Management and Security,IT35,KSD_SDM,3,MCA,B,403,102,74,72.55,70.59,1.0,Theory,No,No,No,Rainy,No,2.2,Morning,Provided,Synthetic development data,60.0,23,26,6,75.16333333333334,4,52.0,0,0,0,0,Medium
23-06-2026,Tuesday,5,13:30,15:30,Data Science and Machine Learning,IT32,SP_MLK,3,MCA,B,403,102,61,59.8,72.55,2.25,Theory,No,No,No,Cloudy,No,5.7,Afternoon,Provided,Synthetic development data,120.0,23,26,6,74.83666666666666,5,52.0,0,0,0,0,Medium
24-06-2026,Wednesday,1,8:30,9:15,Mobile Application Development,IT31,SSP_Visiting,3,MCA,B,403,102,81,79.41,59.8,19.0,Theory,No,No,No,Sunny,No,2.8,Morning,Provided,Synthetic development data,45.0,24,26,6,67.64666666666666,1,53.0,0,0,0,0,High
24-06-2026,Wednesday,2,9:15,10:15,Mobile Application Development,IT31,SSP_Visiting,3,MCA,B,403,102,74,72.55,79.41,0.75,Theory,No,No,No,Cloudy,No,7.2,Morning,Provided,Synthetic development data,60.0,24,26,6,70.58666666666666,2,53.0,0,0,0,0,Medium
24-06-2026,Wednesday,3,10:15,11:15,Data Science and Machine Learning,IT32,SP_MLK,3,MCA,B,403,102,75,73.53,72.55,1.0,Theory,No,No,No,Cloudy,No,2.6,Morning,Provided,Synthetic development data,60.0,24,26,6,70.58666666666666,3,53.0,0,0,0,0,Medium
24-06-2026,Wednesday,4,11:15,12:15,Principles of Cloud Management and Security,IT35,KSD_SDM,3,MCA,B,403,102,76,74.51,73.53,1.0,Theory,No,No,No,Sunny,No,9.9,Morning,Provided,Synthetic development data,60.0,24,26,6,75.16333333333334,4,53.0,0,0,0,0,Medium
24-06-2026,Wednesday,5,13:30,15:30,Innovation and Entrepreneurship Development,IT34,JSP_Visiting,3,MCA,B,403,102,70,68.63,74.51,2.25,Theory,Yes,No,No,Sunny,No,10.9,Afternoon,Provided,Synthetic development data,120.0,24,26,6,73.53,5,53.0,1,0,0,0,Medium
25-06-2026,Thursday,1,8:30,9:15,Mobile Application Development,IT31,SSP_Visiting,3,MCA,B,403,102,68,66.67,68.63,19.0,Theory,Yes,Yes,No,Rainy,No,11.5,Morning,Provided,Synthetic development data,45.0,25,26,6,72.22333333333334,1,54.0,1,1,0,0,Medium
25-06-2026,Thursday,2,9:15,10:15,Mobile Application Development,IT31,SSP_Visiting,3,MCA,B,403,102,77,75.49,66.67,0.75,Theory,No,No,No,Sunny,No,4.9,Morning,Provided,Synthetic development data,60.0,25,26,6,69.93666666666667,2,54.0,0,0,0,0,High
25-06-2026,Thursday,3,10:15,11:15,Data Science and Machine Learning,IT32,SP_MLK,3,MCA,B,403,102,72,70.59,75.49,1.0,Theory,No,No,No,Sunny,No,13.3,Morning,Provided,Synthetic development data,60.0,25,26,6,70.26333333333334,3,54.0,0,0,0,0,Medium
25-06-2026,Thursday,4,11:15,12:15,Software Testing and Quality Assurance,IT33,DPY,3,MCA,B,403,102,68,66.67,70.59,1.0,Theory,No,No,No,Sunny,No,11.0,Morning,Provided,Synthetic development data,60.0,25,26,6,70.91666666666667,4,54.0,0,0,0,0,Medium
25-06-2026,Thursday,5,13:30,15:30,"Practical based on Mobile Application Development, Machine Learning and Software Testing",IT31L,SSP_Visiting_SP_MLK_DPY,3,MCA,B,401/402,102,79,77.45,66.67,2.25,Practical,No,No,No,Rainy,No,2.7,Afternoon,Provided,Synthetic development data,120.0,25,26,6,70.91666666666667,5,54.0,0,0,0,0,High
26-06-2026,Friday,1,8:30,9:15,"Practical based on Mobile Application Development, Machine Learning and Software Testing",IT31L,SSP_Visiting_SP_MLK_DPY,3,MCA,B,401/402,102,93,91.18,77.45,19.0,Practical,No,No,No,Rainy,No,7.7,Morning,Provided,Synthetic development data,45.0,26,26,6,71.57000000000001,1,55.0,0,0,0,0,High
26-06-2026,Friday,2,9:15,10:15,"Practical based on Mobile Application Development, Machine Learning and Software Testing",IT31L,SSP_Visiting_SP_MLK_DPY,3,MCA,B,401/402,102,90,88.24,91.18,0.75,Practical,No,No,No,Cloudy,No,12.0,Morning,Provided,Synthetic development data,60.0,26,26,6,78.43333333333334,2,55.0,0,0,0,0,High
26-06-2026,Friday,3,10:15,11:15,Data Science and Machine Learning,IT32,SP_MLK,3,MCA,B,403,102,76,74.51,88.24,1.0,Theory,No,No,No,Rainy,No,6.0,Morning,Provided,Synthetic development data,60.0,26,26,6,85.62333333333333,3,55.0,0,0,0,0,Medium
26-06-2026,Friday,4,11:15,12:15,Principles of Cloud Management and Security,IT35,KSD_SDM,3,MCA,B,403,102,73,71.57,74.51,1.0,Theory,No,No,No,Rainy,No,7.0,Morning,Provided,Synthetic development data,60.0,26,26,6,84.64333333333333,4,55.0,0,0,0,0,Medium
29-06-2026,Monday,1,8:30,9:15,Mobile Application Development,IT31,SSP_Visiting,3,MCA,B,403,102,76,74.51,71.57,69.25,Theory,No,No,No,Cloudy,No,10.2,Morning,Provided,Synthetic development data,45.0,29,27,6,78.10666666666667,1,58.0,0,0,0,0,Medium
29-06-2026,Monday,2,9:15,10:15,Mobile Application Development,IT31,SSP_Visiting,3,MCA,B,403,102,85,83.33,74.51,0.75,Theory,No,No,No,Cloudy,No,2.7,Morning,Provided,Synthetic development data,60.0,29,27,6,73.52999999999999,2,58.0,0,0,0,0,High
29-06-2026,Monday,3,10:15,11:15,Innovation and Entrepreneurship Development,IT34,JSP_Visiting,3,MCA,B,403,102,82,80.39,83.33,1.0,Theory,No,No,No,Rainy,No,14.6,Morning,Provided,Synthetic development data,60.0,29,27,6,76.47,3,58.0,0,0,0,0,High
29-06-2026,Monday,4,11:15,12:15,Innovation and Entrepreneurship Development,IT34,JSP_Visiting,3,MCA,B,403,102,91,89.22,80.39,1.0,Theory,No,No,No,Cloudy,No,4.3,Morning,Provided,Synthetic development data,60.0,29,27,6,79.41000000000001,4,58.0,0,0,0,0,High
29-06-2026,Monday,5,13:30,15:30,"Practical based on Mobile Application Development, Machine Learning and Software Testing",IT31L,SSP_Visiting_SP_MLK_DPY,3,MCA,B,401/402,102,77,75.49,89.22,2.25,Practical,No,No,No,Cloudy,No,2.3,Afternoon,Provided,Synthetic development data,120.0,29,27,6,84.31333333333333,5,58.0,0,0,0,0,High
30-06-2026,Tuesday,1,8:30,9:15,Mobile Application Development,IT31,SSP_Visiting,3,MCA,B,403,102,81,79.41,75.49,19.0,Theory,No,No,No,Sunny,No,2.1,Morning,Provided,Synthetic development data,45.0,30,27,6,81.7,1,59.0,0,0,0,0,High
30-06-2026,Tuesday,2,9:15,10:15,Mobile Application Development,IT31,SSP_Visiting,3,MCA,B,403,102,81,79.41,79.41,0.75,Theory,No,No,No,Sunny,No,7.2,Morning,Provided,Synthetic development data,60.0,30,27,6,81.37333333333332,2,59.0,0,0,0,0,High
30-06-2026,Tuesday,3,10:15,11:15,Data Science and Machine Learning,IT32,SP_MLK,3,MCA,B,403,102,73,71.57,79.41,1.0,Theory,No,No,No,Rainy,No,13.5,Morning,Provided,Synthetic development data,60.0,30,27,6,78.10333333333332,3,59.0,0,0,0,0,Medium
30-06-2026,Tuesday,4,11:15,12:15,Principles of Cloud Management and Security,IT35,KSD_SDM,3,MCA,B,403,102,76,74.51,71.57,1.0,Theory,No,No,No,Sunny,No,12.7,Morning,Provided,Synthetic development data,60.0,30,27,6,76.79666666666667,4,59.0,0,0,0,0,Medium
30-06-2026,Tuesday,5,13:30,15:30,Data Science and Machine Learning,IT32,SP_MLK,3,MCA,B,403,102,81,79.41,74.51,2.25,Theory,Yes,No,No,Cloudy,No,13.9,Afternoon,Provided,Synthetic development data,120.0,30,27,6,75.16333333333334,5,59.0,1,0,0,0,High
01-07-2026,Wednesday,1,8:30,9:15,Mobile Application Development,IT31,SSP_Visiting,3,MCA,B,403,102,73,71.57,79.41,19.0,Theory,No,No,No,Rainy,No,8.9,Morning,Provided,Synthetic development data,45.0,31,27,7,75.16333333333334,1,60.0,0,0,0,0,Medium
01-07-2026,Wednesday,2,9:15,10:15,Mobile Application Development,IT31,SSP_Visiting,3,MCA,B,403,102,77,75.49,71.57,0.75,Theory,Yes,No,No,Sunny,No,7.8,Morning,Provided,Synthetic development data,60.0,31,27,7,75.16333333333334,2,60.0,1,0,0,0,High
01-07-2026,Wednesday,3,10:15,11:15,Data Science and Machine Learning,IT32,SP_MLK,3,MCA,B,403,102,67,65.69,75.49,1.0,Theory,No,Yes,No,Sunny,No,7.0,Morning,Provided,Synthetic development data,60.0,31,27,7,75.49,3,60.0,0,1,0,0,Medium
01-07-2026,Wednesday,4,11:15,12:15,Principles of Cloud Management and Security,IT35,KSD_SDM,3,MCA,B,403,102,79,77.45,65.69,1.0,Theory,No,Yes,No,Sunny,No,2.6,Morning,Provided,Synthetic development data,60.0,31,27,7,70.91666666666667,4,60.0,0,1,0,0,High
01-07-2026,Wednesday,5,13:30,15:30,Innovation and Entrepreneurship Development,IT34,JSP_Visiting,3,MCA,B,403,102,79,77.45,77.45,2.25,Theory,No,No,No,Cloudy,No,13.8,Afternoon,Provided,Synthetic development data,120.0,31,27,7,72.87666666666667,5,60.0,0,0,0,0,High
02-07-2026,Thursday,1,8:30,9:15,Mobile Application Development,IT31,SSP_Visiting,3,MCA,B,403,102,84,82.35,77.45,19.0,Theory,Yes,No,No,Sunny,No,8.5,Morning,Provided,Synthetic development data,45.0,32,27,7,73.53,1,61.0,1,0,0,0,High
02-07-2026,Thursday,2,9:15,10:15,Mobile Application Development,IT31,SSP_Visiting,3,MCA,B,403,102,87,85.29,82.35,0.75,Theory,No,No,No,Sunny,No,7.9,Morning,Provided,Synthetic development data,60.0,32,27,7,79.08333333333333,2,61.0,0,0,0,0,High
02-07-2026,Thursday,3,10:15,11:15,Data Science and Machine Learning,IT32,SP_MLK,3,MCA,B,403,102,73,71.57,85.29,1.0,Theory,No,No,No,Cloudy,No,8.7,Morning,Provided,Synthetic development data,60.0,32,27,7,81.69666666666667,3,61.0,0,0,0,0,Medium
02-07-2026,Thursday,4,11:15,12:15,Software Testing and Quality Assurance,IT33,DPY,3,MCA,B,403,102,79,77.45,71.57,1.0,Theory,No,No,No,Rainy,No,12.3,Morning,Provided,Synthetic development data,60.0,32,27,7,79.73666666666666,4,61.0,0,0,0,0,High
02-07-2026,Thursday,5,13:30,15:30,"Practical based on Mobile Application Development, Machine Learning and Software Testing",IT31L,SSP_Visiting_SP_MLK_DPY,3,MCA,B,401/402,102,80,78.43,77.45,2.25,Practical,Yes,No,No,Cloudy,No,4.9,Afternoon,Provided,Synthetic development data,120.0,32,27,7,78.10333333333334,5,61.0,1,0,0,0,High
03-07-2026,Friday,1,8:30,9:15,"Practical based on Mobile Application Development, Machine Learning and Software Testing",IT31L,SSP_Visiting_SP_MLK_DPY,3,MCA,B,401/402,102,93,91.18,78.43,19.0,Practical,Yes,No,No,Sunny,No,11.2,Morning,Provided,Synthetic development data,45.0,33,27,7,75.81666666666666,1,62.0,1,0,0,0,High
03-07-2026,Friday,2,9:15,10:15,"Practical based on Mobile Application Development, Machine Learning and Software Testing",IT31L,SSP_Visiting_SP_MLK_DPY,3,MCA,B,401/402,102,93,91.18,91.18,0.75,Practical,No,No,No,Cloudy,No,11.2,Morning,Provided,Synthetic development data,60.0,33,27,7,82.35333333333334,2,62.0,0,0,0,0,High
03-07-2026,Friday,3,10:15,11:15,Data Science and Machine Learning,IT32,SP_MLK,3,MCA,B,403,102,72,70.59,91.18,1.0,Theory,No,No,No,Rainy,No,13.0,Morning,Provided,Synthetic development data,60.0,33,27,7,86.93,3,62.0,0,0,0,0,Medium
03-07-2026,Friday,4,11:15,12:15,Principles of Cloud Management and Security,IT35,KSD_SDM,3,MCA,B,403,102,79,77.45,70.59,1.0,Theory,No,No,No,Rainy,No,2.1,Morning,Provided,Synthetic development data,60.0,33,27,7,84.31666666666668,4,62.0,0,0,0,0,High
06-07-2026,Monday,1,8:30,9:15,Mobile Application Development,IT31,SSP_Visiting,3,MCA,B,403,102,85,83.33,77.45,69.25,Theory,No,No,No,Sunny,No,4.2,Morning,Provided,Synthetic development data,45.0,36,28,7,79.74000000000001,1,65.0,0,0,0,0,High
06-07-2026,Monday,2,9:15,10:15,Mobile Application Development,IT31,SSP_Visiting,3,MCA,B,403,102,81,79.41,83.33,0.75,Theory,No,No,No,Rainy,No,8.1,Morning,Provided,Synthetic development data,60.0,36,28,7,77.12333333333333,2,65.0,0,0,0,0,High
06-07-2026,Monday,3,10:15,11:15,Innovation and Entrepreneurship Development,IT34,JSP_Visiting,3,MCA,B,403,102,79,77.45,79.41,1.0,Theory,No,No,No,Sunny,No,13.1,Morning,Provided,Synthetic development data,60.0,36,28,7,80.06333333333333,3,65.0,0,0,0,0,High
06-07-2026,Monday,4,11:15,12:15,Innovation and Entrepreneurship Development,IT34,JSP_Visiting,3,MCA,B,403,102,85,83.33,77.45,1.0,Theory,No,No,No,Cloudy,No,14.5,Morning,Provided,Synthetic development data,60.0,36,28,7,80.06333333333333,4,65.0,0,0,0,0,High
06-07-2026,Monday,5,13:30,15:30,"Practical based on Mobile Application Development, Machine Learning and Software Testing",IT31L,SSP_Visiting_SP_MLK_DPY,3,MCA,B,401/402,102,66,64.71,83.33,2.25,Practical,No,No,No,Sunny,No,9.7,Afternoon,Provided,Synthetic development data,120.0,36,28,7,80.06333333333333,5,65.0,0,0,0,0,Medium
07-07-2026,Tuesday,1,8:30,9:15,Mobile Application Development,IT31,SSP_Visiting,3,MCA,B,403,102,84,82.35,64.71,19.0,Theory,No,No,No,Rainy,No,4.8,Morning,Provided,Synthetic development data,45.0,37,28,7,75.16333333333334,1,66.0,0,0,0,0,High
07-07-2026,Tuesday,2,9:15,10:15,Mobile Application Development,IT31,SSP_Visiting,3,MCA,B,403,102,76,74.51,82.35,0.75,Theory,No,Yes,No,Rainy,No,4.4,Morning,Provided,Synthetic development data,60.0,37,28,7,76.79666666666667,2,66.0,0,1,0,0,Medium
07-07-2026,Tuesday,3,10:15,11:15,Data Science and Machine Learning,IT32,SP_MLK,3,MCA,B,403,102,77,75.49,74.51,1.0,Theory,Yes,No,No,Cloudy,No,10.3,Morning,Provided,Synthetic development data,60.0,37,28,7,73.85666666666667,3,66.0,1,0,0,0,High
07-07-2026,Tuesday,4,11:15,12:15,Principles of Cloud Management and Security,IT35,KSD_SDM,3,MCA,B,403,102,76,74.51,75.49,1.0,Theory,No,No,No,Cloudy,No,4.7,Morning,Provided,Synthetic development data,60.0,37,28,7,77.45,4,66.0,0,0,0,0,Medium
07-07-2026,Tuesday,5,13:30,15:30,Data Science and Machine Learning,IT32,SP_MLK,3,MCA,B,403,102,73,71.57,74.51,2.25,Theory,No,No,No,Sunny,No,9.2,Afternoon,Provided,Synthetic development data,120.0,37,28,7,74.83666666666666,5,66.0,0,0,0,0,Medium
08-07-2026,Wednesday,1,8:30,9:15,Mobile Application Development,IT31,SSP_Visiting,3,MCA,B,403,102,76,74.51,71.57,19.0,Theory,No,Yes,No,Cloudy,No,12.9,Morning,Provided,Synthetic development data,45.0,38,28,7,73.85666666666667,1,67.0,0,1,0,0,Medium
08-07-2026,Wednesday,2,9:15,10:15,Mobile Application Development,IT31,SSP_Visiting,3,MCA,B,403,102,86,84.31,74.51,0.75,Theory,No,No,No,Rainy,No,7.1,Morning,Provided,Synthetic development data,60.0,38,28,7,73.52999999999999,2,67.0,0,0,0,0,High
08-07-2026,Wednesday,3,10:15,11:15,Data Science and Machine Learning,IT32,SP_MLK,3,MCA,B,403,102,80,78.43,84.31,1.0,Theory,No,No,No,Rainy,No,6.9,Morning,Provided,Synthetic development data,60.0,38,28,7,76.79666666666667,3,67.0,0,0,0,0,High
08-07-2026,Wednesday,4,11:15,12:15,Principles of Cloud Management and Security,IT35,KSD_SDM,3,MCA,B,403,102,75,73.53,78.43,1.0,Theory,No,No,No,Cloudy,No,2.5,Morning,Provided,Synthetic development data,60.0,38,28,7,79.08333333333333,4,67.0,0,0,0,0,Medium
08-07-2026,Wednesday,5,13:30,15:30,Innovation and Entrepreneurship Development,IT34,JSP_Visiting,3,MCA,B,403,102,74,72.55,73.53,2.25,Theory,No,No,No,Cloudy,No,5.3,Afternoon,Provided,Synthetic development data,120.0,38,28,7,78.75666666666667,5,67.0,0,0,0,0,Medium
09-07-2026,Thursday,1,8:30,9:15,Mobile Application Development,IT31,SSP_Visiting,3,MCA,B,403,102,80,78.43,72.55,19.0,Theory,No,No,No,Cloudy,No,11.1,Morning,Provided,Synthetic development data,45.0,39,28,7,74.83666666666667,1,68.0,0,0,0,0,High
09-07-2026,Thursday,2,9:15,10:15,Mobile Application Development,IT31,SSP_Visiting,3,MCA,B,403,102,77,75.49,78.43,0.75,Theory,No,No,No,Rainy,No,6.7,Morning,Provided,Synthetic development data,60.0,39,28,7,74.83666666666666,2,68.0,0,0,0,0,High
09-07-2026,Thursday,3,10:15,11:15,Data Science and Machine Learning,IT32,SP_MLK,3,MCA,B,403,102,74,72.55,75.49,1.0,Theory,No,Yes,No,Cloudy,No,4.1,Morning,Provided,Synthetic development data,60.0,39,28,7,75.49000000000001,3,68.0,0,1,0,0,Medium
09-07-2026,Thursday,4,11:15,12:15,Software Testing and Quality Assurance,IT33,DPY,3,MCA,B,403,102,73,71.57,72.55,1.0,Theory,No,No,No,Sunny,No,3.4,Morning,Provided,Synthetic development data,60.0,39,28,7,75.49,4,68.0,0,0,0,0,Medium
09-07-2026,Thursday,5,13:30,15:30,"Practical based on Mobile Application Development, Machine Learning and Software Testing",IT31L,SSP_Visiting_SP_MLK_DPY,3,MCA,B,401/402,102,80,78.43,71.57,2.25,Practical,No,No,No,Sunny,No,3.2,Afternoon,Provided,Synthetic development data,120.0,39,28,7,73.20333333333333,5,68.0,0,0,0,0,High
10-07-2026,Friday,1,8:30,9:15,"Practical based on Mobile Application Development, Machine Learning and Software Testing",IT31L,SSP_Visiting_SP_MLK_DPY,3,MCA,B,401/402,102,86,84.31,78.43,19.0,Practical,No,No,No,Sunny,No,10.6,Morning,Provided,Synthetic development data,45.0,40,28,7,74.18333333333334,1,69.0,0,0,0,0,High
10-07-2026,Friday,2,9:15,10:15,"Practical based on Mobile Application Development, Machine Learning and Software Testing",IT31L,SSP_Visiting_SP_MLK_DPY,3,MCA,B,401/402,102,75,73.53,84.31,0.75,Practical,No,No,No,Rainy,No,10.0,Morning,Provided,Synthetic development data,60.0,40,28,7,78.10333333333334,2,69.0,0,0,0,0,Medium
10-07-2026,Friday,3,10:15,11:15,Data Science and Machine Learning,IT32,SP_MLK,3,MCA,B,403,102,80,78.43,73.53,1.0,Theory,No,No,No,Cloudy,No,8.7,Morning,Provided,Synthetic development data,60.0,40,28,7,78.75666666666667,3,69.0,0,0,0,0,High
10-07-2026,Friday,4,11:15,12:15,Principles of Cloud Management and Security,IT35,KSD_SDM,3,MCA,B,403,102,78,76.47,78.43,1.0,Theory,No,No,No,Rainy,No,8.5,Morning,Provided,Synthetic development data,60.0,40,28,7,78.75666666666667,4,69.0,0,0,0,0,High
13-07-2026,Monday,1,8:30,9:15,Mobile Application Development,IT31,SSP_Visiting,3,MCA,B,403,102,73,71.57,76.47,69.25,Theory,No,No,No,Cloudy,No,4.0,Morning,Provided,Synthetic development data,45.0,43,29,7,76.14333333333333,1,72.0,0,0,0,0,Medium
13-07-2026,Monday,2,9:15,10:15,Mobile Application Development,IT31,SSP_Visiting,3,MCA,B,403,102,82,80.39,71.57,0.75,Theory,No,No,No,Cloudy,No,8.5,Morning,Provided,Synthetic development data,60.0,43,29,7,75.49,2,72.0,0,0,0,0,High
13-07-2026,Monday,3,10:15,11:15,Innovation and Entrepreneurship Development,IT34,JSP_Visiting,3,MCA,B,403,102,75,73.53,80.39,1.0,Theory,No,No,No,Sunny,No,2.8,Morning,Provided,Synthetic development data,60.0,43,29,7,76.14333333333333,3,72.0,0,0,0,0,Medium
13-07-2026,Monday,4,11:15,12:15,Innovation and Entrepreneurship Development,IT34,JSP_Visiting,3,MCA,B,403,102,77,75.49,73.53,1.0,Theory,No,No,No,Rainy,No,14.0,Morning,Provided,Synthetic development data,60.0,43,29,7,75.16333333333334,4,72.0,0,0,0,0,High
13-07-2026,Monday,5,13:30,15:30,"Practical based on Mobile Application Development, Machine Learning and Software Testing",IT31L,SSP_Visiting_SP_MLK_DPY,3,MCA,B,401/402,102,90,88.24,75.49,2.25,Practical,No,No,No,Cloudy,No,2.8,Afternoon,Provided,Synthetic development data,120.0,43,29,7,76.47,5,72.0,0,0,0,0,High
14-07-2026,Tuesday,1,8:30,9:15,Mobile Application Development,IT31,SSP_Visiting,3,MCA,B,403,102,80,78.43,88.24,19.0,Theory,Yes,No,No,Cloudy,No,7.5,Morning,Provided,Synthetic development data,45.0,44,29,7,79.08666666666666,1,73.0,1,0,0,0,High
14-07-2026,Tuesday,2,9:15,10:15,Mobile Application Development,IT31,SSP_Visiting,3,MCA,B,403,102,91,89.22,78.43,0.75,Theory,Yes,No,No,Cloudy,No,2.0,Morning,Provided,Synthetic development data,60.0,44,29,7,80.72000000000001,2,73.0,1,0,0,0,High
14-07-2026,Tuesday,3,10:15,11:15,Data Science and Machine Learning,IT32,SP_MLK,3,MCA,B,403,102,75,73.53,89.22,1.0,Theory,No,No,No,Cloudy,No,12.2,Morning,Provided,Synthetic development data,60.0,44,29,7,85.29666666666667,3,73.0,0,0,0,0,Medium
14-07-2026,Tuesday,4,11:15,12:15,Principles of Cloud Management and Security,IT35,KSD_SDM,3,MCA,B,403,102,78,76.47,73.53,1.0,Theory,No,No,No,Rainy,No,4.2,Morning,Provided,Synthetic development data,60.0,44,29,7,80.39333333333333,4,73.0,0,0,0,0,High
14-07-2026,Tuesday,5,13:30,15:30,Data Science and Machine Learning,IT32,SP_MLK,3,MCA,B,403,102,76,74.51,76.47,2.25,Theory,Yes,No,No,Sunny,No,14.0,Afternoon,Provided,Synthetic development data,120.0,44,29,7,79.74,5,73.0,1,0,0,0,Medium
15-07-2026,Wednesday,1,8:30,9:15,Mobile Application Development,IT31,SSP_Visiting,3,MCA,B,403,102,73,71.57,74.51,19.0,Theory,No,No,No,Cloudy,No,2.6,Morning,Provided,Synthetic development data,45.0,45,29,7,74.83666666666667,1,74.0,0,0,0,0,Medium
15-07-2026,Wednesday,2,9:15,10:15,Mobile Application Development,IT31,SSP_Visiting,3,MCA,B,403,102,80,78.43,71.57,0.75,Theory,Yes,No,No,Rainy,No,12.7,Morning,Provided,Synthetic development data,60.0,45,29,7,74.18333333333334,2,74.0,1,0,0,0,High
15-07-2026,Wednesday,3,10:15,11:15,Data Science and Machine Learning,IT32,SP_MLK,3,MCA,B,403,102,72,70.59,78.43,1.0,Theory,No,No,No,Cloudy,No,10.5,Morning,Provided,Synthetic development data,60.0,45,29,7,74.83666666666666,3,74.0,0,0,0,0,Medium
15-07-2026,Wednesday,4,11:15,12:15,Principles of Cloud Management and Security,IT35,KSD_SDM,3,MCA,B,403,102,76,74.51,70.59,1.0,Theory,No,No,No,Rainy,No,5.2,Morning,Provided,Synthetic development data,60.0,45,29,7,73.53,4,74.0,0,0,0,0,Medium
15-07-2026,Wednesday,5,13:30,15:30,Innovation and Entrepreneurship Development,IT34,JSP_Visiting,3,MCA,B,403,102,77,75.49,74.51,2.25,Theory,No,Yes,No,Sunny,No,4.6,Afternoon,Provided,Synthetic development data,120.0,45,29,7,74.51,5,74.0,0,1,0,0,High
16-07-2026,Thursday,1,8:30,9:15,Mobile Application Development,IT31,SSP_Visiting,3,MCA,B,403,102,83,81.37,75.49,19.0,Theory,Yes,No,No,Sunny,No,6.6,Morning,Provided,Synthetic development data,45.0,46,29,7,73.53,1,75.0,1,0,0,0,High
16-07-2026,Thursday,2,9:15,10:15,Mobile Application Development,IT31,SSP_Visiting,3,MCA,B,403,102,85,83.33,81.37,0.75,Theory,No,No,No,Cloudy,No,12.8,Morning,Provided,Synthetic development data,60.0,46,29,7,77.12333333333333,2,75.0,0,0,0,0,High
16-07-2026,Thursday,3,10:15,11:15,Data Science and Machine Learning,IT32,SP_MLK,3,MCA,B,403,102,69,67.65,83.33,1.0,Theory,No,No,No,Rainy,No,13.2,Morning,Provided,Synthetic development data,60.0,46,29,7,80.06333333333333,3,75.0,0,0,0,0,Medium
16-07-2026,Thursday,4,11:15,12:15,Software Testing and Quality Assurance,IT33,DPY,3,MCA,B,403,102,76,74.51,67.65,1.0,Theory,No,No,No,Sunny,No,4.3,Morning,Provided,Synthetic development data,60.0,46,29,7,77.45,4,75.0,0,0,0,0,Medium
16-07-2026,Thursday,5,13:30,15:30,"Practical based on Mobile Application Development, Machine Learning and Software Testing",IT31L,SSP_Visiting_SP_MLK_DPY,3,MCA,B,401/402,102,84,82.35,74.51,2.25,Practical,No,No,No,Rainy,No,6.6,Afternoon,Provided,Synthetic development data,120.0,46,29,7,75.16333333333334,5,75.0,0,0,0,0,High
17-07-2026,Friday,1,8:30,9:15,"Practical based on Mobile Application Development, Machine Learning and Software Testing",IT31L,SSP_Visiting_SP_MLK_DPY,3,MCA,B,401/402,102,85,83.33,82.35,19.0,Practical,No,No,No,Sunny,No,5.1,Morning,Provided,Synthetic development data,45.0,47,29,7,74.83666666666667,1,76.0,0,0,0,0,High
17-07-2026,Friday,2,9:15,10:15,"Practical based on Mobile Application Development, Machine Learning and Software Testing",IT31L,SSP_Visiting_SP_MLK_DPY,3,MCA,B,401/402,102,86,84.31,83.33,0.75,Practical,No,No,No,Rainy,No,3.6,Morning,Provided,Synthetic development data,60.0,47,29,7,80.06333333333333,2,76.0,0,0,0,0,High
17-07-2026,Friday,3,10:15,11:15,Data Science and Machine Learning,IT32,SP_MLK,3,MCA,B,403,102,70,68.63,84.31,1.0,Theory,No,No,No,Cloudy,No,10.4,Morning,Provided,Synthetic development data,60.0,47,29,7,83.33,3,76.0,0,0,0,0,Medium
17-07-2026,Friday,4,11:15,12:15,Principles of Cloud Management and Security,IT35,KSD_SDM,3,MCA,B,403,102,69,67.65,68.63,1.0,Theory,No,No,No,Rainy,No,6.5,Morning,Provided,Synthetic development data,60.0,47,29,7,78.75666666666666,4,76.0,0,0,0,0,Medium
20-07-2026,Monday,1,8:30,9:15,Mobile Application Development,IT31,SSP_Visiting,3,MCA,B,403,102,72,70.59,67.65,69.25,Theory,No,No,No,Cloudy,No,4.9,Morning,Provided,Synthetic development data,45.0,50,30,7,73.53000000000002,1,79.0,0,0,0,0,Medium
20-07-2026,Monday,2,9:15,10:15,Mobile Application Development,IT31,SSP_Visiting,3,MCA,B,403,102,87,85.29,70.59,0.75,Theory,No,No,No,Rainy,Yes,13.3,Morning,Provided,Synthetic development data,60.0,50,30,7,68.95666666666666,2,79.0,0,0,0,1,High
20-07-2026,Monday,3,10:15,11:15,Innovation and Entrepreneurship Development,IT34,JSP_Visiting,3,MCA,B,403,102,86,84.31,85.29,1.0,Theory,No,No,No,Sunny,No,11.7,Morning,Provided,Synthetic development data,60.0,50,30,7,74.51,3,79.0,0,0,0,0,High
20-07-2026,Monday,4,11:15,12:15,Innovation and Entrepreneurship Development,IT34,JSP_Visiting,3,MCA,B,403,102,77,75.49,84.31,1.0,Theory,No,No,No,Cloudy,No,12.1,Morning,Provided,Synthetic development data,60.0,50,30,7,80.06333333333333,4,79.0,0,0,0,0,High
20-07-2026,Monday,5,13:30,15:30,"Practical based on Mobile Application Development, Machine Learning and Software Testing",IT31L,SSP_Visiting_SP_MLK_DPY,3,MCA,B,401/402,102,92,90.2,75.49,2.25,Practical,No,No,No,Cloudy,No,2.5,Afternoon,Provided,Synthetic development data,120.0,50,30,7,81.69666666666667,5,79.0,0,0,0,0,High
21-07-2026,Tuesday,1,8:30,9:15,Mobile Application Development,IT31,SSP_Visiting,3,MCA,B,403,102,70,68.63,90.2,19.0,Theory,No,No,No,Rainy,No,13.9,Morning,Provided,Synthetic development data,45.0,51,30,7,83.33333333333333,1,80.0,0,0,0,0,Medium
21-07-2026,Tuesday,2,9:15,10:15,Mobile Application Development,IT31,SSP_Visiting,3,MCA,B,403,102,84,82.35,68.63,0.75,Theory,No,No,No,Sunny,No,9.5,Morning,Provided,Synthetic development data,60.0,51,30,7,78.10666666666667,2,80.0,0,0,0,0,High
21-07-2026,Tuesday,3,10:15,11:15,Data Science and Machine Learning,IT32,SP_MLK,3,MCA,B,403,102,88,86.27,82.35,1.0,Theory,No,No,No,Rainy,No,8.5,Morning,Provided,Synthetic development data,60.0,51,30,7,80.39333333333333,3,80.0,0,0,0,0,High
21-07-2026,Tuesday,4,11:15,12:15,Principles of Cloud Management and Security,IT35,KSD_SDM,3,MCA,B,403,102,84,82.35,86.27,1.0,Theory,No,No,No,Sunny,No,2.1,Morning,Provided,Synthetic development data,60.0,51,30,7,79.08333333333333,4,80.0,0,0,0,0,High
21-07-2026,Tuesday,5,13:30,15:30,Data Science and Machine Learning,IT32,SP_MLK,3,MCA,B,403,102,73,71.57,82.35,2.25,Theory,No,No,No,Cloudy,No,13.7,Afternoon,Provided,Synthetic development data,120.0,51,30,7,83.65666666666665,5,80.0,0,0,0,0,Medium
22-07-2026,Wednesday,1,8:30,9:15,Mobile Application Development,IT31,SSP_Visiting,3,MCA,B,403,102,78,76.47,71.57,19.0,Theory,No,No,No,Sunny,No,9.1,Morning,Provided,Synthetic development data,45.0,52,30,7,80.06333333333333,1,81.0,0,0,0,0,High
22-07-2026,Wednesday,2,9:15,10:15,Mobile Application Development,IT31,SSP_Visiting,3,MCA,B,403,102,75,73.53,76.47,0.75,Theory,No,No,No,Sunny,No,12.7,Morning,Provided,Synthetic development data,60.0,52,30,7,76.79666666666667,2,81.0,0,0,0,0,Medium
22-07-2026,Wednesday,3,10:15,11:15,Data Science and Machine Learning,IT32,SP_MLK,3,MCA,B,403,102,74,72.55,73.53,1.0,Theory,No,No,No,Cloudy,No,10.5,Morning,Provided,Synthetic development data,60.0,52,30,7,73.85666666666667,3,81.0,0,0,0,0,Medium
22-07-2026,Wednesday,4,11:15,12:15,Principles of Cloud Management and Security,IT35,KSD_SDM,3,MCA,B,403,102,68,66.67,72.55,1.0,Theory,No,No,No,Sunny,No,12.4,Morning,Provided,Synthetic development data,60.0,52,30,7,74.18333333333332,4,81.0,0,0,0,0,Medium
22-07-2026,Wednesday,5,13:30,15:30,Innovation and Entrepreneurship Development,IT34,JSP_Visiting,3,MCA,B,403,102,75,73.53,66.67,2.25,Theory,No,No,No,Rainy,No,11.0,Afternoon,Provided,Synthetic development data,120.0,52,30,7,70.91666666666667,5,81.0,0,0,0,0,Medium
23-07-2026,Thursday,1,8:30,9:15,Mobile Application Development,IT31,SSP_Visiting,3,MCA,B,403,102,71,69.61,73.53,19.0,Theory,No,No,No,Rainy,Yes,14.0,Morning,Provided,Synthetic development data,45.0,53,30,7,70.91666666666667,1,82.0,0,0,0,1,Medium
23-07-2026,Thursday,2,9:15,10:15,Mobile Application Development,IT31,SSP_Visiting,3,MCA,B,403,102,73,71.57,69.61,0.75,Theory,Yes,No,No,Cloudy,No,4.9,Morning,Provided,Synthetic development data,60.0,53,30,7,69.93666666666667,2,82.0,1,0,0,0,Medium
23-07-2026,Thursday,3,10:15,11:15,Data Science and Machine Learning,IT32,SP_MLK,3,MCA,B,403,102,80,78.43,71.57,1.0,Theory,No,No,No,Cloudy,No,4.6,Morning,Provided,Synthetic development data,60.0,53,30,7,71.57,3,82.0,0,0,0,0,High
23-07-2026,Thursday,4,11:15,12:15,Software Testing and Quality Assurance,IT33,DPY,3,MCA,B,403,102,68,66.67,78.43,1.0,Theory,No,No,No,Cloudy,No,11.3,Morning,Provided,Synthetic development data,60.0,53,30,7,73.20333333333333,4,82.0,0,0,0,0,Medium
23-07-2026,Thursday,5,13:30,15:30,"Practical based on Mobile Application Development, Machine Learning and Software Testing",IT31L,SSP_Visiting_SP_MLK_DPY,3,MCA,B,401/402,102,79,77.45,66.67,2.25,Practical,No,No,No,Cloudy,No,8.5,Afternoon,Provided,Synthetic development data,120.0,53,30,7,72.22333333333334,5,82.0,0,0,0,0,High
24-07-2026,Friday,1,8:30,9:15,"Practical based on Mobile Application Development, Machine Learning and Software Testing",IT31L,SSP_Visiting_SP_MLK_DPY,3,MCA,B,401/402,102,83,81.37,77.45,19.0,Practical,No,No,No,Cloudy,No,9.8,Morning,Provided,Synthetic development data,45.0,54,30,7,74.18333333333334,1,83.0,0,0,0,0,High
24-07-2026,Friday,2,9:15,10:15,"Practical based on Mobile Application Development, Machine Learning and Software Testing",IT31L,SSP_Visiting_SP_MLK_DPY,3,MCA,B,401/402,102,87,85.29,81.37,0.75,Practical,No,No,No,Sunny,No,11.2,Morning,Provided,Synthetic development data,60.0,54,30,7,75.16333333333334,2,83.0,0,0,0,0,High
24-07-2026,Friday,3,10:15,11:15,Data Science and Machine Learning,IT32,SP_MLK,3,MCA,B,403,102,67,65.69,85.29,1.0,Theory,No,No,No,Rainy,No,9.1,Morning,Provided,Synthetic development data,60.0,54,30,7,81.37,3,83.0,0,0,0,0,Medium
24-07-2026,Friday,4,11:15,12:15,Principles of Cloud Management and Security,IT35,KSD_SDM,3,MCA,B,403,102,79,77.45,65.69,1.0,Theory,No,No,No,Rainy,No,12.2,Morning,Provided,Synthetic development data,60.0,54,30,7,77.45,4,83.0,0,0,0,0,High
27-07-2026,Monday,1,8:30,9:15,Mobile Application Development,IT31,SSP_Visiting,3,MCA,B,403,102,76,74.51,77.45,69.25,Theory,Yes,No,No,Cloudy,No,6.1,Morning,Provided,Synthetic development data,45.0,57,31,7,76.14333333333333,1,86.0,1,0,0,0,Medium
27-07-2026,Monday,2,9:15,10:15,Mobile Application Development,IT31,SSP_Visiting,3,MCA,B,403,102,79,77.45,74.51,0.75,Theory,No,No,No,Rainy,No,13.2,Morning,Provided,Synthetic development data,60.0,57,31,7,72.55,2,86.0,0,0,0,0,High
27-07-2026,Monday,3,10:15,11:15,Innovation and Entrepreneurship Development,IT34,JSP_Visiting,3,MCA,B,403,102,83,81.37,77.45,1.0,Theory,No,No,No,Cloudy,No,3.4,Morning,Provided,Synthetic development data,60.0,57,31,7,76.47,3,86.0,0,0,0,0,High
27-07-2026,Monday,4,11:15,12:15,Innovation and Entrepreneurship Development,IT34,JSP_Visiting,3,MCA,B,403,102,81,79.41,81.37,1.0,Theory,No,No,No,Sunny,No,10.2,Morning,Provided,Synthetic development data,60.0,57,31,7,77.77666666666667,4,86.0,0,0,0,0,High
27-07-2026,Monday,5,13:30,15:30,"Practical based on Mobile Application Development, Machine Learning and Software Testing",IT31L,SSP_Visiting_SP_MLK_DPY,3,MCA,B,401/402,102,81,79.41,79.41,2.25,Practical,No,No,No,Cloudy,No,13.6,Afternoon,Provided,Synthetic development data,120.0,57,31,7,79.41,5,86.0,0,0,0,0,High
28-07-2026,Tuesday,1,8:30,9:15,Mobile Application Development,IT31,SSP_Visiting,3,MCA,B,403,102,75,73.53,79.41,19.0,Theory,No,No,No,Cloudy,No,5.3,Morning,Provided,Synthetic development data,45.0,58,31,7,80.06333333333333,1,87.0,0,0,0,0,Medium
28-07-2026,Tuesday,2,9:15,10:15,Mobile Application Development,IT31,SSP_Visiting,3,MCA,B,403,102,75,73.53,73.53,0.75,Theory,No,No,No,Sunny,No,6.2,Morning,Provided,Synthetic development data,60.0,58,31,7,77.45,2,87.0,0,0,0,0,Medium
28-07-2026,Tuesday,3,10:15,11:15,Data Science and Machine Learning,IT32,SP_MLK,3,MCA,B,403,102,80,78.43,73.53,1.0,Theory,No,No,No,Cloudy,No,6.0,Morning,Provided,Synthetic development data,60.0,58,31,7,75.49,3,87.0,0,0,0,0,High
28-07-2026,Tuesday,4,11:15,12:15,Principles of Cloud Management and Security,IT35,KSD_SDM,3,MCA,B,403,102,75,73.53,78.43,1.0,Theory,No,No,No,Rainy,No,9.3,Morning,Provided,Synthetic development data,60.0,58,31,7,75.16333333333334,4,87.0,0,0,0,0,Medium
28-07-2026,Tuesday,5,13:30,15:30,Data Science and Machine Learning,IT32,SP_MLK,3,MCA,B,403,102,77,75.49,73.53,2.25,Theory,No,No,No,Cloudy,No,7.4,Afternoon,Provided,Synthetic development data,120.0,58,31,7,75.16333333333334,5,87.0,0,0,0,0,High
29-07-2026,Wednesday,1,8:30,9:15,Mobile Application Development,IT31,SSP_Visiting,3,MCA,B,403,102,80,78.43,75.49,19.0,Theory,No,No,No,Cloudy,No,3.4,Morning,Provided,Synthetic development data,45.0,59,31,7,75.81666666666666,1,88.0,0,0,0,0,High
29-07-2026,Wednesday,2,9:15,10:15,Mobile Application Development,IT31,SSP_Visiting,3,MCA,B,403,102,82,80.39,78.43,0.75,Theory,No,No,No,Cloudy,No,13.6,Morning,Provided,Synthetic development data,60.0,59,31,7,75.81666666666666,2,88.0,0,0,0,0,High
29-07-2026,Wednesday,3,10:15,11:15,Data Science and Machine Learning,IT32,SP_MLK,3,MCA,B,403,102,78,76.47,80.39,1.0,Theory,No,No,No,Sunny,No,4.7,Morning,Provided,Synthetic development data,60.0,59,31,7,78.10333333333334,3,88.0,0,0,0,0,High
29-07-2026,Wednesday,4,11:15,12:15,Principles of Cloud Management and Security,IT35,KSD_SDM,3,MCA,B,403,102,76,74.51,76.47,1.0,Theory,No,No,No,Rainy,No,8.9,Morning,Provided,Synthetic development data,60.0,59,31,7,78.42999999999999,4,88.0,0,0,0,0,Medium
29-07-2026,Wednesday,5,13:30,15:30,Innovation and Entrepreneurship Development,IT34,JSP_Visiting,3,MCA,B,403,102,75,73.53,74.51,2.25,Theory,No,No,No,Sunny,No,9.7,Afternoon,Provided,Synthetic development data,120.0,59,31,7,77.12333333333333,5,88.0,0,0,0,0,Medium
30-07-2026,Thursday,1,8:30,9:15,Mobile Application Development,IT31,SSP_Visiting,3,MCA,B,403,102,72,70.59,73.53,19.0,Theory,No,No,No,Cloudy,No,2.5,Morning,Provided,Synthetic development data,45.0,60,31,7,74.83666666666666,1,89.0,0,0,0,0,Medium
30-07-2026,Thursday,2,9:15,10:15,Mobile Application Development,IT31,SSP_Visiting,3,MCA,B,403,102,78,76.47,70.59,0.75,Theory,No,No,No,Rainy,No,3.2,Morning,Provided,Synthetic development data,60.0,60,31,7,72.87666666666667,2,89.0,0,0,0,0,High
30-07-2026,Thursday,3,10:15,11:15,Data Science and Machine Learning,IT32,SP_MLK,3,MCA,B,403,102,89,87.25,76.47,1.0,Theory,No,No,No,Cloudy,No,14.6,Morning,Provided,Synthetic development data,60.0,60,31,7,73.53000000000002,3,89.0,0,0,0,0,High
30-07-2026,Thursday,4,11:15,12:15,Software Testing and Quality Assurance,IT33,DPY,3,MCA,B,403,102,69,67.65,87.25,1.0,Theory,No,No,No,Rainy,No,10.6,Morning,Provided,Synthetic development data,60.0,60,31,7,78.10333333333334,4,89.0,0,0,0,0,Medium
30-07-2026,Thursday,5,13:30,15:30,"Practical based on Mobile Application Development, Machine Learning and Software Testing",IT31L,SSP_Visiting_SP_MLK_DPY,3,MCA,B,401/402,102,89,87.25,67.65,2.25,Practical,No,No,No,Cloudy,No,2.4,Afternoon,Provided,Synthetic development data,120.0,60,31,7,77.12333333333333,5,89.0,0,0,0,0,High
31-07-2026,Friday,1,8:30,9:15,"Practical based on Mobile Application Development, Machine Learning and Software Testing",IT31L,SSP_Visiting_SP_MLK_DPY,3,MCA,B,401/402,102,84,82.35,87.25,19.0,Practical,Yes,No,No,Cloudy,Yes,12.3,Morning,Provided,Synthetic development data,45.0,61,31,7,80.71666666666665,1,90.0,1,0,0,1,High
31-07-2026,Friday,2,9:15,10:15,"Practical based on Mobile Application Development, Machine Learning and Software Testing",IT31L,SSP_Visiting_SP_MLK_DPY,3,MCA,B,401/402,102,85,83.33,82.35,0.75,Practical,No,Yes,No,Sunny,No,8.6,Morning,Provided,Synthetic development data,60.0,61,31,7,79.08333333333333,2,90.0,0,1,0,0,High
31-07-2026,Friday,3,10:15,11:15,Data Science and Machine Learning,IT32,SP_MLK,3,MCA,B,403,102,73,71.57,83.33,1.0,Theory,No,No,No,Sunny,No,3.0,Morning,Provided,Synthetic development data,60.0,61,31,7,84.31,3,90.0,0,0,0,0,Medium
31-07-2026,Friday,4,11:15,12:15,Principles of Cloud Management and Security,IT35,KSD_SDM,3,MCA,B,403,102,71,69.61,71.57,1.0,Theory,No,No,No,Rainy,No,10.8,Morning,Provided,Synthetic development data,60.0,61,31,7,79.08333333333333,4,90.0,0,0,0,0,Medium
03-08-2026,Monday,1,8:30,9:15,Mobile Application Development,IT31,SSP_Visiting,3,MCA,B,403,102,71,69.61,69.61,69.25,Theory,No,No,No,Rainy,No,8.5,Morning,Provided,Synthetic development data,45.0,64,32,8,74.83666666666666,1,93.0,0,0,0,0,Medium
03-08-2026,Monday,2,9:15,10:15,Mobile Application Development,IT31,SSP_Visiting,3,MCA,B,403,102,80,78.43,69.61,0.75,Theory,No,No,No,Cloudy,No,4.7,Morning,Provided,Synthetic development data,60.0,64,32,8,70.26333333333334,2,93.0,0,0,0,0,High
03-08-2026,Monday,3,10:15,11:15,Innovation and Entrepreneurship Development,IT34,JSP_Visiting,3,MCA,B,403,102,85,83.33,78.43,1.0,Theory,No,No,No,Sunny,No,13.4,Morning,Provided,Synthetic development data,60.0,64,32,8,72.55,3,93.0,0,0,0,0,High
03-08-2026,Monday,4,11:15,12:15,Innovation and Entrepreneurship Development,IT34,JSP_Visiting,3,MCA,B,403,102,70,68.63,83.33,1.0,Theory,No,No,No,Rainy,No,5.8,Morning,Provided,Synthetic development data,60.0,64,32,8,77.12333333333333,4,93.0,0,0,0,0,Medium
03-08-2026,Monday,5,13:30,15:30,"Practical based on Mobile Application Development, Machine Learning and Software Testing",IT31L,SSP_Visiting_SP_MLK_DPY,3,MCA,B,401/402,102,82,80.39,68.63,2.25,Practical,No,No,No,Sunny,No,5.7,Afternoon,Provided,Synthetic development data,120.0,64,32,8,76.79666666666667,5,93.0,0,0,0,0,High
04-08-2026,Tuesday,1,8:30,9:15,Mobile Application Development,IT31,SSP_Visiting,3,MCA,B,403,102,78,76.47,80.39,19.0,Theory,No,No,No,Cloudy,No,5.5,Morning,Provided,Synthetic development data,45.0,65,32,8,77.45,1,94.0,0,0,0,0,High
04-08-2026,Tuesday,2,9:15,10:15,Mobile Application Development,IT31,SSP_Visiting,3,MCA,B,403,102,81,79.41,76.47,0.75,Theory,No,No,No,Cloudy,No,12.0,Morning,Provided,Synthetic development data,60.0,65,32,8,75.16333333333333,2,94.0,0,0,0,0,High
04-08-2026,Tuesday,3,10:15,11:15,Data Science and Machine Learning,IT32,SP_MLK,3,MCA,B,403,102,76,74.51,79.41,1.0,Theory,No,No,No,Rainy,No,11.2,Morning,Provided,Synthetic development data,60.0,65,32,8,78.75666666666667,3,94.0,0,0,0,0,Medium
04-08-2026,Tuesday,4,11:15,12:15,Principles of Cloud Management and Security,IT35,KSD_SDM,3,MCA,B,403,102,79,77.45,74.51,1.0,Theory,No,No,No,Rainy,No,13.7,Morning,Provided,Synthetic development data,60.0,65,32,8,76.79666666666667,4,94.0,0,0,0,0,High
04-08-2026,Tuesday,5,13:30,15:30,Data Science and Machine Learning,IT32,SP_MLK,3,MCA,B,403,102,66,64.71,77.45,2.25,Theory,No,No,No,Cloudy,No,5.0,Afternoon,Provided,Synthetic development data,120.0,65,32,8,77.12333333333333,5,94.0,0,0,0,0,Medium
05-08-2026,Wednesday,1,8:30,9:15,Mobile Application Development,IT31,SSP_Visiting,3,MCA,B,403,102,85,83.33,64.71,19.0,Theory,No,No,No,Cloudy,No,12.2,Morning,Provided,Synthetic development data,45.0,66,32,8,72.22333333333334,1,95.0,0,0,0,0,High
05-08-2026,Wednesday,2,9:15,10:15,Mobile Application Development,IT31,SSP_Visiting,3,MCA,B,403,102,84,82.35,83.33,0.75,Theory,No,No,No,Cloudy,No,9.4,Morning,Provided,Synthetic development data,60.0,66,32,8,75.16333333333334,2,95.0,0,0,0,0,High
05-08-2026,Wednesday,3,10:15,11:15,Data Science and Machine Learning,IT32,SP_MLK,3,MCA,B,403,102,79,77.45,82.35,1.0,Theory,No,No,No,Rainy,No,6.0,Morning,Provided,Synthetic development data,60.0,66,32,8,76.79666666666667,3,95.0,0,0,0,0,High
05-08-2026,Wednesday,4,11:15,12:15,Principles of Cloud Management and Security,IT35,KSD_SDM,3,MCA,B,403,102,71,69.61,77.45,1.0,Theory,No,No,No,Rainy,No,2.5,Morning,Provided,Synthetic development data,60.0,66,32,8,81.04333333333334,4,95.0,0,0,0,0,Medium
05-08-2026,Wednesday,5,13:30,15:30,Innovation and Entrepreneurship Development,IT34,JSP_Visiting,3,MCA,B,403,102,74,72.55,69.61,2.25,Theory,No,No,No,Cloudy,No,12.6,Afternoon,Provided,Synthetic development data,120.0,66,32,8,76.47,5,95.0,0,0,0,0,Medium
06-08-2026,Thursday,1,8:30,9:15,Mobile Application Development,IT31,SSP_Visiting,3,MCA,B,403,102,77,75.49,72.55,19.0,Theory,No,No,No,Rainy,No,5.1,Morning,Provided,Synthetic development data,45.0,67,32,8,73.20333333333333,1,96.0,0,0,0,0,High
06-08-2026,Thursday,2,9:15,10:15,Mobile Application Development,IT31,SSP_Visiting,3,MCA,B,403,102,79,77.45,75.49,0.75,Theory,No,No,No,Rainy,No,10.2,Morning,Provided,Synthetic development data,60.0,67,32,8,72.55,2,96.0,0,0,0,0,High
06-08-2026,Thursday,3,10:15,11:15,Data Science and Machine Learning,IT32,SP_MLK,3,MCA,B,403,102,75,73.53,77.45,1.0,Theory,No,No,No,Cloudy,No,9.1,Morning,Provided,Synthetic development data,60.0,67,32,8,75.16333333333334,3,96.0,0,0,0,0,Medium
06-08-2026,Thursday,4,11:15,12:15,Software Testing and Quality Assurance,IT33,DPY,3,MCA,B,403,102,77,75.49,73.53,1.0,Theory,No,No,No,Sunny,No,2.1,Morning,Provided,Synthetic development data,60.0,67,32,8,75.49,4,96.0,0,0,0,0,High
06-08-2026,Thursday,5,13:30,15:30,"Practical based on Mobile Application Development, Machine Learning and Software Testing",IT31L,SSP_Visiting_SP_MLK_DPY,3,MCA,B,401/402,102,85,83.33,75.49,2.25,Practical,No,No,No,Rainy,No,14.9,Afternoon,Provided,Synthetic development data,120.0,67,32,8,75.49,5,96.0,0,0,0,0,High
07-08-2026,Friday,1,8:30,9:15,"Practical based on Mobile Application Development, Machine Learning and Software Testing",IT31L,SSP_Visiting_SP_MLK_DPY,3,MCA,B,401/402,102,80,78.43,83.33,19.0,Practical,No,No,No,Rainy,No,12.6,Morning,Provided,Synthetic development data,45.0,68,32,8,77.44999999999999,1,97.0,0,0,0,0,High
07-08-2026,Friday,2,9:15,10:15,"Practical based on Mobile Application Development, Machine Learning and Software Testing",IT31L,SSP_Visiting_SP_MLK_DPY,3,MCA,B,401/402,102,75,73.53,78.43,0.75,Practical,No,Yes,No,Sunny,No,8.3,Morning,Provided,Synthetic development data,60.0,68,32,8,79.08333333333333,2,97.0,0,1,0,0,Medium
07-08-2026,Friday,3,10:15,11:15,Data Science and Machine Learning,IT32,SP_MLK,3,MCA,B,403,102,77,75.49,73.53,1.0,Theory,No,No,No,Cloudy,No,10.8,Morning,Provided,Synthetic development data,60.0,68,32,8,78.43,3,97.0,0,0,0,0,High
07-08-2026,Friday,4,11:15,12:15,Principles of Cloud Management and Security,IT35,KSD_SDM,3,MCA,B,403,102,89,87.25,75.49,1.0,Theory,No,No,No,Sunny,No,8.2,Morning,Provided,Synthetic development data,60.0,68,32,8,75.81666666666668,4,97.0,0,0,0,0,High
10-08-2026,Monday,1,8:30,9:15,Mobile Application Development,IT31,SSP_Visiting,3,MCA,B,403,102,77,75.49,87.25,69.25,Theory,No,Yes,No,Sunny,No,11.7,Morning,Provided,Synthetic development data,45.0,71,33,8,78.75666666666666,1,100.0,0,1,0,0,High
10-08-2026,Monday,2,9:15,10:15,Mobile Application Development,IT31,SSP_Visiting,3,MCA,B,403,102,80,78.43,75.49,0.75,Theory,Yes,No,No,Cloudy,No,3.7,Morning,Provided,Synthetic development data,60.0,71,33,8,79.41000000000001,2,100.0,1,0,0,0,High
10-08-2026,Monday,3,10:15,11:15,Innovation and Entrepreneurship Development,IT34,JSP_Visiting,3,MCA,B,403,102,82,80.39,78.43,1.0,Theory,No,No,No,Cloudy,No,7.8,Morning,Provided,Synthetic development data,60.0,71,33,8,80.39,3,100.0,0,0,0,0,High
10-08-2026,Monday,4,11:15,12:15,Innovation and Entrepreneurship Development,IT34,JSP_Visiting,3,MCA,B,403,102,77,75.49,80.39,1.0,Theory,No,Yes,No,Cloudy,Yes,6.4,Morning,Provided,Synthetic development data,60.0,71,33,8,78.10333333333334,4,100.0,0,1,0,1,High
10-08-2026,Monday,5,13:30,15:30,"Practical based on Mobile Application Development, Machine Learning and Software Testing",IT31L,SSP_Visiting_SP_MLK_DPY,3,MCA,B,401/402,102,86,84.31,75.49,2.25,Practical,No,No,No,Cloudy,No,8.0,Afternoon,Provided,Synthetic development data,120.0,71,33,8,78.10333333333334,5,100.0,0,0,0,0,High
11-08-2026,Tuesday,1,8:30,9:15,Mobile Application Development,IT31,SSP_Visiting,3,MCA,B,403,102,78,76.47,84.31,19.0,Theory,No,No,No,Rainy,No,7.9,Morning,Provided,Synthetic development data,45.0,72,33,8,80.06333333333333,1,101.0,0,0,0,0,High
11-08-2026,Tuesday,2,9:15,10:15,Mobile Application Development,IT31,SSP_Visiting,3,MCA,B,403,102,84,82.35,76.47,0.75,Theory,No,No,No,Sunny,No,3.9,Morning,Provided,Synthetic development data,60.0,72,33,8,78.75666666666666,2,101.0,0,0,0,0,High
11-08-2026,Tuesday,3,10:15,11:15,Data Science and Machine Learning,IT32,SP_MLK,3,MCA,B,403,102,78,76.47,82.35,1.0,Theory,No,No,No,Sunny,No,14.7,Morning,Provided,Synthetic development data,60.0,72,33,8,81.04333333333334,3,101.0,0,0,0,0,High
11-08-2026,Tuesday,4,11:15,12:15,Principles of Cloud Management and Security,IT35,KSD_SDM,3,MCA,B,403,102,76,74.51,76.47,1.0,Theory,No,No,No,Sunny,No,2.2,Morning,Provided,Synthetic development data,60.0,72,33,8,78.42999999999999,4,101.0,0,0,0,0,Medium
11-08-2026,Tuesday,5,13:30,15:30,Data Science and Machine Learning,IT32,SP_MLK,3,MCA,B,403,102,75,73.53,74.51,2.25,Theory,No,No,No,Sunny,No,2.1,Afternoon,Provided,Synthetic development data,120.0,72,33,8,77.77666666666667,5,101.0,0,0,0,0,Medium
12-08-2026,Wednesday,1,8:30,9:15,Mobile Application Development,IT31,SSP_Visiting,3,MCA,B,403,102,77,75.49,73.53,19.0,Theory,No,No,No,Cloudy,No,6.9,Morning,Provided,Synthetic development data,45.0,73,33,8,74.83666666666667,1,102.0,0,0,0,0,High
12-08-2026,Wednesday,2,9:15,10:15,Mobile Application Development,IT31,SSP_Visiting,3,MCA,B,403,102,75,73.53,75.49,0.75,Theory,No,No,No,Rainy,No,10.1,Morning,Provided,Synthetic development data,60.0,73,33,8,74.51,2,102.0,0,0,0,0,Medium
12-08-2026,Wednesday,3,10:15,11:15,Data Science and Machine Learning,IT32,SP_MLK,3,MCA,B,403,102,75,73.53,73.53,1.0,Theory,No,No,No,Sunny,No,4.3,Morning,Provided,Synthetic development data,60.0,73,33,8,74.18333333333334,3,102.0,0,0,0,0,Medium
12-08-2026,Wednesday,4,11:15,12:15,Principles of Cloud Management and Security,IT35,KSD_SDM,3,MCA,B,403,102,77,75.49,73.53,1.0,Theory,No,No,No,Sunny,No,8.9,Morning,Provided,Synthetic development data,60.0,73,33,8,74.18333333333334,4,102.0,0,0,0,0,High
12-08-2026,Wednesday,5,13:30,15:30,Innovation and Entrepreneurship Development,IT34,JSP_Visiting,3,MCA,B,403,102,78,76.47,75.49,2.25,Theory,No,No,No,Cloudy,No,11.4,Afternoon,Provided,Synthetic development data,120.0,73,33,8,74.18333333333332,5,102.0,0,0,0,0,High
13-08-2026,Thursday,1,8:30,9:15,Mobile Application Development,IT31,SSP_Visiting,3,MCA,B,403,102,78,76.47,76.47,19.0,Theory,No,No,No,Sunny,No,3.2,Morning,Provided,Synthetic development data,45.0,74,33,8,75.16333333333333,1,103.0,0,0,0,0,High
13-08-2026,Thursday,2,9:15,10:15,Mobile Application Development,IT31,SSP_Visiting,3,MCA,B,403,102,72,70.59,76.47,0.75,Theory,No,No,No,Cloudy,No,14.8,Morning,Provided,Synthetic development data,60.0,74,33,8,76.14333333333333,2,103.0,0,0,0,0,Medium
13-08-2026,Thursday,3,10:15,11:15,Data Science and Machine Learning,IT32,SP_MLK,3,MCA,B,403,102,79,77.45,70.59,1.0,Theory,No,No,No,Cloudy,No,6.4,Morning,Provided,Synthetic development data,60.0,74,33,8,74.51,3,103.0,0,0,0,0,High
13-08-2026,Thursday,4,11:15,12:15,Software Testing and Quality Assurance,IT33,DPY,3,MCA,B,403,102,81,79.41,77.45,1.0,Theory,Yes,No,No,Rainy,No,10.4,Morning,Provided,Synthetic development data,60.0,74,33,8,74.83666666666666,4,103.0,1,0,0,0,High
13-08-2026,Thursday,5,13:30,15:30,"Practical based on Mobile Application Development, Machine Learning and Software Testing",IT31L,SSP_Visiting_SP_MLK_DPY,3,MCA,B,401/402,102,87,85.29,79.41,2.25,Practical,No,No,No,Rainy,No,3.4,Afternoon,Provided,Synthetic development data,120.0,74,33,8,75.81666666666666,5,103.0,0,0,0,0,High
